"0.62,-39.72,-9.64,2.51,2.50"
"0.83,-9.89,-9.81,2.49,2.49"
"1.03,-9.59,-9.84,2.51,2.48"
"1.24,-9.61,-9.75,2.51,2.48"
"1.45,-9.82,-9.57,2.51,2.49"
"1.66,-9.86,-9.68,2.50,2.49"
"1.87,-9.65,-9.89,2.51,2.48"
"2.08,-9.62,-9.77,2.50,2.48"
"2.28,-9.71,-9.61,2.50,2.48"
"2.49,-9.92,-9.75,2.50,2.49"
"2.70,-9.86,-9.80,2.50,2.48"
"2.91,-9.58,-9.86,2.49,2.48"
"3.12,-9.45,-9.74,2.51,2.47"
"3.33,-9.76,-9.56,2.51,2.48"
"3.53,-9.89,-9.56,2.49,2.48"
"3.74,-9.65,-9.92,2.50,2.48"
"3.95,-9.68,-9.77,2.51,2.49"
"4.16,-9.77,-9.77,2.50,2.48"
"4.37,-9.77,-9.66,2.50,2.50"
"4.58,-9.79,-9.89,2.51,2.49"
"4.78,-9.72,-9.81,2.50,2.48"
"4.99,-9.72,-9.89,2.51,2.48"
"5.20,-9.83,-9.51,2.50,2.49"
"5.41,-9.74,-9.67,2.51,2.49"
"5.62,-9.76,-9.95,2.50,2.48"
"5.82,-9.58,-9.62,2.51,2.48"
"6.03,-9.93,-9.41,2.51,2.50"
"6.24,-9.79,-9.68,2.50,2.49"
"6.45,-9.58,-9.99,2.51,2.48"
"6.66,-9.60,-9.86,2.51,2.48"
"6.87,-9.96,-9.61,2.51,2.48"
"7.07,-9.83,-9.67,2.50,2.49"
"7.28,-9.73,-9.89,2.51,2.49"
"7.49,-9.64,-9.67,2.50,2.48"
"7.70,-9.63,-9.69,2.51,2.50"
"7.91,-9.80,-9.71,2.50,2.51"
"8.12,-9.84,-9.87,2.50,2.48"
"8.32,-9.58,-9.61,2.50,2.48"
"8.53,-9.85,-9.70,2.50,2.49"
"8.74,-9.84,-9.74,2.51,2.48"
"8.95,-9.69,-9.67,2.51,2.48"
"9.16,-9.53,-9.74,2.50,2.47"
"9.36,-9.84,-9.61,2.53,2.49"
"9.57,-9.85,-9.84,2.51,2.48"
"9.78,-9.71,-9.73,2.50,2.47"
"9.99,-9.70,-9.56,2.51,2.49"
"10.20,-9.70,-9.56,2.50,2.50"
"10.41,-9.62,-9.91,2.50,2.50"
"10.61,-9.66,-9.68,2.50,2.48"
"10.82,-9.71,-9.64,2.50,2.48"
"11.03,-9.80,-9.61,2.51,2.49"
"11.24,-9.69,-9.78,2.51,2.50"
"11.45,-9.61,-9.88,2.50,2.49"
"11.66,-9.74,-9.64,2.49,2.48"
"11.86,-9.72,-9.77,2.51,2.49"
"12.07,-9.65,-9.83,2.51,2.49"
"12.28,-8.88,-11.30,2.51,2.49"
"12.49,-9.94,-9.77,2.51,2.50"
"12.70,-9.62,-10.01,2.50,2.49"
"12.91,-10.27,-8.70,2.51,2.50"
"13.11,-9.55,-10.89,2.50,2.47"
"13.32,-9.44,-9.95,2.51,2.48"
"13.53,-8.73,-9.77,2.50,2.49"
"13.74,-10.51,-10.98,2.51,2.48"
"13.95,-9.40,-9.36,2.51,2.49"
"14.16,-8.01,-13.51,2.50,2.49"
"14.36,-9.66,-10.62,2.51,2.50"
"14.57,-8.27,-10.24,2.50,2.49"
"14.78,-9.44,-9.77,2.50,2.48"
"14.99,-9.48,-9.89,2.51,2.49"
"15.20,-10.41,-10.24,2.51,2.48"
"15.41,-9.49,-9.83,2.50,2.48"
"15.61,-9.87,-9.81,2.51,2.48"
"15.82,-9.09,-9.87,2.50,2.48"
"16.03,-10.02,-10.05,2.51,2.50"
"16.24,-10.30,-9.57,2.51,2.48"
"16.45,-9.22,-9.64,2.51,2.49"
"16.66,-9.57,-10.24,2.50,2.49"
"16.86,-10.94,-9.15,2.51,2.49"
"17.07,-9.60,-9.46,2.52,2.48"
"17.28,-9.77,-9.82,2.50,2.47"
"17.49,-9.37,-9.81,2.51,2.49"
"17.70,-10.38,-9.64,2.49,2.48"
"17.91,-10.46,-9.62,2.51,2.48"
"18.11,-10.15,-8.66,2.50,2.49"
"18.32,-9.73,-10.35,2.51,2.48"
"18.53,-8.60,-10.60,2.50,2.48"
"18.74,-9.73,-8.88,2.50,2.49"
"18.95,-11.12,-9.13,2.50,2.49"
"19.15,-9.60,-9.91,2.51,2.48"
"19.36,-9.48,-10.36,2.50,2.48"
"19.57,-8.67,-9.30,2.50,2.49"
"19.78,-9.37,-8.68,2.50,2.48"
"19.99,-9.24,-8.23,2.50,2.49"
"20.20,-9.92,-8.31,2.52,2.48"
"20.41,-10.48,-10.36,2.50,2.48"
"20.61,-9.97,-9.70,2.49,2.47"
"20.82,-10.15,-10.45,2.50,2.48"
"21.03,-8.76,-8.09,2.50,2.48"
"21.24,-10.41,-9.66,2.52,2.50"
"21.45,-9.16,-9.22,2.50,2.47"
"21.66,-9.90,-9.65,2.50,2.50"
"21.86,-9.77,-10.20,2.51,2.49"
"22.07,-9.98,-10.14,2.50,2.48"
"22.28,-9.17,-10.73,2.50,2.48"
"22.49,-8.88,-9.06,2.51,2.49"
"22.70,-9.73,-9.22,2.51,2.48"
"22.90,-10.33,-9.67,2.50,2.48"
"23.11,-9.04,-9.02,2.51,2.50"
"23.32,-9.85,-9.80,2.50,2.49"
"23.53,-9.03,-11.37,2.50,2.48"
"23.74,-9.54,-9.69,2.51,2.48"
"23.95,-9.47,-9.61,2.52,2.49"
"24.16,-9.76,-9.56,2.51,2.48"
"24.36,-9.87,-9.53,2.50,2.48"
"24.57,-9.67,-9.68,2.50,2.50"
"24.78,-9.78,-9.89,2.51,2.49"
"24.99,-9.74,-9.67,2.50,2.48"
"25.20,-9.91,-9.62,2.50,2.49"
"25.40,-9.91,-9.43,2.51,2.48"
"25.61,-9.70,-9.67,2.50,2.48"
"25.82,-9.63,-9.76,2.51,2.48"
"26.03,-9.72,-9.77,2.51,2.47"
"26.24,-9.77,-9.68,2.51,2.49"
"26.45,-9.77,-9.64,2.50,2.48"
"26.65,-9.77,-9.67,2.50,2.48"
"26.86,-9.70,-9.78,2.51,2.49"
"27.07,-9.60,-9.71,2.50,2.49"
"27.28,-9.61,-10.26,2.51,2.49"
"27.49,-9.49,-9.96,2.50,2.49"
"27.70,-9.71,-9.75,2.51,2.48"
"27.90,-7.73,-11.67,2.51,2.48"
"28.11,-10.18,-10.08,2.50,2.48"
"28.32,-15.59,-3.66,2.51,2.51"
"28.53,-7.82,1.00,2.50,2.50"
"28.74,-10.64,-2.38,2.51,2.48"
"28.95,-9.58,-10.22,2.50,2.49"
"29.15,-8.40,-8.50,2.50,2.48"
"29.36,-10.65,-13.92,2.51,2.48"
"29.57,-5.52,-5.42,2.52,2.50"
"29.78,-8.37,-10.13,2.49,2.48"
"29.99,-11.92,-9.59,2.51,2.48"
"30.20,-6.56,-8.60,2.50,2.49"
"30.40,-9.68,-8.10,2.51,2.49"
"30.61,-11.58,-8.56,2.49,2.48"
"30.82,-8.79,-13.13,2.48,2.48"
"31.03,-11.01,-12.44,2.49,2.48"
"31.24,-5.51,-11.01,2.51,2.49"
"31.45,-7.98,-10.03,2.50,2.49"
"31.65,-11.53,-8.90,2.51,2.48"
"31.86,-6.60,-4.73,2.51,2.50"
"32.07,-8.58,-6.61,2.52,2.49"
"32.28,-10.07,-6.09,2.50,2.48"
"32.49,-11.91,-10.13,2.50,2.48"
"32.70,-7.20,-11.22,2.51,2.49"
"32.90,-7.73,-9.16,2.49,2.48"
"33.11,-9.79,-11.50,2.50,2.48"
"33.32,-10.70,-10.71,2.51,2.49"
"33.53,-12.24,-12.92,2.50,2.49"
"33.74,-9.98,-9.03,2.52,2.49"
"33.95,-8.14,-11.53,2.51,2.49"
"34.15,-9.30,-10.71,2.52,2.49"
"34.36,-11.17,-3.67,2.50,2.49"
"34.57,-7.55,-14.61,2.50,2.48"
"34.78,-9.57,-11.32,2.50,2.49"
"34.99,-7.13,-12.74,2.51,2.48"
"35.20,-8.79,-9.51,2.50,2.49"
"35.40,-10.93,-10.70,2.50,2.48"
"35.61,-5.56,-10.27,2.50,2.48"
"35.82,-9.35,-8.09,2.50,2.50"
"36.03,-9.03,-7.52,2.51,2.49"
"36.24,-11.94,-5.05,2.51,2.49"
"36.45,-14.57,-13.74,2.51,2.48"
"36.66,-5.31,-7.01,2.53,2.51"
"36.86,-8.32,-10.13,2.50,2.49"
"37.07,-9.38,-5.36,2.52,2.49"
"37.28,-11.37,-10.87,2.50,2.49"
"37.49,-12.14,-11.60,2.52,2.47"
"37.70,-7.33,-9.13,2.50,2.48"
"37.90,-8.78,-11.68,2.51,2.48"
"38.11,-11.65,-14.64,2.50,2.49"
"38.32,-6.82,-4.67,2.50,2.49"
"38.53,-9.75,-5.83,2.52,2.50"
"38.74,-8.86,-11.71,2.50,2.48"
"38.95,-11.63,-6.65,2.51,2.49"
"39.15,-5.21,-8.99,2.50,2.49"
"39.36,-11.08,-7.84,2.50,2.48"
"39.57,-9.19,-9.02,2.51,2.49"
"39.78,-7.19,-10.46,2.49,2.49"
"39.99,-10.81,-9.44,2.52,2.50"
"40.20,-14.77,-13.71,2.51,2.49"
"40.41,-6.12,-5.92,2.50,2.48"
"40.61,-7.45,-11.87,2.49,2.49"
"40.82,-12.08,-11.03,2.52,2.50"
"41.03,-9.14,-13.21,2.49,2.48"
"41.24,-9.22,-5.82,2.49,2.48"
"41.45,-8.17,-7.87,2.50,2.48"
"41.65,-2.83,-1.12,2.49,2.50"
"41.86,-13.16,-9.66,2.49,2.49"
"42.07,-12.89,-10.07,2.51,2.50"
"42.28,-11.38,-11.69,2.48,2.47"
"42.49,-7.96,-9.23,2.50,2.48"
"42.70,-10.59,-9.68,2.50,2.48"
"42.90,-11.74,-10.70,2.51,2.49"
"43.11,-8.88,-6.71,2.50,2.49"
"43.32,-9.78,-7.63,2.50,2.49"
"43.53,-13.83,-14.08,2.51,2.50"
"43.74,-9.15,-7.45,2.51,2.48"
"43.95,-12.44,-10.64,2.50,2.49"
"44.15,-8.39,-9.56,2.50,2.48"
"44.36,-8.08,-9.79,2.50,2.49"
"44.57,-6.75,-8.17,2.50,2.49"
"44.78,-9.74,-10.21,2.50,2.48"
"44.99,-7.19,-10.39,2.50,2.48"
"45.20,-11.05,-9.04,2.50,2.49"
"45.41,-10.66,-10.95,2.50,2.49"
"45.61,-7.11,-9.08,2.50,2.49"
"45.82,-6.97,-10.38,2.51,2.48"
"46.03,-14.44,-12.93,2.50,2.49"
"46.24,-9.35,-8.54,2.51,2.48"
"46.45,-8.62,-11.86,2.50,2.48"
"46.65,-7.04,-10.79,2.50,2.48"
"46.86,-8.98,-9.62,2.50,2.49"
"47.07,-13.55,-9.17,2.51,2.49"
"47.28,-6.58,-5.81,2.51,2.49"
"47.49,-9.57,-7.99,2.50,2.49"
"47.70,-10.46,-10.77,2.50,2.49"
"47.90,-11.68,-3.75,2.49,2.49"
"48.11,-10.49,-11.49,2.50,2.48"
"48.32,-9.72,-8.52,2.51,2.49"
"48.53,-12.82,-7.30,2.51,2.48"
"48.74,-7.21,-7.61,2.51,2.48"
"48.95,-9.26,-7.69,2.52,2.48"
"49.16,-11.56,-13.01,2.50,2.48"
"49.36,-11.88,-9.24,2.50,2.48"
"49.57,-8.05,-11.48,2.50,2.48"
"49.78,-8.78,-17.30,2.50,2.48"
"49.99,-9.03,-7.76,2.50,2.48"
"50.20,-10.81,-14.53,2.50,2.49"
"50.40,-11.60,-10.63,2.51,2.48"
"50.61,-15.75,-16.81,2.50,2.49"
"50.82,-7.35,-9.80,2.51,2.48"
"51.03,-13.72,-10.39,2.51,2.49"
"51.24,-9.73,-10.24,2.50,2.49"
"51.45,-6.47,-13.13,2.49,2.48"
"51.65,-11.99,-9.99,2.51,2.49"
"51.86,-8.82,-10.05,2.50,2.49"
"52.07,-9.15,-9.46,2.50,2.49"
"52.28,-9.30,-9.83,2.49,2.48"
"52.49,-11.98,-7.23,2.51,2.48"
"52.70,-6.28,-9.50,2.51,2.48"
"52.90,-11.49,-11.03,2.51,2.49"
"53.11,-9.21,-8.01,2.50,2.48"
"53.32,-7.38,-11.24,2.51,2.50"
"53.53,-9.56,-12.07,2.50,2.49"
"53.74,-11.80,-7.79,2.50,2.49"
"53.95,-8.63,-10.72,2.50,2.49"
"54.16,-7.38,-10.21,2.51,2.49"
"54.36,-10.88,-9.13,2.49,2.48"
"54.57,-8.00,-10.49,2.50,2.50"
"54.78,-9.69,-9.33,2.51,2.49"
"54.99,-10.31,-6.70,2.51,2.48"
"55.20,-9.62,-8.49,2.49,2.48"
"55.40,-10.05,-12.49,2.50,2.48"
"55.61,-11.72,-10.23,2.51,2.49"
"55.82,-4.11,-11.01,2.49,2.50"
"56.03,-9.36,-6.61,2.49,2.49"
"56.24,-7.28,-10.81,2.50,2.48"
"56.45,-9.16,-7.90,2.50,2.48"
"56.65,-11.03,-9.00,2.50,2.49"
"56.86,-9.26,-9.12,2.50,2.49"
"57.07,-9.13,-8.54,2.50,2.49"
"57.28,-9.96,-10.96,2.49,2.48"
"57.49,-8.73,-6.80,2.49,2.49"
"57.70,-7.05,-10.28,2.50,2.48"
"57.91,-10.27,-9.79,2.50,2.49"
"58.11,-9.52,-8.55,2.50,2.48"
"58.32,-9.93,-7.97,2.50,2.48"
"58.53,-10.57,-12.21,2.51,2.48"
"58.74,-10.52,-8.32,2.50,2.48"
"58.95,-8.46,-9.41,2.52,2.50"
"59.15,-10.99,-11.41,2.53,2.50"
"59.36,-9.84,-7.69,2.51,2.49"
"59.57,-10.10,-8.93,2.47,2.47"
"59.78,-8.24,-10.84,2.50,2.49"
"59.99,-9.00,-13.18,2.51,2.49"
"60.20,-11.50,-9.28,2.51,2.50"
"60.40,-9.70,-9.01,2.52,2.50"
"60.61,-10.29,-11.96,2.51,2.48"
"60.82,-9.70,-8.78,2.52,2.48"
"61.03,-9.20,-7.73,2.51,2.50"
"61.24,-9.28,-9.11,2.50,2.49"
"61.45,-12.40,-9.88,2.50,2.49"
"61.65,-10.59,-10.06,2.50,2.50"
"61.86,-10.91,-8.56,2.51,2.49"
"62.07,-7.50,-10.36,2.50,2.50"
"62.28,-10.02,-10.29,2.50,2.49"
"62.49,-8.93,-11.01,2.51,2.50"
"62.70,-11.83,-9.08,2.50,2.50"
"62.90,-9.94,-11.23,2.50,2.48"
"63.11,-10.43,-10.13,2.50,2.49"
"63.32,-11.54,-9.78,2.52,2.49"
"63.53,-11.10,-6.24,2.50,2.48"
"63.74,-6.14,-10.56,2.51,2.50"
"63.95,-10.45,-8.37,2.50,2.48"
"64.15,-8.85,-11.60,2.51,2.48"
"64.36,-10.47,-9.44,2.51,2.48"
"64.57,-10.33,-6.53,2.51,2.47"
"64.78,-9.34,-5.98,2.50,2.49"
"64.99,-10.50,-11.19,2.51,2.49"
"65.20,-10.52,-10.32,2.51,2.49"
"65.40,-11.27,-10.75,2.52,2.49"
"65.61,-10.20,-9.30,2.51,2.51"
"65.82,-8.92,-7.62,2.52,2.50"
"66.03,-7.67,-11.62,2.49,2.49"
"66.24,-10.01,-9.50,2.50,2.48"
"66.45,-8.95,-10.67,2.50,2.49"
"66.65,-10.16,-8.55,2.50,2.49"
"66.86,-7.76,-13.72,2.49,2.48"
"67.07,-10.44,-7.63,2.51,2.49"
"67.28,-7.58,-9.02,2.51,2.48"
"67.49,-10.86,-11.32,2.49,2.48"
"67.70,-9.82,-8.08,2.51,2.48"
"67.90,-9.13,-8.72,2.51,2.50"
"68.11,-10.85,-7.82,2.50,2.48"
"68.32,-8.61,-11.92,2.51,2.49"
"68.53,-12.18,-9.57,2.52,2.50"
"68.74,-9.08,-9.57,2.52,2.49"
"68.95,-8.00,-9.50,2.51,2.49"
"69.15,-8.62,-10.54,2.50,2.49"
"69.36,-10.66,-10.86,2.51,2.48"
"69.57,-7.11,-8.51,2.51,2.50"
"69.78,-9.71,-9.15,2.52,2.50"
"69.99,-10.07,-11.77,2.51,2.49"
"70.20,-11.09,-10.85,2.51,2.49"
"70.41,-10.01,-9.18,2.50,2.49"
"70.61,-9.92,-8.05,2.50,2.50"
"70.82,-9.81,-13.68,2.50,2.49"
"71.03,-9.67,-9.28,2.52,2.50"
"71.24,-8.98,-8.09,2.50,2.49"
"71.45,-5.44,-11.00,2.51,2.50"
"71.65,-10.87,-10.44,2.50,2.48"
"71.86,-9.89,-9.17,2.51,2.50"
"72.07,-6.27,-5.37,2.50,2.51"
"72.28,-11.16,-7.57,2.50,2.48"
"72.49,-7.87,-10.68,2.51,2.49"
"72.70,-5.91,-7.94,2.50,2.50"
"72.90,-8.82,-10.61,2.50,2.50"
"73.11,-8.54,-9.40,2.51,2.50"
"73.32,-8.19,-9.57,2.52,2.48"
"73.53,-8.66,-8.59,2.50,2.51"
"73.74,-7.31,-7.86,2.51,2.49"
"73.95,-8.57,-11.27,2.50,2.49"
"74.15,-7.35,-6.58,2.50,2.49"
"74.36,-9.52,-11.08,2.50,2.50"
"74.57,-10.60,-11.23,2.51,2.49"
"74.78,-6.86,-9.17,2.49,2.49"
"74.99,-8.65,-10.05,2.51,2.49"
"75.20,-11.07,-8.20,2.51,2.48"
"75.40,-10.30,-11.36,2.52,2.50"
"75.61,-9.42,-11.12,2.51,2.49"
"75.82,-9.22,-6.68,2.50,2.49"
"76.03,-7.88,-9.59,2.51,2.50"
"76.24,-8.39,-10.85,2.51,2.50"
"76.45,-11.99,-11.45,2.51,2.50"
"76.65,-8.52,-10.65,2.53,2.50"
"76.86,-8.80,-10.27,2.51,2.49"
"77.07,-10.80,-7.97,2.50,2.50"
"77.28,-8.24,-8.34,2.50,2.50"
"77.49,-10.60,-8.57,2.51,2.49"
"77.70,-9.35,-7.69,2.51,2.50"
"77.90,-8.36,-11.12,2.51,2.49"
"78.11,-11.89,-9.54,2.52,2.49"
"78.32,-10.44,-9.87,2.53,2.49"
"78.53,-9.15,-10.49,2.52,2.48"
"78.74,-11.03,-9.90,2.50,2.49"
"78.95,-6.64,-8.02,2.50,2.49"
"79.15,-7.87,-10.31,2.50,2.50"
"79.36,-11.51,-8.88,2.51,2.49"
"79.57,-10.30,-12.16,2.51,2.49"
"79.78,-8.23,-9.94,2.52,2.49"
"79.99,-9.92,-9.21,2.52,2.49"
"80.20,-12.71,-11.12,2.49,2.48"
"80.40,-9.96,-12.11,2.51,2.49"
"80.61,-11.26,-8.45,2.50,2.48"
"80.82,-11.50,-9.43,2.51,2.49"
"81.03,-11.86,-9.71,2.52,2.50"
"81.24,-9.01,-10.51,2.50,2.47"
"81.45,-10.74,-10.93,2.51,2.49"
"81.65,-10.10,-9.06,2.51,2.49"
"81.86,-6.07,-11.40,2.51,2.49"
"82.07,-8.25,-6.53,2.52,2.49"
"82.28,-8.36,-8.75,2.51,2.48"
"82.49,-8.25,-9.32,2.52,2.49"
"82.70,-7.84,-9.68,2.51,2.49"
"82.90,-11.02,-10.87,2.49,2.48"
"83.11,-11.15,-10.92,2.51,2.48"
"83.32,-9.52,-7.84,2.51,2.49"
"83.53,-8.89,-8.47,2.51,2.50"
"83.74,-9.43,-9.56,2.51,2.49"
"83.95,-13.42,-7.64,2.53,2.49"
"84.15,-8.32,-10.23,2.50,2.49"
"84.36,-11.11,-10.39,2.50,2.48"
"84.57,-10.79,-11.03,2.52,2.49"
"84.78,-10.24,-8.97,2.51,2.49"
"84.99,-9.17,-11.55,2.51,2.49"
"85.20,-10.88,-11.87,2.50,2.48"
"85.40,-9.38,-8.83,2.49,2.47"
"85.61,-7.57,-9.01,2.51,2.51"
"85.82,-8.90,-9.50,2.51,2.50"
"86.03,-7.36,-6.93,2.50,2.49"
"86.24,-10.57,-10.40,2.50,2.49"
"86.45,-5.36,-7.94,2.51,2.48"
"86.65,-11.76,-10.23,2.51,2.48"
"86.86,-6.65,-5.60,2.50,2.49"
"87.07,-9.96,-12.82,2.50,2.48"
"87.28,-11.20,-10.46,2.52,2.48"
"87.49,-9.34,-9.71,2.51,2.49"
"87.70,-12.50,-10.65,2.49,2.48"
"87.90,-7.80,-8.09,2.50,2.49"
"88.11,-14.64,-15.70,2.51,2.48"
"88.32,-3.78,-7.04,2.50,2.49"
"88.53,-8.61,-10.27,2.49,2.49"
"88.74,-10.47,-7.56,2.49,2.49"
"88.95,-6.72,-11.52,2.52,2.50"
"89.15,-9.36,-12.97,2.50,2.49"
"89.36,-8.32,-3.38,2.49,2.50"
"89.57,-12.38,-15.31,2.52,2.49"
"89.78,-10.48,-11.78,2.52,2.50"
"89.99,-9.84,-9.95,2.50,2.50"
"90.20,-7.36,-9.43,2.52,2.49"
"90.40,-8.54,-1.29,2.49,2.48"
"90.61,-4.79,-9.79,2.52,2.51"
"90.82,-11.55,-12.39,2.51,2.50"
"91.03,-6.05,-10.94,2.52,2.49"
"91.24,-10.93,-12.25,2.51,2.49"
"91.45,-12.04,-9.71,2.51,2.49"
"91.65,-13.81,-15.21,2.50,2.49"
"91.86,-14.98,-6.89,2.52,2.49"
"92.07,-6.21,-11.51,2.51,2.50"
"92.28,-7.79,-7.22,2.51,2.49"
"92.49,-6.39,-10.78,2.50,2.48"
"92.70,-11.38,-8.77,2.50,2.51"
"92.90,-1.92,-5.16,2.49,2.49"
"93.11,-9.65,-7.35,2.51,2.47"
"93.32,-11.37,-12.58,2.50,2.49"
"93.53,-7.71,-3.14,2.50,2.48"
"93.74,-10.70,-11.45,2.53,2.49"
"93.95,-10.79,-8.15,2.51,2.49"
"94.15,-8.74,-6.88,2.51,2.50"
"94.36,-15.98,-10.93,2.52,2.48"
"94.57,-9.54,-7.05,2.52,2.50"
"94.78,-6.24,-13.48,2.49,2.49"
"94.99,-5.45,-4.96,2.51,2.48"
"95.20,-15.54,-11.99,2.51,2.49"
"95.40,-9.70,-12.59,2.51,2.48"
"95.61,-8.60,-11.89,2.51,2.49"
"95.82,-8.98,-7.98,2.52,2.48"
"96.03,-13.45,-11.69,2.51,2.49"
"96.24,-8.81,-8.18,2.50,2.50"
"96.45,-7.30,-9.47,2.52,2.49"
"96.65,-12.50,-10.18,2.51,2.49"
"96.86,-7.53,-7.11,2.50,2.49"
"97.07,-5.40,-8.25,2.52,2.48"
"97.28,-11.41,-11.94,2.51,2.49"
"97.49,-9.76,-15.32,2.50,2.50"
"97.70,-10.43,-8.30,2.51,2.48"
"97.90,-12.85,-8.37,2.51,2.49"
"98.11,-17.88,-11.53,2.51,2.50"
"98.32,-12.10,-12.12,2.49,2.48"
"98.53,-11.27,-10.88,2.50,2.49"
"98.74,-7.74,-6.31,2.51,2.48"
"98.95,-7.63,-6.96,2.51,2.50"
"99.15,-9.35,-8.19,2.52,2.48"
"99.36,-3.87,-9.04,2.51,2.50"
"99.57,-8.52,-9.90,2.50,2.50"
"99.78,-11.79,-7.99,2.50,2.49"
"99.99,-17.14,-17.97,2.50,2.49"
"100.20,-10.25,-5.83,2.50,2.48"
"100.40,-7.73,-9.21,2.50,2.50"
"100.61,-7.57,-7.15,2.51,2.48"
"100.82,-12.24,-7.49,2.50,2.49"
"101.03,-11.50,-11.30,2.51,2.49"
"101.24,-11.44,-15.83,2.50,2.47"
"101.45,-13.77,-13.31,2.52,2.49"
"101.65,-11.40,-7.10,2.51,2.50"
"101.86,-6.93,-10.03,2.50,2.49"
"102.07,-10.78,-17.85,2.51,2.49"
"102.28,-12.21,-3.23,2.51,2.48"
"102.49,-11.12,-8.17,2.49,2.51"
"102.70,-13.05,-10.13,2.47,2.48"
"102.90,-13.28,-14.47,2.50,2.50"
"103.11,-14.71,-12.99,2.51,2.50"
"103.32,-5.60,-3.63,2.51,2.49"
"103.53,-2.66,-5.45,2.51,2.50"
"103.74,-12.54,-12.11,2.51,2.49"
"103.95,-11.14,-13.95,2.51,2.49"
"104.16,-6.95,-4.66,2.51,2.49"
"104.36,-10.74,-12.63,2.52,2.50"
"104.57,-7.16,-9.05,2.52,2.49"
"104.78,-10.88,-11.93,2.50,2.49"
"104.99,-7.14,-3.90,2.52,2.49"
"105.20,-9.76,-10.30,2.51,2.49"
"105.41,-11.92,-5.20,2.51,2.47"
"105.61,-8.40,-5.63,2.50,2.49"
"105.82,-10.30,-12.59,2.48,2.49"
"106.03,-10.18,-15.33,2.50,2.50"
"106.24,-10.33,-7.84,2.49,2.49"
"106.45,-10.79,-11.73,2.50,2.48"
"106.66,-11.19,-11.04,2.51,2.49"
"106.86,-3.87,-6.60,2.48,2.49"
"107.07,-9.28,-9.69,2.51,2.49"
"107.28,-7.63,-9.12,2.49,2.49"
"107.49,-11.41,-11.76,2.49,2.50"
"107.70,-9.49,-7.81,2.49,2.49"
"107.91,-10.21,-9.53,2.51,2.50"
"108.11,-8.60,-10.17,2.50,2.48"
"108.32,-12.07,-9.53,2.51,2.49"
"108.53,-6.84,-6.52,2.51,2.48"
"108.74,-10.23,-9.00,2.51,2.48"
"108.95,-7.76,-9.16,2.51,2.50"
"109.16,-9.40,-10.73,2.51,2.50"
"109.36,-14.74,-13.40,2.50,2.49"
"109.57,-12.35,-9.85,2.52,2.48"
"109.78,-3.80,-3.60,2.50,2.50"
"109.99,-13.30,-7.49,2.51,2.50"
"110.20,-10.70,-9.73,2.51,2.49"
"110.41,-8.29,-9.53,2.49,2.50"
"110.61,-10.76,-12.08,2.51,2.48"
"110.82,-10.34,-10.42,2.50,2.49"
"111.03,-14.29,-9.83,2.51,2.51"
"111.24,-5.57,-8.26,2.51,2.49"
"111.45,-11.75,-11.07,2.50,2.49"
"111.66,-11.08,-8.09,2.51,2.49"
"111.86,-7.63,-9.39,2.50,2.50"
"112.07,-12.44,-7.21,2.49,2.49"
"112.28,-6.33,-3.24,2.50,2.50"
"112.49,-10.17,-16.65,2.50,2.50"
"112.70,-6.83,-9.22,2.49,2.49"
"112.91,-10.50,-10.56,2.50,2.50"
"113.12,-13.97,-8.00,2.48,2.49"
"113.32,-8.50,-11.50,2.49,2.49"
"113.53,-2.23,-6.08,2.51,2.48"
"113.74,-10.50,-5.32,2.51,2.50"
"113.95,-9.64,-8.70,2.50,2.50"
"114.16,-11.22,-10.72,2.51,2.50"
"114.37,-11.47,-11.23,2.49,2.49"
"114.57,-11.91,-8.47,2.52,2.49"
"114.78,-7.18,-11.43,2.51,2.50"
"114.99,-10.82,-11.40,2.51,2.48"
"115.20,-6.09,-16.81,2.49,2.48"
"115.41,-12.80,-10.07,2.51,2.49"
"115.62,-10.58,-6.46,2.52,2.50"
"115.82,-12.15,-13.80,2.49,2.49"
"116.03,-5.65,-6.35,2.50,2.51"
"116.24,-10.01,-11.75,2.50,2.50"
"116.45,-15.71,-12.35,2.50,2.49"
"116.66,-7.22,-6.25,2.51,2.50"
"116.87,-14.78,-8.96,2.52,2.49"
"117.07,-13.84,-13.37,2.49,2.48"
"117.28,-3.65,-8.44,2.51,2.49"
"117.49,-9.11,-11.01,2.50,2.50"
"117.70,-13.14,-13.71,2.50,2.49"
"117.91,-11.74,-12.34,2.51,2.49"
"118.12,-11.79,-14.93,2.53,2.50"
"118.33,-17.90,-13.05,2.50,2.48"
"118.54,-9.90,-8.05,2.50,2.50"
"118.74,-11.76,-14.32,2.51,2.51"
"118.95,-10.18,-15.53,2.50,2.48"
"119.16,-10.74,-10.21,2.51,2.49"
"119.37,-12.57,-7.20,2.51,2.49"
"119.58,-11.75,-9.06,2.52,2.49"
"119.79,-10.11,-6.76,2.50,2.50"
"119.99,-12.35,-7.32,2.49,2.49"
"120.20,-7.40,-9.48,2.49,2.49"
"120.41,-8.62,-4.78,2.51,2.48"
"120.62,-13.52,-14.07,2.53,2.50"
"120.83,-11.71,-9.92,2.50,2.49"
"121.04,-5.77,-5.92,2.52,2.49"
"121.24,-13.06,-13.56,2.52,2.50"
"121.45,-23.61,-16.68,2.49,2.48"
"121.66,-6.09,-4.01,2.51,2.52"
"121.87,-5.50,-4.59,2.49,2.49"
"122.08,-11.66,-10.66,2.51,2.49"
"122.29,-4.69,-9.74,2.50,2.49"
"122.49,-7.33,-5.96,2.51,2.48"
"122.70,-6.73,-7.76,2.54,2.51"
"122.91,-12.31,-10.08,2.51,2.48"
"123.12,-14.71,-12.36,2.49,2.49"
"123.33,-12.52,-11.80,2.51,2.48"
"123.54,-3.90,-7.09,2.51,2.50"
"123.74,-7.30,-15.87,2.50,2.49"
"123.95,-8.91,-6.63,2.50,2.51"
"124.16,-11.20,-8.76,2.51,2.49"
"124.37,-6.51,-5.35,2.52,2.49"
"124.58,-2.36,-4.45,2.50,2.49"
"124.79,-12.89,-10.43,2.49,2.48"
"124.99,-12.02,-11.16,2.50,2.49"
"125.20,-5.53,-11.65,2.52,2.49"
"125.41,-13.09,-8.00,2.50,2.49"
"125.62,-9.42,-8.17,2.50,2.50"
"125.83,-14.43,-9.91,2.50,2.50"
"126.04,-10.45,-11.31,2.51,2.49"
"126.24,-7.38,-10.09,2.52,2.50"
"126.45,-6.31,-7.83,2.50,2.49"
"126.66,-11.18,-5.40,2.51,2.51"
"126.87,-4.32,-9.78,2.48,2.49"
"127.08,-10.87,-12.39,2.50,2.51"
"127.29,-13.72,-8.75,2.50,2.50"
"127.50,-10.01,-9.43,2.51,2.49"
"127.70,-5.16,-9.77,2.51,2.50"
"127.91,-9.51,-13.57,2.51,2.49"
"128.12,-10.13,-9.61,2.50,2.48"
"128.33,-10.32,-7.91,2.49,2.50"
"128.54,-10.69,-10.64,2.51,2.50"
"128.75,-6.92,-8.91,2.51,2.50"
"128.95,-7.77,-5.59,2.51,2.49"
"129.16,-11.65,-9.52,2.50,2.50"
"129.37,-7.60,-8.04,2.50,2.47"
"129.58,-8.00,-6.50,2.50,2.49"
"129.79,-4.93,-5.62,2.51,2.49"
"130.00,-11.90,-13.14,2.50,2.48"
"130.20,-11.28,-8.05,2.52,2.49"
"130.41,-10.95,-11.36,2.51,2.50"
"130.62,-5.50,-3.49,2.52,2.49"
"130.83,-14.34,-9.61,2.49,2.48"
"131.04,-6.85,-7.72,2.51,2.50"
"131.25,-11.90,-11.80,2.49,2.48"
"131.45,-6.87,-7.57,2.51,2.50"
"131.66,-6.33,-9.26,2.50,2.50"
"131.87,-7.30,-13.86,2.50,2.49"
"132.08,-10.58,-9.17,2.50,2.49"
"132.29,-15.70,-12.42,2.51,2.50"
"132.50,-11.40,-8.54,2.52,2.50"
"132.70,-16.52,-9.51,2.50,2.49"
"132.91,-15.07,-7.90,2.50,2.48"
"133.12,-8.35,-15.34,2.51,2.49"
"133.33,-9.53,-11.81,2.50,2.48"
"133.54,-11.02,-11.84,2.50,2.49"
"133.75,-9.63,-11.70,2.49,2.49"
"133.95,-13.73,-17.82,2.50,2.46"
"134.16,-7.15,-6.67,2.51,2.50"
"134.37,-10.06,-13.12,2.50,2.49"
"134.58,-5.44,-7.94,2.51,2.48"
"134.79,-14.84,-12.59,2.51,2.50"
"135.00,-8.50,-9.95,2.51,2.48"
"135.20,-11.03,-10.94,2.50,2.48"
"135.41,-13.34,-8.91,2.51,2.49"
"135.62,-6.52,-8.28,2.49,2.49"
"135.83,-9.57,-12.90,2.51,2.49"
"136.04,-6.41,-9.85,2.52,2.51"
"136.25,-13.02,-9.96,2.51,2.49"
"136.46,-7.12,-10.00,2.52,2.49"
"136.66,-15.20,-9.17,2.52,2.49"
"136.87,-7.80,-9.74,2.50,2.49"
"137.08,-11.39,-8.03,2.51,2.50"
"137.29,-8.71,-12.02,2.50,2.49"
"137.50,-5.18,-6.39,2.51,2.48"
"137.71,-7.05,-10.94,2.48,2.47"
"137.91,-1.92,-7.73,2.51,2.50"
"138.12,-13.63,-12.15,2.51,2.49"
"138.33,-9.53,-9.34,2.51,2.48"
"138.54,-6.37,-8.46,2.52,2.49"
"138.75,-0.25,3.98,2.51,2.50"
"138.96,-13.08,-15.69,2.48,2.49"
"139.16,-7.46,-8.25,2.51,2.49"
"139.37,-4.80,-4.74,2.50,2.50"
"139.58,-9.18,-4.14,2.50,2.47"
"139.79,1.31,-5.15,2.52,2.50"
"140.00,-13.46,-11.61,2.50,2.48"
"140.21,-7.89,-13.90,2.49,2.48"
"140.41,2.61,1.46,2.53,2.49"
"140.62,-11.42,-13.66,2.50,2.50"
"140.83,-4.24,-9.43,2.51,2.49"
"141.04,-3.90,-5.97,2.50,2.48"
"141.25,-4.16,-9.85,2.49,2.51"
"141.46,-6.39,-8.42,2.49,2.47"
"141.66,-2.53,-3.90,2.50,2.47"
"141.87,-12.82,-10.08,2.50,2.49"
"142.08,-8.48,-15.10,2.50,2.49"
"142.29,-5.34,-7.17,2.50,2.48"
"142.50,-11.46,-9.97,2.51,2.51"
"142.71,-13.84,-13.77,2.50,2.49"
"142.91,-6.81,-8.69,2.50,2.48"
"143.12,-13.14,-15.44,2.50,2.48"
"143.33,-6.79,-10.50,2.50,2.48"
"143.54,-8.80,-12.27,2.53,2.50"
"143.75,-3.10,-5.89,2.50,2.48"
"143.96,-13.70,-10.16,2.52,2.49"
"144.16,-11.80,-8.19,2.51,2.49"
"144.37,-10.96,-13.12,2.51,2.49"
"144.58,-12.17,-11.41,2.51,2.49"
"144.79,-12.95,-9.67,2.51,2.47"
"145.00,-9.56,-8.36,2.52,2.50"
"145.21,-5.09,-5.01,2.52,2.50"
"145.41,-7.94,-14.80,2.51,2.49"
"145.62,-4.38,-2.79,2.52,2.49"
"145.83,-9.23,-6.12,2.49,2.48"
"146.04,-11.94,-11.96,2.49,2.50"
"146.25,-7.74,-9.87,2.49,2.49"
"146.46,-8.49,-12.74,2.52,2.48"
"146.66,-10.14,-9.96,2.50,2.48"
"146.87,-14.50,-12.51,2.51,2.49"
"147.08,-7.49,-9.48,2.51,2.48"
"147.29,-7.62,-12.07,2.51,2.50"
"147.50,-11.66,-1.51,2.52,2.50"
"147.71,-9.33,-10.01,2.50,2.50"
"147.91,-2.46,-5.58,2.50,2.50"
"148.12,-10.67,-7.99,2.52,2.49"
"148.33,-7.05,-4.66,2.49,2.49"
"148.54,-11.20,-8.68,2.52,2.50"
"148.75,-9.20,-10.93,2.51,2.50"
"148.96,-13.00,-11.83,2.49,2.49"
"149.17,-12.88,-11.53,2.50,2.50"
"149.37,-11.39,-12.40,2.51,2.47"
"149.58,-16.63,-10.71,2.50,2.49"
"149.79,-13.43,-9.17,2.51,2.49"
"150.00,-6.68,-8.94,2.51,2.48"
"150.21,-10.06,-7.92,2.49,2.48"
"150.42,-8.73,-8.52,2.51,2.49"
"150.63,-11.59,-10.70,2.50,2.47"
"150.83,-10.52,-12.93,2.51,2.49"
"151.04,-11.24,-8.60,2.52,2.49"
"151.25,-9.02,-9.09,2.50,2.49"
"151.46,-6.85,-3.80,2.49,2.48"
"151.67,-15.89,-8.95,2.50,2.49"
"151.88,-13.40,-13.36,2.52,2.49"
"152.08,-9.55,-8.71,2.51,2.50"
"152.29,-10.72,-13.90,2.50,2.48"
"152.50,-12.97,-7.23,2.49,2.49"
"152.71,-10.53,-12.38,2.51,2.47"
"152.92,-10.58,-14.93,2.50,2.48"
"153.13,-14.75,-9.33,2.50,2.49"
"153.33,-7.07,-11.72,2.51,2.49"
"153.54,-9.11,-11.11,2.51,2.48"
"153.75,-7.03,-7.37,2.51,2.48"
"153.96,-10.24,-7.17,2.51,2.48"
"154.17,-9.61,-9.87,2.51,2.48"
"154.38,-13.75,-16.56,2.50,2.49"
"154.59,-10.57,-10.48,2.50,2.48"
"154.79,-14.45,-10.81,2.51,2.48"
"155.00,-14.94,-14.22,2.51,2.48"
"155.21,-11.86,-16.72,2.50,2.48"
"155.42,-10.39,-15.87,2.51,2.49"
"155.63,-8.59,-12.35,2.50,2.47"
"155.84,-10.94,-11.68,2.49,2.48"
"156.04,-9.23,-10.04,2.52,2.50"
"156.25,-7.45,-12.12,2.51,2.48"
"156.46,-7.11,-9.83,2.50,2.49"
"156.67,-0.67,-4.76,2.51,2.49"
"156.88,-3.52,-10.76,2.50,2.49"
"157.09,-6.40,-9.21,2.49,2.48"
"157.29,-8.60,-6.70,2.50,2.46"
"157.50,-10.43,-9.48,2.50,2.49"
"157.71,-8.26,-1.87,2.48,2.46"
"157.92,-14.44,-11.82,2.51,2.48"
"158.13,-9.11,-10.11,2.51,2.50"
"158.34,-7.66,-9.66,2.51,2.49"
"158.54,-5.69,-2.17,2.52,2.49"
"158.75,-12.16,-9.41,2.51,2.49"
"158.96,-12.72,-10.52,2.51,2.50"
"159.17,-10.58,-9.12,2.49,2.48"
"159.38,-11.56,-11.17,2.51,2.49"
"159.59,-16.56,-12.92,2.51,2.48"
"159.79,-9.11,-7.29,2.50,2.49"
"160.00,-12.72,-11.72,2.51,2.48"
"160.21,-11.24,-11.80,2.51,2.50"
"160.42,-8.42,-8.86,2.50,2.48"
"160.63,-9.90,-8.55,2.51,2.49"
"160.84,-10.04,-10.04,2.51,2.49"
"161.04,-18.87,-13.39,2.48,2.49"
"161.25,-11.04,-10.21,2.50,2.47"
"161.46,-17.74,-13.15,2.48,2.46"
"161.67,-13.13,-9.57,2.51,2.48"
"161.88,-6.63,-9.32,2.51,2.51"
"162.09,-8.22,-3.12,2.51,2.48"
"162.29,-15.34,-8.67,2.52,2.47"
"162.50,-10.02,-7.83,2.50,2.48"
"162.71,-10.01,-16.37,2.52,2.49"
"162.92,-5.42,-3.92,2.51,2.47"
"163.13,-10.91,-10.85,2.51,2.47"
"163.34,-8.12,-5.24,2.50,2.47"
"163.55,-14.71,-12.90,2.51,2.50"
"163.75,-14.72,-16.41,2.47,2.48"
"163.96,-12.23,-10.66,2.50,2.48"
"164.17,-11.51,-7.11,2.50,2.47"
"164.38,-8.34,-5.09,2.52,2.46"
"164.59,-12.11,-11.95,2.50,2.48"
"164.80,-9.55,-14.85,2.50,2.47"
"165.00,-11.13,-10.74,2.50,2.48"
"165.21,-10.19,-13.92,2.50,2.49"
"165.42,-7.32,-7.15,2.49,2.48"
"165.63,-10.58,-15.08,2.48,2.48"
"165.84,-3.74,-4.97,2.51,2.47"
"166.05,-9.64,-7.31,2.50,2.49"
"166.25,-11.55,-8.90,2.50,2.48"
"166.46,-12.09,-12.72,2.49,2.48"
"166.67,-10.05,-10.02,2.50,2.49"
"166.88,-4.66,-3.95,2.49,2.49"
"167.09,-6.81,-6.32,2.50,2.49"
"167.30,-7.85,-9.67,2.49,2.47"
"167.50,-6.03,-7.81,2.50,2.47"
"167.71,-10.34,-10.53,2.50,2.48"
"167.92,-14.32,-7.00,2.52,2.49"
"168.13,-10.03,-11.63,2.52,2.48"
"168.34,-7.81,-8.33,2.50,2.49"
"168.55,-13.00,-4.69,2.51,2.50"
"168.76,-10.66,-5.00,2.52,2.48"
"168.96,-12.58,-13.61,2.49,2.49"
"169.17,-10.58,-3.19,2.51,2.50"
"169.38,-5.65,-0.57,2.52,2.48"
"169.59,-10.58,-11.22,2.51,2.48"
"169.80,-9.27,-13.23,2.52,2.49"
"170.01,-5.01,-6.08,2.50,2.47"
"170.21,-4.57,-8.94,2.51,2.47"
"170.42,-7.15,-8.01,2.52,2.47"
"170.63,-13.11,-9.26,2.50,2.49"
"170.84,-7.64,-8.34,2.51,2.49"
"171.05,-7.56,-10.40,2.50,2.49"
"171.25,-12.53,-7.45,2.50,2.48"
"171.46,-9.37,-7.66,2.50,2.47"
"171.67,-8.12,-7.60,2.49,2.48"
"171.88,-1.37,-3.74,2.50,2.48"
"172.09,-9.86,-3.70,2.51,2.49"
"172.30,-7.67,-7.30,2.50,2.47"
"172.51,-17.99,-14.93,2.49,2.47"
"172.71,-6.45,-3.08,2.51,2.49"
"172.92,-9.81,-10.35,2.49,2.48"
"173.13,-15.61,-7.25,2.51,2.46"
"173.34,-10.09,-6.81,2.49,2.47"
"173.55,-7.00,-12.03,2.50,2.47"
"173.76,-7.77,-16.74,2.50,2.49"
"173.96,-10.92,-17.63,2.49,2.48"
"174.17,-10.00,-11.54,2.49,2.48"
"174.38,-10.70,-10.35,2.50,2.49"
"174.59,-6.53,-16.92,2.47,2.48"
"174.80,-11.09,-10.04,2.49,2.48"
"175.01,-15.56,-9.97,2.52,2.48"
"175.21,-9.25,-5.09,2.50,2.48"
"175.42,-13.78,-7.72,2.51,2.46"
"175.63,-6.62,-14.35,2.50,2.49"
"175.84,-9.10,-10.73,2.49,2.46"
"176.05,-5.39,-9.86,2.50,2.49"
"176.26,-10.09,-8.60,2.53,2.49"
"176.46,-8.94,-10.51,2.52,2.49"
"176.67,-8.69,-7.35,2.49,2.46"
"176.88,-10.47,-4.80,2.50,2.45"
"177.09,-8.76,-14.11,2.51,2.47"
"177.30,-10.78,-14.28,2.50,2.49"
"177.51,-7.24,-10.76,2.50,2.48"
"177.72,-15.24,-10.59,2.50,2.47"
"177.92,-5.16,-9.05,2.51,2.49"
"178.13,-9.53,-8.63,2.51,2.48"
"178.34,-10.96,-7.54,2.50,2.47"
"178.55,-16.03,-14.21,2.52,2.48"
"178.76,-7.75,-16.58,2.51,2.47"
"178.97,-6.03,-8.85,2.49,2.47"
"179.17,-13.78,-10.54,2.51,2.48"
"179.38,-9.94,-11.70,2.51,2.48"
"179.59,-7.48,-12.40,2.52,2.48"
"179.80,-6.32,-5.86,2.50,2.49"
"180.01,-8.10,-5.57,2.53,2.48"
"180.22,-11.09,-15.90,2.50,2.48"
"180.42,-12.10,-7.37,2.48,2.47"
"180.63,-2.92,-8.03,2.49,2.48"
"180.84,-11.70,-17.15,2.50,2.47"
"181.05,-12.59,-8.99,2.50,2.48"
"181.26,-13.44,-14.54,2.52,2.49"
"181.47,-6.93,-3.97,2.51,2.48"
"181.67,-9.82,-12.10,2.49,2.48"
"181.88,-10.54,-9.37,2.50,2.47"
"182.09,-10.51,-16.07,2.50,2.47"
"182.30,-15.04,-16.88,2.51,2.48"
"182.51,-16.38,-11.51,2.50,2.47"
"182.72,-14.81,-9.18,2.50,2.46"
"182.93,-7.03,-6.68,2.53,2.48"
"183.13,-6.73,-13.25,2.51,2.47"
"183.34,-13.90,-12.40,2.50,2.48"
"183.55,-7.42,-6.12,2.50,2.47"
"183.76,-8.94,-10.00,2.50,2.49"
"183.97,-12.47,-13.18,2.51,2.50"
"184.18,-13.30,-16.66,2.50,2.47"
"184.38,-4.07,-10.09,2.51,2.48"
"184.59,-14.24,-10.99,2.51,2.48"
"184.80,-9.08,-12.85,2.50,2.48"
"185.01,-9.61,-12.81,2.48,2.47"
"185.22,-10.49,-9.81,2.50,2.47"
"185.43,-12.20,-9.80,2.49,2.48"
"185.63,-6.83,-4.62,2.49,2.48"
"185.84,-7.51,-10.86,2.49,2.49"
"186.05,-10.45,-11.09,2.51,2.49"
"186.26,-5.50,-5.87,2.48,2.46"
"186.47,-12.03,-11.32,2.51,2.48"
"186.68,-8.27,-8.86,2.49,2.47"
"186.88,-13.08,-10.63,2.51,2.48"
"187.09,-9.17,-5.63,2.49,2.48"
"187.30,-6.59,-9.39,2.50,2.47"
"187.51,-5.79,-8.79,2.50,2.48"
"187.72,-8.90,-10.88,2.50,2.50"
"187.93,-9.63,-7.00,2.51,2.46"
"188.13,-8.81,-8.51,2.51,2.47"
"188.34,-15.03,-15.43,2.50,2.48"
"188.55,-13.13,-8.04,2.50,2.47"
"188.76,-13.40,-10.69,2.49,2.47"
"188.97,-12.48,-9.55,2.51,2.47"
"189.18,-15.72,-9.54,2.49,2.47"
"189.38,-10.76,-7.27,2.51,2.46"
"189.59,-10.17,-12.69,2.49,2.48"
"189.80,-1.74,-5.60,2.51,2.48"
"190.01,-12.96,-15.84,2.51,2.50"
"190.22,-10.55,-6.63,2.51,2.48"
"190.43,-6.82,-8.06,2.50,2.46"
"190.63,-6.39,-4.67,2.50,2.48"
"190.84,-7.18,-12.82,2.50,2.47"
"191.05,-8.18,-6.00,2.52,2.48"
"191.26,-6.07,-8.27,2.51,2.47"
"191.47,-12.60,-19.35,2.51,2.49"
"191.68,-10.24,-12.06,2.49,2.47"
"191.88,-11.57,-12.41,2.51,2.48"
"192.09,-12.19,-12.32,2.50,2.48"
"192.30,-13.49,-16.10,2.51,2.46"
"192.51,-14.66,-11.65,2.49,2.49"
"192.72,-8.36,-10.82,2.50,2.48"
"192.93,-5.63,-11.21,2.49,2.47"
"193.13,-4.48,-8.51,2.49,2.47"
"193.34,-10.04,-5.27,2.52,2.48"
"193.55,-7.48,-10.71,2.50,2.49"
"193.76,-10.41,-12.11,2.49,2.48"
"193.97,-7.29,-10.33,2.50,2.48"
"194.18,-8.71,-12.80,2.50,2.48"
"194.38,-8.58,-5.71,2.50,2.48"
"194.59,-5.02,-6.53,2.51,2.48"
"194.80,-9.28,-11.45,2.50,2.46"
"195.01,-9.21,-9.71,2.50,2.48"
"195.22,-13.44,-11.58,2.49,2.48"
"195.43,-13.22,-11.10,2.51,2.47"
"195.64,-6.37,-8.49,2.50,2.47"
"195.85,-9.24,-9.62,2.51,2.47"
"196.05,-8.48,-11.01,2.53,2.48"
"196.26,-7.22,-7.93,2.51,2.48"
"196.47,-9.88,-9.13,2.50,2.49"
"196.68,-10.45,-3.18,2.49,2.46"
"196.89,-9.97,-9.59,2.52,2.48"
"197.09,-8.78,-4.13,2.49,2.47"
"197.30,-7.60,-10.18,2.51,2.47"
"197.51,-3.31,-7.92,2.51,2.48"
"197.72,-9.07,-9.81,2.50,2.46"
"197.93,-12.99,-7.91,2.49,2.47"
"198.14,-12.34,-11.02,2.51,2.47"
"198.34,-8.93,-5.18,2.51,2.47"
"198.55,-11.82,-12.62,2.49,2.47"
"198.76,-6.47,-11.13,2.49,2.47"
"198.97,-8.99,-10.69,2.50,2.47"
"199.18,-12.58,-15.87,2.50,2.47"
"199.39,-11.73,-13.13,2.51,2.48"
"199.60,-6.58,-2.03,2.49,2.47"
"199.80,-12.96,-12.09,2.50,2.47"
"200.01,-4.82,-3.36,2.52,2.48"
"200.22,-10.36,-9.49,2.50,2.47"
"200.43,-10.14,-11.16,2.50,2.48"
"200.64,-10.63,-7.14,2.49,2.47"
"200.85,-15.38,-13.97,2.50,2.49"
"201.05,-8.52,-12.04,2.51,2.48"
"201.26,-9.09,-8.36,2.48,2.48"
"201.47,-12.31,-16.47,2.51,2.47"
"201.68,-5.99,-7.52,2.49,2.48"
"201.89,-13.24,-5.06,2.51,2.48"
"202.10,-8.42,-4.49,2.52,2.48"
"202.30,-9.77,-8.14,2.51,2.48"
"202.51,-1.87,-12.04,2.49,2.46"
"202.72,-8.47,-7.48,2.51,2.47"
"202.93,-7.72,-6.76,2.51,2.48"
"203.14,-11.94,-11.91,2.49,2.46"
"203.35,-13.77,-7.23,2.50,2.49"
"203.55,-13.21,-17.12,2.50,2.48"
"203.76,-10.32,-10.76,2.50,2.46"
"203.97,-9.07,-10.98,2.50,2.47"
"204.18,-12.69,-6.94,2.48,2.48"
"204.39,-8.24,-6.45,2.51,2.46"
"204.60,-13.93,-10.13,2.50,2.47"
"204.80,-13.11,-7.97,2.51,2.49"
"205.01,-5.30,-6.85,2.48,2.46"
"205.22,-8.35,-9.84,2.50,2.46"
"205.43,-3.71,-10.54,2.49,2.46"
"205.64,-12.38,-8.29,2.50,2.47"
"205.85,-9.05,-9.78,2.49,2.47"
"206.05,-9.11,-7.21,2.49,2.46"
"206.26,-7.74,-9.09,2.50,2.47"
"206.47,-7.59,-12.60,2.51,2.47"
"206.68,-9.80,-10.96,2.50,2.49"
"206.89,-6.30,-3.32,2.51,2.47"
"207.10,-9.71,-9.78,2.51,2.47"
"207.30,-7.24,-9.59,2.51,2.49"
"207.51,-5.45,-5.88,2.50,2.47"
"207.72,-9.37,-9.47,2.50,2.46"
"207.93,-4.16,-7.81,2.51,2.47"
"208.14,-8.69,-8.74,2.49,2.47"
"208.35,-3.15,0.31,2.52,2.47"
"208.55,-11.19,-8.59,2.50,2.47"
"208.76,-7.48,-11.63,2.51,2.48"
"208.97,-4.79,-8.45,2.50,2.47"
"209.18,-7.06,-10.88,2.51,2.48"
"209.39,-6.37,-7.28,2.51,2.47"
"209.60,-9.03,-10.70,2.50,2.47"
"209.80,-12.51,-11.22,2.50,2.49"
"210.01,-12.25,-15.86,2.49,2.46"
"210.22,-9.21,-13.96,2.49,2.47"
"210.43,-7.58,-11.59,2.50,2.46"
"210.64,-12.80,-6.31,2.52,2.47"
"210.85,-8.51,-10.63,2.49,2.46"
"211.05,-10.00,-6.85,2.49,2.48"
"211.26,-10.54,-9.70,2.49,2.49"
"211.47,-9.91,-7.79,2.50,2.47"
"211.68,-8.04,-9.10,2.49,2.47"
"211.89,-9.07,-13.81,2.51,2.50"
"212.10,-7.86,-4.72,2.53,2.47"
"212.30,-13.63,-12.97,2.50,2.47"
"212.51,-14.09,-13.49,2.52,2.47"
"212.72,-12.10,-8.91,2.50,2.47"
"212.93,-13.79,-7.18,2.51,2.47"
"213.14,-14.51,-9.89,2.48,2.47"
"213.35,-12.53,-11.00,2.48,2.47"
"213.56,-9.67,-8.42,2.51,2.47"
"213.77,-10.00,-7.01,2.50,2.46"
"213.97,-9.72,-9.51,2.50,2.47"
"214.18,-9.07,-3.70,2.50,2.46"
"214.39,-11.87,-6.79,2.50,2.47"
"214.60,-5.13,-3.46,2.50,2.46"
"214.81,-5.47,-8.53,2.49,2.45"
"215.02,-7.93,-5.30,2.51,2.46"
"215.22,-17.69,-13.39,2.50,2.50"
"215.43,-10.85,-9.20,2.50,2.47"
"215.64,-7.26,-14.11,2.50,2.48"
"215.85,-14.97,-10.30,2.50,2.45"
"216.06,-9.00,-12.41,2.50,2.47"
"216.27,-2.20,-7.53,2.50,2.47"
"216.47,-16.69,-10.38,2.50,2.46"
"216.68,-7.03,-9.92,2.50,2.47"
"216.89,-11.00,-13.61,2.48,2.48"
"217.10,-9.54,-11.48,2.51,2.47"
"217.31,-9.08,-8.95,2.50,2.46"
"217.52,-8.35,-10.33,2.51,2.47"
"217.72,-7.63,-10.82,2.49,2.47"
"217.93,-9.25,-17.70,2.50,2.47"
"218.14,-6.65,-10.17,2.52,2.47"
"218.35,-11.49,-8.97,2.49,2.47"
"218.56,-13.96,-7.11,2.51,2.48"
"218.77,-17.68,-11.91,2.51,2.46"
"218.97,-11.38,-9.58,2.49,2.48"
"219.18,-9.64,-10.17,2.50,2.48"
"219.39,-15.06,-12.10,2.49,2.47"
"219.60,-6.76,-10.57,2.50,2.48"
"219.81,-9.17,-7.60,2.49,2.46"
"220.02,-0.16,-5.57,2.51,2.47"
"220.22,-10.90,-11.37,2.50,2.47"
"220.43,-7.05,-11.77,2.50,2.48"
"220.64,-7.29,-0.19,2.50,2.46"
"220.85,-7.80,-8.87,2.50,2.47"
"221.06,-3.68,-9.36,2.51,2.46"
"221.27,-17.27,-25.02,2.49,2.48"
"221.47,-8.86,-13.45,2.50,2.48"
"221.68,-13.13,-11.54,2.51,2.48"
"221.89,-13.57,-13.59,2.48,2.50"
"222.10,-10.17,-6.96,2.49,2.46"
"222.31,-9.37,-11.41,2.50,2.47"
"222.52,-5.92,-9.52,2.51,2.47"
"222.73,-8.68,-10.04,2.49,2.47"
"222.93,-12.86,-9.06,2.49,2.47"
"223.14,-9.55,-13.49,2.51,2.48"
"223.35,-13.01,-12.14,2.49,2.47"
"223.56,-9.34,-10.82,2.51,2.45"
"223.77,-7.20,-12.70,2.50,2.47"
"223.98,-7.20,-11.87,2.50,2.47"
"224.18,-10.18,-12.79,2.49,2.47"
"224.39,-7.10,-7.20,2.50,2.47"
"224.60,-11.28,-9.90,2.49,2.46"
"224.81,-10.91,-4.43,2.50,2.46"
"225.02,-13.29,-10.44,2.49,2.48"
"225.23,-7.44,-5.11,2.50,2.47"
"225.43,-11.06,-5.69,2.51,2.48"
"225.64,-9.28,-11.73,2.50,2.46"
"225.85,-9.56,-8.98,2.48,2.46"
"226.06,-6.86,-8.90,2.50,2.47"
"226.27,-9.64,-8.41,2.49,2.47"
"226.48,-12.15,-11.13,2.51,2.47"
"226.68,-10.21,-11.65,2.50,2.47"
"226.89,-15.09,-13.49,2.51,2.48"
"227.10,-15.77,-13.87,2.50,2.47"
"227.31,-4.84,-6.91,2.49,2.47"
"227.52,-4.14,-7.47,2.50,2.48"
"227.73,-9.05,-9.09,2.50,2.48"
"227.94,-9.19,-7.22,2.50,2.46"
"228.14,-6.57,-12.74,2.50,2.48"
"228.35,-9.92,-9.52,2.50,2.48"
"228.56,-8.65,-9.93,2.49,2.46"
"228.77,-10.30,-9.45,2.49,2.48"
"228.98,-12.20,-13.74,2.50,2.48"
"229.19,-9.44,-9.28,2.48,2.46"
"229.39,-9.74,-1.98,2.50,2.47"
"229.60,-7.49,-8.65,2.50,2.47"
"229.81,-15.27,-9.81,2.50,2.46"
"230.02,-14.29,-11.44,2.50,2.47"
"230.23,-9.81,-12.61,2.51,2.47"
"230.44,-7.57,-6.46,2.50,2.47"
"230.64,-15.13,-11.31,2.49,2.47"
"230.85,-8.52,-10.78,2.50,2.45"
"231.06,-14.25,-11.69,2.51,2.47"
"231.27,-13.18,-8.52,2.51,2.47"
"231.48,-12.29,-9.31,2.50,2.48"
"231.69,-2.44,-5.87,2.50,2.47"
"231.89,-17.91,-11.94,2.50,2.48"
"232.10,-8.67,-9.49,2.51,2.46"
"232.31,-4.81,-12.64,2.48,2.47"
"232.52,-10.93,-11.13,2.51,2.49"
"232.73,-14.44,-12.81,2.50,2.47"
"232.94,-2.04,-6.53,2.50,2.47"
"233.14,-11.19,-11.64,2.51,2.47"
"233.35,-11.77,-6.81,2.48,2.47"
"233.56,-10.05,-14.37,2.52,2.47"
"233.77,-7.28,-11.51,2.50,2.47"
"233.98,-8.53,-11.64,2.51,2.46"
"234.19,-10.64,-5.40,2.50,2.47"
"234.39,-10.95,-9.43,2.50,2.48"
"234.60,-11.05,-10.19,2.51,2.47"
"234.81,-10.35,-10.53,2.49,2.46"
"235.02,-17.40,-11.99,2.50,2.47"
"235.23,-9.68,-13.67,2.50,2.47"
"235.44,-10.39,-12.96,2.51,2.47"
"235.64,-7.21,-11.41,2.49,2.47"
"235.85,-11.25,-6.80,2.50,2.48"
"236.06,-9.60,-12.33,2.49,2.47"
"236.27,-8.53,-10.53,2.49,2.48"
"236.48,-13.38,-11.00,2.49,2.47"
"236.69,-10.05,-10.67,2.50,2.47"
"236.90,-7.56,-7.66,2.50,2.48"
"237.10,-9.89,-12.58,2.51,2.45"
"237.31,-8.79,-14.45,2.50,2.47"
"237.52,-8.61,-1.13,2.53,2.48"
"237.73,-12.02,-10.15,2.50,2.48"
"237.94,-12.08,-2.60,2.51,2.47"
"238.15,-12.17,-9.21,2.50,2.46"
"238.35,-8.54,-13.00,2.49,2.47"
"238.56,-9.85,-8.26,2.51,2.46"
"238.77,-10.69,-7.21,2.51,2.48"
"238.98,-6.17,-7.59,2.50,2.48"
"239.19,-17.80,-14.66,2.49,2.49"
"239.40,-10.12,-8.99,2.51,2.48"
"239.60,-10.67,-9.48,2.49,2.47"
"239.81,-7.08,-13.41,2.53,2.47"
"240.02,-7.14,-8.50,2.50,2.47"
"240.23,-6.59,-6.28,2.49,2.47"
"240.44,-10.13,-9.56,2.50,2.48"
"240.65,-5.40,0.46,2.51,2.46"
"240.86,-15.07,-9.69,2.49,2.46"
"241.06,-4.40,-5.61,2.51,2.46"
"241.27,-15.02,-7.61,2.48,2.48"
"241.48,-5.29,-12.44,2.49,2.46"
"241.69,-10.83,-6.83,2.50,2.47"
"241.90,-14.10,-9.66,2.49,2.46"
"242.11,-1.43,-6.33,2.53,2.47"
"242.31,-12.14,-10.48,2.47,2.47"
"242.52,-10.60,-11.35,2.49,2.48"
"242.73,-9.54,-12.05,2.50,2.46"
"242.94,-10.07,-11.62,2.51,2.47"
"243.15,-9.86,-11.26,2.49,2.48"
"243.36,-11.85,-4.72,2.49,2.47"
"243.56,-11.69,-9.69,2.51,2.47"
"243.77,-9.65,-11.62,2.50,2.47"
"243.98,-18.08,-12.51,2.51,2.48"
"244.19,-18.23,-8.44,2.51,2.47"
"244.40,-10.81,-13.64,2.50,2.47"
"244.61,-8.59,-8.59,2.49,2.46"
"244.81,-14.83,-15.56,2.49,2.47"
"245.02,-10.04,-9.06,2.51,2.47"
"245.23,-11.15,-6.52,2.50,2.47"
"245.44,-9.07,-11.63,2.50,2.47"
"245.65,-11.53,-10.37,2.50,2.45"
"245.86,-14.81,-19.74,2.50,2.47"
"246.06,-5.66,-8.44,2.51,2.47"
"246.27,-9.69,-9.58,2.50,2.48"
"246.48,-14.96,-10.31,2.51,2.47"
"246.69,-9.28,-12.02,2.51,2.48"
"246.90,-11.38,-9.35,2.49,2.46"
"247.11,-7.59,-4.48,2.48,2.47"
"247.31,-15.80,-13.97,2.50,2.47"
"247.52,-4.40,-5.22,2.51,2.46"
"247.73,-10.63,-10.09,2.51,2.46"
"247.94,-9.54,-8.86,2.50,2.46"
"248.15,-8.71,-10.78,2.52,2.46"
"248.36,-9.32,-10.65,2.51,2.46"
"248.56,-15.71,-14.97,2.50,2.47"
"248.77,-4.92,-5.09,2.51,2.46"
"248.98,-10.23,-10.95,2.50,2.48"
"249.19,-8.90,-11.59,2.52,2.48"
"249.40,-8.84,-4.58,2.51,2.46"
"249.61,-9.04,-10.97,2.49,2.47"
"249.82,-13.52,-6.84,2.49,2.47"
"250.02,-9.71,-16.18,2.49,2.48"
"250.23,-11.19,-11.23,2.49,2.47"
"250.44,-7.71,-11.50,2.49,2.47"
"250.65,-9.15,-9.00,2.50,2.47"
"250.86,-12.36,-9.59,2.49,2.47"
"251.07,-9.08,-6.92,2.50,2.47"
"251.27,-8.20,-11.72,2.52,2.47"
"251.48,-7.55,-5.82,2.50,2.48"
"251.69,-9.79,-8.16,2.50,2.46"
"251.90,-12.36,-11.06,2.53,2.47"
"252.11,-10.69,-10.08,2.49,2.46"
"252.32,-12.56,-1.97,2.50,2.47"
"252.52,-8.88,-10.25,2.50,2.47"
"252.73,-11.98,-12.86,2.50,2.46"
"252.94,-8.42,-3.67,2.50,2.46"
"253.15,-9.49,-9.83,2.48,2.47"
"253.36,-19.30,-16.68,2.51,2.46"
"253.57,-14.19,-11.26,2.53,2.46"
"253.77,-6.22,-10.27,2.49,2.46"
"253.98,-11.63,-14.79,2.51,2.47"
"254.19,-10.70,-13.88,2.48,2.47"
"254.40,-7.18,-8.53,2.50,2.46"
"254.61,-14.59,-8.21,2.51,2.47"
"254.82,-10.34,-2.89,2.50,2.45"
"255.02,-9.67,-7.49,2.49,2.47"
"255.23,-14.60,-9.39,2.48,2.46"
"255.44,-5.30,-3.32,2.50,2.47"
"255.65,-11.58,-9.99,2.51,2.47"
"255.86,-5.43,-5.84,2.50,2.47"
"256.07,-10.62,-11.81,2.51,2.47"
"256.27,-9.04,-7.62,2.50,2.46"
"256.48,-11.93,-16.99,2.50,2.47"
"256.69,-11.52,-15.83,2.48,2.47"
"256.90,-15.88,-13.48,2.50,2.48"
"257.11,-7.52,-10.39,2.51,2.45"
"257.32,-12.39,-10.68,2.50,2.46"
"257.52,-4.96,-4.93,2.50,2.46"
"257.73,-3.43,-7.86,2.51,2.46"
"257.94,-15.79,-12.46,2.50,2.47"
"258.15,-9.80,-7.65,2.51,2.46"
"258.36,-12.50,-13.33,2.50,2.46"
"258.57,-12.97,-16.67,2.50,2.47"
"258.78,-8.14,-5.30,2.51,2.48"
"258.98,-8.25,-8.79,2.49,2.47"
"259.19,-7.13,-8.75,2.51,2.46"
"259.40,-10.41,-13.32,2.53,2.48"
"259.61,-9.49,-6.38,2.50,2.46"
"259.82,-11.26,-7.74,2.50,2.47"
"260.03,-13.78,-13.67,2.50,2.48"
"260.23,-14.09,-12.99,2.50,2.47"
"260.44,-1.59,-5.56,2.51,2.45"
"260.65,-7.51,-6.16,2.50,2.47"
"260.86,-3.15,-6.27,2.50,2.47"
"261.07,-2.82,-9.12,2.50,2.47"
"261.27,-10.15,-11.66,2.52,2.47"
"261.48,-6.76,-5.47,2.51,2.47"
"261.69,-10.00,-9.58,2.51,2.46"
"261.90,-8.93,-6.94,2.52,2.48"
"262.11,-8.95,-11.55,2.50,2.47"
"262.32,-1.44,0.13,2.50,2.47"
"262.52,-10.16,-12.20,2.49,2.47"
"262.73,-8.39,-13.50,2.51,2.49"
"262.94,-14.92,-19.53,2.52,2.48"
"263.15,-14.95,-3.61,2.50,2.47"
"263.36,-8.48,-11.31,2.51,2.47"
"263.57,-9.85,-12.07,2.50,2.49"
"263.78,-13.50,-7.98,2.49,2.44"
"263.98,-10.51,-4.00,2.50,2.47"
"264.19,-5.82,-9.06,2.50,2.47"
"264.40,-7.17,-8.25,2.51,2.47"
"264.61,-4.92,-5.85,2.50,2.48"
"264.82,-8.60,-11.82,2.51,2.47"
"265.03,-10.81,-12.63,2.51,2.47"
"265.23,-3.05,-6.44,2.51,2.47"
"265.44,-15.23,-15.58,2.50,2.46"
"265.65,-9.59,-3.94,2.50,2.47"
"265.86,-9.52,-8.51,2.51,2.46"
"266.07,-5.65,-4.56,2.50,2.48"
"266.28,-8.17,-15.13,2.50,2.47"
"266.48,-9.77,-7.18,2.50,2.48"
"266.69,-11.40,-13.48,2.51,2.48"
"266.90,-13.21,-9.75,2.51,2.47"
"267.11,-9.23,-9.99,2.51,2.46"
"267.32,-8.59,-7.51,2.49,2.47"
"267.53,-8.78,-9.88,2.50,2.48"
"267.74,-10.81,-11.53,2.50,2.46"
"267.94,-7.18,-8.42,2.50,2.46"
"268.15,-14.27,-17.90,2.48,2.47"
"268.36,-7.56,-9.05,2.51,2.49"
"268.57,-7.99,-9.28,2.51,2.47"
"268.78,-15.32,-9.19,2.49,2.47"
"268.99,-8.90,-11.61,2.49,2.47"
"269.19,-10.52,-8.36,2.51,2.47"
"269.40,-6.03,-13.35,2.50,2.47"
"269.61,-17.86,-13.82,2.50,2.46"
"269.82,-6.22,-12.81,2.51,2.47"
"270.03,-15.29,-15.37,2.51,2.47"
"270.24,0.08,0.43,2.50,2.47"
"270.44,-9.88,-16.02,2.52,2.48"
"270.65,-14.01,-12.15,2.51,2.47"
"270.86,-14.69,-17.33,2.51,2.46"
"271.07,-9.36,-8.23,2.50,2.49"
"271.28,-11.72,-13.43,2.49,2.48"
"271.49,-9.79,-4.97,2.51,2.47"
"271.69,-8.43,-7.51,2.50,2.46"
"271.90,-9.06,-8.69,2.50,2.47"
"272.11,-6.67,-6.94,2.50,2.46"
"272.32,-5.31,-2.84,2.51,2.47"
"272.53,-6.45,-6.62,2.51,2.47"
"272.74,-3.21,-11.04,2.50,2.47"
"272.95,-11.86,-10.57,2.52,2.48"
"273.15,-3.91,-7.90,2.51,2.48"
"273.36,-6.80,-7.75,2.52,2.47"
"273.57,-14.17,-15.69,2.49,2.46"
"273.78,-12.98,-6.24,2.50,2.47"
"273.99,-1.91,-8.49,2.50,2.47"
"274.20,-8.06,-10.87,2.50,2.46"
"274.40,-5.29,-9.04,2.50,2.47"
"274.61,-10.49,-5.30,2.50,2.47"
"274.82,-10.68,-9.84,2.49,2.47"
"275.03,-14.98,-12.16,2.50,2.48"
"275.24,-13.43,-17.51,2.49,2.47"
"275.45,-4.04,-7.98,2.52,2.47"
"275.65,-4.46,-10.45,2.52,2.46"
"275.86,-8.54,-8.18,2.53,2.50"
"276.07,-10.45,-13.75,2.49,2.47"
"276.28,-7.59,-8.51,2.49,2.45"
"276.49,-9.02,-7.98,2.52,2.47"
"276.70,-9.46,-11.34,2.51,2.47"
"276.90,-10.47,-14.60,2.52,2.46"
"277.11,-9.87,-9.76,2.50,2.48"
"277.32,-8.28,-4.14,2.50,2.47"
"277.53,-7.15,-9.93,2.50,2.47"
"277.74,-3.40,-9.19,2.49,2.47"
"277.95,-14.12,-12.44,2.51,2.47"
"278.15,-18.45,-16.55,2.51,2.48"
"278.36,-14.66,-14.53,2.51,2.47"
"278.57,-12.71,-7.93,2.52,2.47"
"278.78,-18.50,-8.57,2.52,2.47"
"278.99,-7.78,-6.27,2.50,2.46"
"279.20,-10.55,-9.63,2.51,2.48"
"279.41,-8.43,-10.01,2.51,2.49"
"279.61,-8.69,-11.94,2.51,2.48"
"279.82,-13.65,-5.91,2.51,2.47"
"280.03,-10.60,-6.87,2.51,2.47"
"280.24,-12.81,-7.82,2.50,2.46"
"280.45,-8.72,-10.34,2.50,2.48"
"280.66,-8.78,-10.82,2.52,2.47"
"280.86,-8.82,-7.42,2.50,2.48"
"281.07,-16.19,-26.41,2.49,2.48"
"281.28,-7.58,-15.81,2.48,2.46"
"281.49,-7.90,-6.98,2.51,2.47"
"281.70,-5.98,-7.49,2.51,2.49"
"281.91,-14.71,-17.40,2.49,2.48"
"282.11,-4.62,-7.96,2.53,2.46"
"282.32,-9.51,-6.84,2.50,2.48"
"282.53,-9.95,-12.08,2.52,2.47"
"282.74,-5.17,-5.17,2.49,2.47"
"282.95,-8.00,-9.58,2.51,2.47"
"283.16,-5.04,-6.70,2.52,2.47"
"283.36,-3.80,-7.76,2.52,2.45"
"283.57,-15.37,-13.10,2.48,2.46"
"283.78,-10.98,-15.22,2.50,2.46"
"283.99,-9.38,-14.06,2.50,2.48"
"284.20,-8.83,-13.50,2.50,2.48"
"284.41,-10.97,-11.08,2.49,2.47"
"284.61,-14.47,-14.31,2.49,2.47"
"284.82,-3.19,-1.39,2.52,2.46"
"285.03,-9.26,-6.05,2.51,2.46"
"285.24,-4.53,-5.25,2.50,2.46"
"285.45,-5.94,-5.94,2.51,2.48"
"285.66,-3.56,-9.80,2.50,2.46"
"285.86,-16.34,-12.74,2.50,2.48"
"286.07,-7.14,-11.27,2.50,2.46"
"286.28,-14.62,-9.58,2.50,2.46"
"286.49,-8.44,-10.37,2.50,2.47"
"286.70,-2.03,-6.30,2.51,2.46"
"286.91,-1.77,-5.14,2.51,2.46"
"287.11,-14.30,-8.17,2.50,2.47"
"287.32,1.78,-4.81,2.51,2.45"
"287.53,-12.27,-8.36,2.50,2.47"
"287.74,-12.78,-10.80,2.51,2.48"
"287.95,-10.83,-9.90,2.49,2.45"
"288.16,-11.36,-13.10,2.53,2.46"
"288.36,-11.17,-10.69,2.50,2.47"
"288.57,-15.95,-11.03,2.51,2.47"
"288.78,-11.71,-11.64,2.52,2.47"
"288.99,-13.56,-14.01,2.49,2.46"
"289.20,-11.40,-8.03,2.52,2.47"
"289.41,-10.58,-6.20,2.50,2.47"
"289.61,-6.81,-0.73,2.50,2.46"
"289.82,-5.65,-10.92,2.50,2.47"
"290.03,-4.24,-1.04,2.52,2.47"
"290.24,-3.19,-4.05,2.49,2.46"
"290.45,-3.99,-4.73,2.51,2.47"
"290.66,-10.03,-9.22,2.50,2.47"
"290.87,-13.11,-13.65,2.52,2.48"
"291.08,-6.55,-10.11,2.50,2.47"
"291.28,-17.77,-13.18,2.52,2.47"
"291.49,-12.66,-6.99,2.51,2.48"
"291.70,-17.94,-14.60,2.50,2.45"
"291.91,-7.49,-7.29,2.50,2.46"
"292.12,-15.00,-8.73,2.51,2.47"
"292.33,-17.11,-16.50,2.52,2.47"
"292.53,-10.86,-13.67,2.47,2.46"
"292.74,-10.39,-16.98,2.51,2.48"
"292.95,-12.95,-15.62,2.51,2.47"
"293.16,-17.25,-14.63,2.52,2.47"
"293.37,-7.87,-5.37,2.51,2.47"
"293.58,-9.73,-16.74,2.51,2.47"
"293.78,-8.47,-11.91,2.49,2.48"
"293.99,-11.88,-12.39,2.50,2.47"
"294.20,-11.69,-9.54,2.50,2.47"
"294.41,-9.98,-14.31,2.52,2.47"
"294.62,-9.01,-9.33,2.50,2.47"
"294.83,-15.66,-14.71,2.50,2.48"
"295.03,-7.61,-12.76,2.52,2.47"
"295.24,-7.47,-6.83,2.50,2.48"
"295.45,-5.49,-9.33,2.50,2.46"
"295.66,-9.98,-10.32,2.50,2.48"
"295.87,-14.20,-7.42,2.51,2.48"
"296.08,-11.99,-9.39,2.50,2.48"
"296.28,-6.57,-9.01,2.50,2.48"
"296.49,-7.29,-1.93,2.51,2.46"
"296.70,-10.86,-12.96,2.52,2.47"
"296.91,-5.72,-10.23,2.53,2.46"
"297.12,-3.52,-8.21,2.49,2.47"
"297.33,-5.74,-9.57,2.48,2.47"
"297.53,-10.19,-10.27,2.53,2.46"
"297.74,-9.56,-8.70,2.52,2.47"
"297.95,-11.43,-13.95,2.52,2.45"
"298.16,-12.70,-10.12,2.49,2.46"
"298.37,-10.93,-11.49,2.48,2.47"
"298.58,-11.52,-15.67,2.51,2.46"
"298.78,-3.44,-6.82,2.51,2.46"
"298.99,-4.73,-9.43,2.50,2.48"
"299.20,-3.73,-13.44,2.49,2.46"
"299.41,-18.38,-8.99,2.49,2.47"
"299.62,-6.15,-8.63,2.50,2.48"
"299.83,-11.61,-8.23,2.50,2.45"
"300.04,-9.06,-5.08,2.51,2.46"
"300.24,-13.90,-8.37,2.49,2.47"
"300.45,-8.59,-8.66,2.50,2.47"
"300.66,-11.05,-8.96,2.51,2.48"
"300.87,-12.74,-8.51,2.50,2.47"
"301.08,-8.05,-5.97,2.51,2.47"
"301.29,-10.31,-7.51,2.50,2.47"
"301.49,-10.97,-6.88,2.51,2.47"
"301.70,-11.91,-10.11,2.51,2.46"
"301.91,-12.99,-8.88,2.51,2.47"
"302.12,-12.42,-16.89,2.52,2.50"
"302.33,-8.30,-6.02,2.51,2.47"
"302.54,-5.66,-6.23,2.50,2.46"
"302.74,-17.38,-12.54,2.50,2.48"
"302.95,-11.84,-11.31,2.53,2.48"
"303.16,-9.54,-10.15,2.49,2.46"
"303.37,-15.77,-9.64,2.52,2.46"
"303.58,-2.88,-7.46,2.49,2.47"
"303.79,-9.58,-6.86,2.49,2.47"
"303.99,-8.39,-6.55,2.50,2.47"
"304.20,-10.43,-6.87,2.50,2.46"
"304.41,-7.37,-12.71,2.51,2.47"
"304.62,-5.89,-6.93,2.50,2.46"
"304.83,-7.10,-15.09,2.49,2.46"
"305.04,-6.22,-10.61,2.51,2.47"
"305.25,-10.81,-11.93,2.52,2.47"
"305.45,-8.72,-9.80,2.51,2.47"
"305.66,-13.72,-13.03,2.50,2.46"
"305.87,-13.64,-10.71,2.50,2.47"
"306.08,-7.56,-15.87,2.48,2.46"
"306.29,-14.60,-9.51,2.50,2.47"
"306.50,-5.92,-6.78,2.50,2.45"
"306.70,-8.95,-7.90,2.50,2.48"
"306.91,-11.65,-9.60,2.50,2.49"
"307.12,-7.87,-5.54,2.52,2.47"
"307.33,-4.34,-5.29,2.51,2.47"
"307.54,-7.97,-11.14,2.51,2.46"
"307.75,-7.71,-7.47,2.49,2.46"
"307.95,-10.01,-8.73,2.50,2.46"
"308.16,-6.22,-10.77,2.50,2.46"
"308.37,-11.72,-12.17,2.51,2.46"
"308.58,-10.65,-9.56,2.51,2.48"
"308.79,-7.39,-10.17,2.49,2.47"
"309.00,-10.25,-10.93,2.50,2.47"
"309.20,-12.56,-11.81,2.50,2.46"
"309.41,-8.69,-8.32,2.50,2.48"
"309.62,-4.96,-7.35,2.50,2.46"
"309.83,-10.77,-10.50,2.51,2.46"
"310.04,-3.78,-7.76,2.50,2.47"
"310.25,-9.78,-12.43,2.49,2.47"
"310.45,-9.68,-7.22,2.50,2.47"
"310.66,-11.56,-13.48,2.50,2.46"
"310.87,-9.51,-6.91,2.50,2.46"
"311.08,-9.82,-13.61,2.50,2.47"
"311.29,-10.50,-10.18,2.51,2.47"
"311.50,-8.66,-9.21,2.51,2.46"
"311.70,-8.52,-9.93,2.50,2.47"
"311.91,-9.48,-9.52,2.50,2.46"
"312.12,-6.64,-10.18,2.49,2.49"
"312.33,-7.93,-7.83,2.49,2.48"
"312.54,-9.38,-6.90,2.49,2.47"
"312.75,-9.18,-9.48,2.50,2.46"
"312.95,-12.34,-8.37,2.50,2.46"
"313.16,-10.69,-7.66,2.49,2.46"
"313.37,-8.70,-9.99,2.50,2.46"
"313.58,-6.49,-8.96,2.50,2.47"
"313.79,-9.17,-12.24,2.49,2.47"
"314.00,-6.71,-7.62,2.51,2.49"
"314.20,-8.95,-10.95,2.50,2.47"
"314.41,-6.94,-6.69,2.49,2.46"
"314.62,-8.55,-12.97,2.51,2.47"
"314.83,-0.87,-9.21,2.52,2.47"
"315.04,-13.78,-15.82,2.51,2.48"
"315.25,-6.15,-8.33,2.50,2.46"
"315.45,-10.78,-5.97,2.49,2.47"
"315.66,-8.59,-17.03,2.49,2.48"
"315.87,-8.32,-5.47,2.50,2.47"
"316.08,-10.02,-9.11,2.52,2.48"
"316.29,-8.93,-13.13,2.50,2.46"
"316.50,-10.47,-8.26,2.51,2.46"
"316.70,-11.37,-14.09,2.50,2.48"
"316.91,-9.81,-14.61,2.48,2.47"
"317.12,-11.24,-9.64,2.49,2.48"
"317.33,-13.01,-11.08,2.50,2.47"
"317.54,-5.22,-6.84,2.51,2.46"
"317.75,-11.04,-2.28,2.51,2.46"
"317.96,-9.72,-11.25,2.51,2.47"
"318.16,-14.76,-13.49,2.50,2.48"
"318.37,-6.29,-10.55,2.50,2.48"
"318.58,-8.28,-15.69,2.49,2.49"
"318.79,-11.12,-13.52,2.48,2.48"
"319.00,-5.21,0.42,2.50,2.46"
"319.21,-9.82,-10.16,2.49,2.46"
"319.41,-9.17,-6.25,2.50,2.46"
"319.62,-4.80,-8.46,2.49,2.46"
"319.83,-7.91,-9.00,2.50,2.46"
"320.04,-10.78,-14.02,2.49,2.47"
"320.25,-6.24,-0.01,2.50,2.47"
"320.46,-13.07,-6.04,2.50,2.48"
"320.66,-11.51,-10.01,2.50,2.48"
"320.87,-8.63,-8.55,2.51,2.47"
"321.08,-15.57,-14.02,2.49,2.46"
"321.29,-10.90,-8.04,2.50,2.46"
"321.50,-11.62,-17.75,2.49,2.47"
"321.71,-7.37,-10.14,2.51,2.47"
"321.91,-17.19,-16.09,2.49,2.48"
"322.12,-14.39,-10.73,2.49,2.46"
"322.33,-13.10,-10.97,2.51,2.47"
"322.54,-21.20,-20.85,2.51,2.47"
"322.75,-3.67,-3.01,2.52,2.46"
"322.96,-5.90,-2.63,2.48,2.45"
"323.17,-8.87,-8.73,2.50,2.46"
"323.37,-6.51,-11.07,2.50,2.49"
"323.58,-1.21,-9.81,2.50,2.47"
"323.79,-9.38,-14.75,2.52,2.47"
"324.00,-6.19,-14.70,2.48,2.47"
"324.21,-6.16,-11.89,2.51,2.48"
"324.42,-11.10,-17.26,2.51,2.49"
"324.62,-11.03,-11.40,2.52,2.46"
"324.83,-10.38,-8.43,2.51,2.47"
"325.04,-8.40,-6.10,2.49,2.45"
"325.25,-16.59,-8.53,2.51,2.47"
"325.46,-13.52,-15.57,2.48,2.47"
"325.67,-11.45,-9.93,2.50,2.48"
"325.87,-11.37,-9.29,2.49,2.47"
"326.08,-7.65,-6.95,2.49,2.46"
"326.29,-7.22,-6.80,2.52,2.48"
"326.50,-10.13,-11.46,2.51,2.47"
"326.71,-7.38,-10.76,2.50,2.48"
"326.92,-6.05,-10.11,2.51,2.48"
"327.12,-8.59,-9.49,2.51,2.47"
"327.33,-10.26,-11.58,2.49,2.46"
"327.54,-5.15,-0.79,2.49,2.46"
"327.75,-12.28,-13.96,2.50,2.46"
"327.96,-10.68,-11.73,2.51,2.48"
"328.17,-10.73,-11.59,2.49,2.45"
"328.38,-10.30,-7.91,2.48,2.46"
"328.58,-8.73,-9.06,2.50,2.47"
"328.79,-11.98,-10.19,2.50,2.48"
"329.00,-11.45,-10.70,2.50,2.45"
"329.21,-6.89,-12.22,2.51,2.47"
"329.42,-11.65,-9.37,2.50,2.47"
"329.63,-12.14,-15.06,2.50,2.47"
"329.83,-9.69,-12.26,2.50,2.47"
"330.04,-5.02,-6.62,2.50,2.47"
"330.25,-13.83,-12.59,2.50,2.46"
"330.46,-8.81,-7.75,2.51,2.47"
"330.67,-9.13,-17.77,2.50,2.47"
"330.88,-9.08,-10.96,2.51,2.46"
"331.08,-7.39,-9.24,2.49,2.47"
"331.29,-3.38,-6.60,2.49,2.48"
"331.50,-16.40,-13.51,2.49,2.46"
"331.71,-11.38,-19.29,2.48,2.47"
"331.92,-9.03,-14.08,2.51,2.47"
"332.13,-6.60,-9.35,2.51,2.47"
"332.33,-10.16,-10.94,2.50,2.48"
"332.54,-9.32,-9.42,2.51,2.47"
"332.75,-7.14,-7.95,2.51,2.47"
"332.96,-13.26,-10.98,2.49,2.47"
"333.17,-11.93,-16.44,2.50,2.47"
"333.38,-9.09,-8.17,2.50,2.48"
"333.58,-6.50,-5.72,2.51,2.47"
"333.79,-4.08,-5.92,2.50,2.46"
"334.00,-6.94,-11.66,2.51,2.48"
"334.21,-10.17,-8.39,2.50,2.48"
"334.42,-14.22,-14.57,2.50,2.47"
"334.63,-15.64,-9.77,2.51,2.46"
"334.83,-8.06,-8.21,2.50,2.47"
"335.04,-13.15,-10.48,2.50,2.48"
"335.25,-13.08,-9.49,2.51,2.49"
"335.46,-8.32,-11.42,2.51,2.46"
"335.67,-6.05,-8.40,2.50,2.46"
"335.88,-7.46,-5.32,2.51,2.47"
"336.08,-10.41,-11.97,2.50,2.47"
"336.29,-9.63,-9.99,2.51,2.48"
"336.50,-10.55,-6.87,2.50,2.46"
"336.71,-3.01,-3.16,2.50,2.47"
"336.92,-7.02,-6.48,2.50,2.47"
"337.13,-3.65,-11.89,2.50,2.46"
"337.33,-5.41,-12.30,2.49,2.48"
"337.54,-12.25,-11.44,2.50,2.48"
"337.75,-11.20,-12.16,2.53,2.49"
"337.96,-10.13,-6.61,2.50,2.49"
"338.17,-5.69,-5.57,2.48,2.47"
"338.38,-11.35,-9.30,2.50,2.47"
"338.58,-7.55,-6.82,2.52,2.47"
"338.79,-11.26,-6.27,2.49,2.46"
"339.00,-7.09,-5.01,2.49,2.47"
"339.21,-6.45,-2.41,2.50,2.46"
"339.42,-11.85,-9.93,2.50,2.47"
"339.63,-6.58,-7.58,2.49,2.48"
"339.83,-6.44,-7.67,2.49,2.47"
"340.04,-13.03,-11.59,2.50,2.47"
"340.25,-5.99,-11.43,2.50,2.46"
"340.46,-8.12,-10.89,2.49,2.47"
"340.67,-10.55,-5.04,2.51,2.47"
"340.88,-10.09,-3.87,2.49,2.46"
"341.09,-15.36,-9.43,2.49,2.48"
"341.30,-8.61,-7.53,2.49,2.47"
"341.50,-15.79,-14.87,2.50,2.47"
"341.71,-6.70,-6.64,2.48,2.46"
"341.92,-15.92,-8.14,2.49,2.47"
"342.13,-14.98,-15.13,2.49,2.48"
"342.34,-13.57,-12.68,2.49,2.47"
"342.55,-8.44,-6.36,2.50,2.47"
"342.75,-8.83,-1.85,2.50,2.48"
"342.96,-7.83,-9.28,2.48,2.47"
"343.17,-7.32,-10.71,2.50,2.47"
"343.38,-15.60,-16.97,2.51,2.48"
"343.59,-8.68,-7.84,2.49,2.46"
"343.80,-6.49,-7.69,2.49,2.47"
"344.00,-13.27,-7.53,2.50,2.46"
"344.21,-16.16,-13.20,2.49,2.48"
"344.42,-6.07,-10.84,2.49,2.46"
"344.63,-8.31,-5.24,2.50,2.46"
"344.84,-13.52,-12.26,2.50,2.48"
"345.05,-10.17,-13.89,2.49,2.47"
"345.25,-9.75,-9.09,2.50,2.46"
"345.46,-11.80,-8.26,2.50,2.47"
"345.67,-3.95,-10.62,2.48,2.48"
"345.88,-14.75,-11.69,2.48,2.46"
"346.09,-16.14,-18.18,2.49,2.47"
"346.30,-15.56,-18.77,2.48,2.47"
"346.50,-3.50,-7.45,2.49,2.47"
"346.71,-7.72,-6.77,2.51,2.46"
"346.92,-6.73,-13.50,2.50,2.47"
"347.13,-7.02,-5.73,2.51,2.49"
"347.34,-10.04,-10.19,2.50,2.47"
"347.55,-11.59,-5.58,2.51,2.48"
"347.75,-9.69,-9.31,2.50,2.47"
"347.96,-8.91,-4.88,2.50,2.47"
"348.17,-6.15,-11.33,2.49,2.48"
"348.38,-5.89,0.33,2.49,2.46"
"348.59,-8.65,-11.17,2.51,2.47"
"348.80,-13.21,-10.36,2.50,2.48"
"349.00,-11.35,-11.16,2.50,2.48"
"349.21,-11.39,-15.98,2.50,2.48"
"349.42,-12.21,-4.77,2.51,2.48"
"349.63,-6.17,-8.57,2.50,2.47"
"349.84,-6.27,-5.04,2.51,2.47"
"350.05,-3.64,-10.91,2.50,2.47"
"350.26,-10.34,-11.81,2.51,2.47"
"350.46,-9.91,-6.82,2.50,2.48"
"350.67,-12.00,-9.76,2.49,2.48"
"350.88,-8.49,-8.08,2.50,2.48"
"351.09,-6.55,-10.08,2.50,2.46"
"351.30,-7.05,-7.65,2.51,2.47"
"351.51,-6.39,-4.68,2.50,2.47"
"351.71,-15.83,-14.14,2.51,2.48"
"351.92,-11.28,-7.71,2.50,2.47"
"352.13,-9.95,-8.90,2.52,2.47"
"352.34,-11.45,-3.83,2.49,2.46"
"352.55,-12.60,-13.27,2.50,2.45"
"352.76,-6.06,-9.73,2.51,2.47"
"352.96,-6.04,-6.24,2.52,2.47"
"353.17,-9.95,-9.47,2.50,2.48"
"353.38,-10.12,-7.98,2.49,2.47"
"353.59,-1.70,-3.11,2.51,2.47"
"353.80,-5.91,-7.08,2.49,2.46"
"354.01,-7.33,-7.84,2.50,2.47"
"354.21,-9.53,-7.11,2.52,2.48"
"354.42,-12.25,-14.71,2.50,2.48"
"354.63,-13.42,-13.75,2.50,2.48"
"354.84,-6.97,-6.14,2.49,2.46"
"355.05,-5.85,-6.17,2.51,2.48"
"355.26,-10.74,-11.08,2.50,2.47"
"355.47,-3.54,-3.88,2.51,2.47"
"355.67,-11.37,-15.06,2.49,2.47"
"355.88,-8.94,-7.86,2.51,2.47"
"356.09,-11.02,-10.56,2.49,2.46"
"356.30,-11.09,-9.29,2.50,2.47"
"356.51,-0.13,-10.41,2.51,2.47"
"356.72,-10.54,-9.45,2.49,2.46"
"356.92,-9.24,-11.01,2.49,2.47"
"357.13,-9.38,-6.00,2.50,2.48"
"357.34,-12.87,-10.19,2.51,2.49"
"357.55,-10.34,-4.01,2.48,2.48"
"357.76,-13.26,-6.20,2.50,2.46"
"357.97,-12.45,-6.63,2.51,2.47"
"358.17,-8.22,-14.69,2.52,2.47"
"358.38,-9.00,-11.72,2.48,2.48"
"358.59,-11.44,-9.17,2.51,2.49"
"358.80,-7.93,-4.95,2.51,2.47"
"359.01,-21.15,-12.76,2.49,2.48"
"359.22,-14.53,-12.67,2.49,2.46"
"359.42,-9.39,-16.64,2.49,2.48"
"359.63,-10.12,-10.96,2.48,2.48"
"359.84,-7.82,-12.47,2.50,2.47"
"360.05,-8.07,-8.32,2.50,2.47"
"360.26,-7.14,-10.96,2.50,2.47"
"360.47,-11.11,-8.01,2.50,2.46"
"360.67,-9.08,-19.17,2.50,2.48"
"360.88,-11.94,-11.20,2.50,2.46"
"361.09,-12.29,-10.15,2.51,2.47"
"361.30,0.55,-7.26,2.49,2.46"
"361.51,-7.74,-9.09,2.50,2.47"
"361.72,-12.29,-13.59,2.51,2.49"
"361.92,-8.00,-13.82,2.51,2.47"
"362.13,-7.07,-12.55,2.49,2.46"
"362.34,-16.41,-15.95,2.51,2.47"
"362.55,-11.57,-10.08,2.50,2.48"
"362.76,-12.12,-11.10,2.51,2.49"
"362.97,-12.79,-4.48,2.50,2.48"
"363.17,-7.85,-6.62,2.52,2.48"
"363.38,-11.78,-8.07,2.50,2.47"
"363.59,-7.90,-9.85,2.49,2.46"
"363.80,-10.04,-9.38,2.51,2.48"
"364.01,-8.20,-9.41,2.50,2.47"
"364.22,-6.79,-8.62,2.50,2.47"
"364.42,-7.88,-6.32,2.51,2.49"
"364.63,-16.00,-15.54,2.51,2.46"
"364.84,-9.98,-13.57,2.51,2.45"
"365.05,-9.49,-2.69,2.51,2.46"
"365.26,-11.45,-10.98,2.51,2.47"
"365.47,-9.66,-4.61,2.53,2.48"
"365.67,-9.07,-7.65,2.50,2.46"
"365.88,-7.45,-6.14,2.51,2.48"
"366.09,-11.03,-7.63,2.49,2.48"
"366.30,-8.27,-13.81,2.50,2.46"
"366.51,-8.51,-6.54,2.49,2.46"
"366.72,-13.79,-14.24,2.49,2.47"
"366.92,-9.24,-7.80,2.51,2.48"
"367.13,-7.54,-13.27,2.49,2.47"
"367.34,-13.41,-9.76,2.51,2.48"
"367.55,-9.02,-7.83,2.51,2.48"
"367.76,-7.86,-6.59,2.51,2.48"
"367.97,-11.86,-4.93,2.50,2.46"
"368.18,-10.75,-10.31,2.50,2.47"
"368.38,-6.79,-12.46,2.51,2.46"
"368.59,-5.46,-10.09,2.49,2.45"
"368.80,-11.48,-7.41,2.51,2.48"
"369.01,-9.77,-3.47,2.51,2.48"
"369.22,-5.25,-4.75,2.51,2.48"
"369.43,-12.94,-6.21,2.50,2.47"
"369.63,-11.57,-14.60,2.51,2.48"
"369.84,-11.76,-7.02,2.50,2.46"
"370.05,-7.65,-9.76,2.50,2.47"
"370.26,-15.94,-14.72,2.52,2.47"
"370.47,-12.66,-13.33,2.52,2.46"
"370.68,-18.92,-12.48,2.49,2.46"
"370.88,-10.40,-11.95,2.51,2.48"
"371.09,-7.69,-9.32,2.50,2.47"
"371.30,-9.05,-5.18,2.50,2.48"
"371.51,-4.75,-3.86,2.49,2.48"
"371.72,-12.74,-9.59,2.50,2.45"
"371.93,-3.97,-9.88,2.50,2.47"
"372.13,-9.44,-8.68,2.51,2.47"
"372.34,-6.12,-6.51,2.52,2.46"
"372.55,-3.30,-11.96,2.49,2.47"
"372.76,-6.01,-6.13,2.51,2.46"
"372.97,-8.41,-11.69,2.50,2.48"
"373.18,-10.71,-14.20,2.50,2.47"
"373.39,-16.43,-11.84,2.51,2.47"
"373.59,-10.26,-8.34,2.51,2.47"
"373.80,-8.41,-10.31,2.50,2.47"
"374.01,-14.05,-10.52,2.53,2.48"
"374.22,-10.69,-11.31,2.50,2.47"
"374.43,-6.60,-7.58,2.51,2.47"
"374.64,-12.69,-13.27,2.51,2.48"
"374.84,-8.81,-5.84,2.51,2.48"
"375.05,-12.12,-13.30,2.50,2.47"
"375.26,-15.63,-20.49,2.50,2.49"
"375.47,-13.89,-15.82,2.51,2.48"
"375.68,-6.90,-10.58,2.51,2.47"
"375.89,-8.83,-9.98,2.50,2.46"
"376.09,-11.88,-10.89,2.51,2.48"
"376.30,-7.72,-6.88,2.50,2.46"
"376.51,-9.56,-8.96,2.51,2.47"
"376.72,-12.79,-14.05,2.51,2.47"
"376.93,-11.15,-8.38,2.51,2.47"
"377.14,-5.77,-10.04,2.51,2.48"
"377.35,-7.84,-15.89,2.53,2.46"
"377.55,-3.44,-5.52,2.49,2.48"
"377.76,-14.88,-8.24,2.51,2.46"
"377.97,-8.90,-7.28,2.49,2.48"
"378.18,-10.55,-11.68,2.50,2.49"
"378.39,-9.45,-4.73,2.51,2.47"
"378.59,-9.87,-13.24,2.49,2.46"
"378.80,-10.39,-12.27,2.50,2.47"
"379.01,-3.41,-4.84,2.50,2.48"
"379.22,-8.15,-11.22,2.51,2.47"
"379.43,-15.75,-9.92,2.50,2.47"
"379.64,-8.64,-8.87,2.51,2.48"
"379.84,-9.32,-16.68,2.51,2.48"
"380.05,-13.56,-9.53,2.50,2.47"
"380.26,-11.87,-1.00,2.52,2.48"
"380.47,-12.34,-6.47,2.53,2.48"
"380.68,-6.69,-7.91,2.50,2.46"
"380.89,-8.79,-7.44,2.52,2.48"
"381.09,-16.96,-9.43,2.50,2.47"
"381.30,-6.17,-6.23,2.49,2.48"
"381.51,-10.74,-10.55,2.51,2.47"
"381.72,-16.19,-16.00,2.51,2.47"
"381.93,-7.58,-5.89,2.51,2.46"
"382.14,-14.73,-10.80,2.51,2.48"
"382.35,-15.45,-19.01,2.49,2.48"
"382.55,-8.33,-9.43,2.51,2.48"
"382.76,-1.04,-10.33,2.50,2.48"
"382.97,-12.96,-13.64,2.51,2.47"
"383.18,-8.79,-12.84,2.52,2.46"
"383.39,-11.92,-10.10,2.51,2.48"
"383.60,-10.30,-13.75,2.50,2.46"
"383.80,-5.59,-5.63,2.51,2.47"
"384.01,-14.86,-14.92,2.48,2.48"
"384.22,-10.08,-7.55,2.51,2.47"
"384.43,-15.65,-12.53,2.52,2.48"
"384.64,-9.36,-4.18,2.49,2.46"
"384.85,-5.83,-5.56,2.53,2.47"
"385.05,-7.59,-10.91,2.51,2.48"
"385.26,-14.51,-11.65,2.51,2.47"
"385.47,-12.41,-13.47,2.53,2.49"
"385.68,-9.79,-7.20,2.50,2.47"
"385.89,-11.80,-10.55,2.52,2.48"
"386.10,-14.27,-11.93,2.51,2.46"
"386.30,-8.49,-12.29,2.51,2.48"
"386.51,-15.10,-11.96,2.51,2.47"
"386.72,-2.97,-7.69,2.49,2.48"
"386.93,-11.02,-11.08,2.50,2.48"
"387.14,-8.48,-8.16,2.51,2.47"
"387.35,-14.01,-9.26,2.51,2.48"
"387.55,-12.12,-12.62,2.50,2.46"
"387.76,-7.45,-7.28,2.51,2.48"
"387.97,-10.27,-10.06,2.50,2.47"
"388.18,-12.59,-11.67,2.51,2.46"
"388.39,-10.36,-14.45,2.50,2.49"
"388.60,-10.43,-8.42,2.50,2.46"
"388.80,-9.84,-10.19,2.51,2.48"
"389.01,-9.81,-15.35,2.51,2.48"
"389.22,-10.41,-8.90,2.52,2.45"
"389.43,-11.92,-14.85,2.49,2.47"
"389.64,-13.34,-8.39,2.51,2.47"
"389.85,-12.99,-10.74,2.51,2.46"
"390.05,-5.28,-4.60,2.51,2.47"
"390.26,-6.00,-13.65,2.51,2.50"
"390.47,-14.61,-11.42,2.51,2.48"
"390.68,-9.02,-4.35,2.52,2.48"
"390.89,-7.27,-7.37,2.50,2.48"
"391.10,-6.82,-11.34,2.50,2.48"
"391.31,-7.93,-9.39,2.49,2.47"
"391.51,-5.75,-5.96,2.50,2.48"
"391.72,-9.08,-9.52,2.51,2.48"
"391.93,-6.43,-12.79,2.49,2.47"
"392.14,-6.44,-8.84,2.51,2.47"
"392.35,-6.95,-17.56,2.51,2.47"
"392.56,-7.69,-5.06,2.50,2.46"
"392.76,-16.12,-14.57,2.53,2.46"
"392.97,-9.83,-7.89,2.50,2.47"
"393.18,-7.57,-9.44,2.50,2.47"
"393.39,-5.21,-5.40,2.51,2.48"
"393.60,-6.77,-7.15,2.50,2.47"
"393.80,-5.95,-15.62,2.52,2.49"
"394.01,-4.18,-3.72,2.52,2.47"
"394.22,-7.82,-5.05,2.50,2.47"
"394.43,-6.72,-4.93,2.51,2.47"
"394.64,-7.42,-8.43,2.49,2.47"
"394.85,-13.06,-14.52,2.51,2.48"
"395.06,-3.35,-14.27,2.50,2.47"
"395.27,-13.58,-9.54,2.50,2.47"
"395.47,-9.10,-8.15,2.51,2.48"
"395.68,-10.07,-9.70,2.50,2.47"
"395.89,-1.30,-12.73,2.50,2.46"
"396.10,-8.46,-9.19,2.51,2.49"
"396.31,-9.91,-7.89,2.49,2.47"
"396.52,-14.25,-16.91,2.52,2.48"
"396.72,-8.68,-8.25,2.50,2.48"
"396.93,-5.88,-8.68,2.51,2.47"
"397.14,-11.42,-9.67,2.49,2.48"
"397.35,-9.98,-6.15,2.50,2.48"
"397.56,-7.39,-14.58,2.50,2.47"
"397.77,-8.23,-9.01,2.50,2.47"
"397.97,-0.37,-0.12,2.51,2.47"
"398.18,-13.18,-10.10,2.50,2.48"
"398.39,-12.76,-12.52,2.52,2.48"
"398.60,-11.43,-14.79,2.50,2.47"
"398.81,-7.64,-13.66,2.52,2.48"
"399.02,-6.70,-6.26,2.50,2.46"
"399.22,-4.12,-3.27,2.51,2.48"
"399.43,-10.72,-6.97,2.51,2.47"
"399.64,-12.71,-10.69,2.50,2.47"
"399.85,-7.87,-9.86,2.50,2.47"
"400.06,-10.58,-13.58,2.50,2.47"
"400.27,-11.63,-13.37,2.50,2.47"
"400.47,-1.51,-5.43,2.50,2.47"
"400.68,-8.26,-7.05,2.48,2.45"
"400.89,-7.06,-7.02,2.52,2.46"
"401.10,-7.04,-0.34,2.52,2.46"
"401.31,-16.48,-10.35,2.50,2.47"
"401.52,-10.57,-7.58,2.50,2.47"
"401.72,-10.69,-10.05,2.49,2.48"
"401.93,-11.25,-15.19,2.49,2.46"
"402.14,-6.82,-10.04,2.50,2.48"
"402.35,-8.51,-11.37,2.50,2.49"
"402.56,-9.19,-5.84,2.50,2.47"
"402.77,-17.66,-14.89,2.51,2.48"
"402.97,-7.98,-10.36,2.50,2.47"
"403.18,-7.24,-5.08,2.50,2.47"
"403.39,-7.43,-0.39,2.52,2.46"
"403.60,-11.09,-11.72,2.49,2.48"
"403.81,-9.29,-13.57,2.53,2.48"
"404.02,-19.16,-18.75,2.50,2.46"
"404.23,-8.22,-11.00,2.49,2.49"
"404.43,-9.33,-14.63,2.50,2.48"
"404.64,-8.71,-8.71,2.50,2.47"
"404.85,-13.26,-14.44,2.50,2.47"
"405.06,-11.71,-6.30,2.49,2.47"
"405.27,-8.83,-15.90,2.50,2.47"
"405.48,-7.87,-4.34,2.51,2.47"
"405.68,-12.56,-11.08,2.50,2.48"
"405.89,-6.03,-3.07,2.50,2.47"
"406.10,-7.40,-6.91,2.50,2.48"
"406.31,-10.39,-12.24,2.51,2.48"
"406.52,-5.24,-13.20,2.49,2.47"
"406.73,-9.90,-12.01,2.51,2.47"
"406.93,-6.56,-9.47,2.51,2.47"
"407.14,-10.00,-15.44,2.50,2.47"
"407.35,-14.52,-12.06,2.50,2.48"
"407.56,-12.35,-10.13,2.51,2.46"
"407.77,-10.17,-6.42,2.53,2.47"
"407.98,-7.65,-7.29,2.49,2.47"
"408.18,-11.19,-9.29,2.50,2.48"
"408.39,-6.95,-9.28,2.51,2.46"
"408.60,-5.92,-5.89,2.51,2.47"
"408.81,-9.13,-8.09,2.51,2.48"
"409.02,-13.33,-8.69,2.51,2.48"
"409.23,-12.28,-8.13,2.50,2.49"
"409.44,-4.21,-6.68,2.53,2.48"
"409.64,-9.65,-9.81,2.50,2.47"
"409.85,-10.52,-4.67,2.51,2.47"
"410.06,-7.03,-12.96,2.51,2.46"
"410.27,-7.78,-10.24,2.50,2.48"
"410.48,-10.89,-13.13,2.50,2.47"
"410.69,-13.33,-10.08,2.49,2.47"
"410.89,-10.82,-7.16,2.50,2.46"
"411.10,-16.40,-16.33,2.50,2.49"
"411.31,-8.55,-7.29,2.49,2.47"
"411.52,-7.07,-7.33,2.50,2.46"
"411.73,-8.55,-8.01,2.50,2.47"
"411.94,-16.09,-18.59,2.50,2.47"
"412.14,-12.51,-12.37,2.50,2.48"
"412.35,-8.78,-6.99,2.49,2.47"
"412.56,-13.81,-11.37,2.50,2.49"
"412.77,-14.45,-3.85,2.49,2.48"
"412.98,-5.90,-6.98,2.50,2.48"
"413.19,-6.90,-13.37,2.50,2.48"
"413.39,-16.39,-14.08,2.50,2.48"
"413.60,-12.57,-15.05,2.49,2.46"
"413.81,-4.46,-11.93,2.50,2.47"
"414.02,-6.58,-10.49,2.49,2.46"
"414.23,-8.48,-10.07,2.51,2.48"
"414.44,-11.81,-11.73,2.49,2.46"
"414.64,-8.74,-18.73,2.51,2.48"
"414.85,-12.96,-7.34,2.51,2.49"
"415.06,-10.61,-12.45,2.51,2.48"
"415.27,-8.11,-2.70,2.50,2.48"
"415.48,-14.00,-15.80,2.48,2.47"
"415.69,-9.16,-9.73,2.52,2.47"
"415.89,-13.22,-8.75,2.50,2.47"
"416.10,-18.45,-13.65,2.50,2.48"
"416.31,-11.25,-13.35,2.50,2.47"
"416.52,-12.76,-14.95,2.49,2.47"
"416.73,-10.56,-8.98,2.50,2.47"
"416.94,-9.72,-12.12,2.51,2.46"
"417.14,-14.18,-12.10,2.52,2.47"
"417.35,-10.44,-8.40,2.49,2.45"
"417.56,-6.93,-7.28,2.50,2.50"
"417.77,-11.49,-8.18,2.49,2.46"
"417.98,-8.86,-10.27,2.51,2.48"
"418.19,-8.84,-10.98,2.51,2.48"
"418.40,-6.99,-6.39,2.49,2.47"
"418.60,-9.77,-7.09,2.51,2.48"
"418.81,-0.21,-7.15,2.50,2.47"
"419.02,-12.02,-11.09,2.51,2.47"
"419.23,-6.67,-1.22,2.50,2.48"
"419.44,-7.51,-4.39,2.49,2.47"
"419.64,-11.69,-11.08,2.50,2.47"
"419.85,-14.22,-14.87,2.50,2.47"
"420.06,-5.55,-11.26,2.48,2.49"
"420.27,-12.28,-7.89,2.50,2.49"
"420.48,-13.26,-17.28,2.51,2.47"
"420.69,-11.44,-15.29,2.49,2.48"
"420.90,-2.18,-3.75,2.50,2.47"
"421.10,-8.03,-10.33,2.53,2.49"
"421.31,-6.89,-19.44,2.51,2.47"
"421.52,-9.78,-5.67,2.53,2.46"
"421.73,-8.36,-9.79,2.50,2.48"
"421.94,-2.37,-4.77,2.52,2.48"
"422.15,-15.03,-5.13,2.50,2.47"
"422.35,-12.16,-12.35,2.49,2.46"
"422.56,-11.47,-15.40,2.50,2.46"
"422.77,-10.92,-7.03,2.48,2.48"
"422.98,-7.59,-5.65,2.49,2.48"
"423.19,-7.96,-11.24,2.51,2.49"
"423.40,-16.03,-17.08,2.49,2.47"
"423.61,-14.78,-3.43,2.49,2.47"
"423.81,-4.66,-3.28,2.51,2.47"
"424.02,-9.06,-7.96,2.50,2.48"
"424.23,-19.58,-15.20,2.49,2.48"
"424.44,-11.63,-12.46,2.50,2.48"
"424.65,-4.25,-8.80,2.51,2.46"
"424.86,-12.88,-9.06,2.48,2.47"
"425.06,-10.85,-10.58,2.51,2.48"
"425.27,-4.58,-7.13,2.49,2.48"
"425.48,-10.69,-13.03,2.49,2.48"
"425.69,-0.34,-8.42,2.50,2.48"
"425.90,-9.65,-11.64,2.50,2.47"
"426.11,-7.69,-4.31,2.50,2.47"
"426.31,-16.39,-15.98,2.49,2.47"
"426.52,-14.02,-12.83,2.52,2.47"
"426.73,-11.50,-11.18,2.50,2.47"
"426.94,-5.76,-7.56,2.49,2.47"
"427.15,-8.70,-9.21,2.50,2.47"
"427.36,-7.31,-5.75,2.51,2.47"
"427.57,-9.81,-9.36,2.48,2.46"
"427.77,-11.32,-12.04,2.49,2.48"
"427.98,-9.67,-9.50,2.50,2.48"
"428.19,-17.03,-13.73,2.49,2.47"
"428.40,-5.51,-6.14,2.51,2.48"
"428.61,-17.04,-15.30,2.48,2.46"
"428.82,-8.65,-11.68,2.51,2.47"
"429.02,-13.18,-11.67,2.51,2.47"
"429.23,-8.14,-10.81,2.50,2.48"
"429.44,-2.62,-4.99,2.52,2.51"
"429.65,-16.98,-12.42,2.50,2.48"
"429.86,-9.84,-12.66,2.49,2.49"
"430.07,-10.73,-7.51,2.51,2.48"
"430.27,-10.10,-17.92,2.50,2.48"
"430.48,-11.87,-13.20,2.51,2.47"
"430.69,-14.58,-12.06,2.51,2.47"
"430.90,-8.03,-7.46,2.50,2.47"
"431.11,-8.80,-4.45,2.49,2.48"
"431.32,-11.64,-10.68,2.49,2.47"
"431.52,-8.87,-13.68,2.50,2.48"
"431.73,-12.98,-9.84,2.51,2.47"
"431.94,-6.46,-6.31,2.49,2.48"
"432.15,-9.71,-5.95,2.49,2.47"
"432.36,-10.25,-6.83,2.51,2.48"
"432.57,-5.02,-9.76,2.48,2.47"
"432.77,-7.61,-8.85,2.50,2.47"
"432.98,-4.60,-10.82,2.49,2.48"
"433.19,-13.61,-12.71,2.48,2.46"
"433.40,-12.35,-8.85,2.50,2.48"
"433.61,-10.41,-2.00,2.49,2.47"
"433.82,-0.82,-4.34,2.50,2.47"
"434.02,-12.53,-10.42,2.49,2.48"
"434.23,-3.54,3.28,2.48,2.47"
"434.44,-14.11,-7.21,2.50,2.47"
"434.65,-7.79,-11.08,2.48,2.47"
"434.86,-9.88,-14.27,2.51,2.48"
"435.07,-9.83,-10.22,2.49,2.48"
"435.27,-10.81,-12.02,2.48,2.47"
"435.48,-13.85,-11.49,2.51,2.47"
"435.69,-7.65,-15.70,2.50,2.48"
"435.90,-1.87,-0.69,2.51,2.48"
"436.11,-9.15,-5.04,2.51,2.47"
"436.32,-10.58,-8.25,2.49,2.47"
"436.52,-11.56,-9.94,2.50,2.48"
"436.73,-9.18,-5.07,2.50,2.47"
"436.94,-9.90,-11.65,2.49,2.50"
"437.15,-9.87,-3.07,2.49,2.47"
"437.36,-6.90,-8.60,2.49,2.48"
"437.57,-11.88,-12.09,2.50,2.48"
"437.77,-9.95,-8.64,2.50,2.47"
"437.98,-9.37,-6.94,2.50,2.47"
"438.19,-2.63,-7.12,2.51,2.48"
"438.40,-7.25,-10.52,2.51,2.47"
"438.61,-8.76,-6.00,2.50,2.46"
"438.82,-11.65,-4.85,2.51,2.46"
"439.02,-8.21,-14.14,2.49,2.49"
"439.23,-8.07,-11.99,2.50,2.48"
"439.44,-8.85,-7.88,2.50,2.47"
"439.65,-11.43,-7.35,2.49,2.47"
"439.86,-15.80,-14.52,2.50,2.47"
"440.07,-3.72,-5.37,2.52,2.47"
"440.27,-11.22,-8.92,2.49,2.47"
"440.48,-17.48,-16.10,2.49,2.46"
"440.69,-11.60,-8.24,2.51,2.49"
"440.90,-13.89,-12.68,2.52,2.48"
"441.11,-10.65,-4.96,2.50,2.47"
"441.32,-8.63,-6.71,2.49,2.49"
"441.53,-16.67,-11.68,2.49,2.48"
"441.73,-5.53,-10.87,2.49,2.47"
"441.94,-9.83,-6.49,2.50,2.47"
"442.15,-10.00,-8.42,2.50,2.47"
"442.36,-11.69,-10.31,2.50,2.46"
"442.57,-10.46,-8.56,2.51,2.47"
"442.78,-13.28,-12.00,2.50,2.47"
"442.98,-12.01,-8.03,2.48,2.47"
"443.19,-10.06,-10.86,2.49,2.48"
"443.40,-8.99,-7.58,2.48,2.47"
"443.61,-10.82,-9.46,2.50,2.46"
"443.82,-13.14,-6.81,2.51,2.48"
"444.03,-13.05,-12.97,2.47,2.47"
"444.23,-8.09,-10.09,2.49,2.47"
"444.44,-12.14,-11.87,2.50,2.48"
"444.65,-10.01,-12.74,2.50,2.47"
"444.86,-11.15,-11.22,2.50,2.47"
"445.07,-5.54,-10.74,2.51,2.47"
"445.28,-13.98,-14.57,2.49,2.49"
"445.49,-10.00,-6.93,2.50,2.48"
"445.69,-11.13,-9.85,2.50,2.47"
"445.90,-11.03,-10.41,2.50,2.47"
"446.11,-8.76,-10.18,2.51,2.49"
"446.32,-11.02,-12.55,2.50,2.47"
"446.53,-7.97,-7.45,2.50,2.47"
"446.74,-9.97,-5.78,2.50,2.46"
"446.94,-8.43,-8.78,2.47,2.48"
"447.15,-4.07,-7.42,2.49,2.49"
"447.36,-10.92,-8.49,2.50,2.48"
"447.57,-7.79,-8.97,2.48,2.47"
"447.78,-11.05,-10.01,2.48,2.48"
"447.98,-10.39,-12.59,2.49,2.47"
"448.19,-14.94,-20.10,2.48,2.47"
"448.40,-10.44,-8.47,2.52,2.48"
"448.61,-14.34,-18.12,2.48,2.47"
"448.82,-10.24,-8.70,2.47,2.48"
"449.03,-6.96,-7.05,2.50,2.45"
"449.24,-7.81,-12.49,2.49,2.46"
"449.44,-12.30,-12.66,2.49,2.49"
"449.65,-10.72,-7.30,2.49,2.47"
"449.86,-10.51,-7.07,2.50,2.48"
"450.07,-9.40,-6.96,2.49,2.47"
"450.28,-9.36,-9.70,2.49,2.48"
"450.49,-8.26,-11.60,2.50,2.47"
"450.70,-7.36,-10.49,2.51,2.48"
"450.90,-8.07,-11.18,2.50,2.48"
"451.11,-9.19,-9.86,2.49,2.48"
"451.32,-15.06,-13.45,2.51,2.48"
"451.53,-12.79,-14.78,2.49,2.48"
"451.74,-10.15,-9.45,2.49,2.47"
"451.95,-7.26,-16.16,2.50,2.47"
"452.15,-9.65,-11.29,2.51,2.46"
"452.36,-7.56,-6.72,2.51,2.47"
"452.57,-13.97,-11.57,2.49,2.47"
"452.78,-9.18,-11.35,2.50,2.48"
"452.99,-13.56,-10.51,2.49,2.46"
"453.20,-5.84,-6.59,2.49,2.47"
"453.40,-11.83,-9.02,2.50,2.48"
"453.61,-12.51,-11.51,2.48,2.47"
"453.82,-11.49,-12.91,2.48,2.47"
"454.03,-8.19,-12.82,2.49,2.47"
"454.24,-13.69,-9.69,2.50,2.46"
"454.45,-10.71,-9.19,2.49,2.48"
"454.65,-11.36,-14.86,2.51,2.47"
"454.86,-7.74,-12.84,2.51,2.48"
"455.07,-9.26,-10.90,2.51,2.46"
"455.28,-3.72,-7.13,2.49,2.48"
"455.49,-8.04,-11.03,2.50,2.48"
"455.70,-10.44,-9.06,2.50,2.47"
"455.91,-10.64,-5.54,2.50,2.47"
"456.11,-9.83,-7.10,2.48,2.47"
"456.32,-10.19,-8.79,2.50,2.47"
"456.53,-11.77,-10.17,2.49,2.47"
"456.74,-14.06,-10.05,2.51,2.47"
"456.95,-7.69,-9.61,2.50,2.47"
"457.16,-8.72,-8.87,2.50,2.47"
"457.36,-11.81,-11.81,2.50,2.48"
"457.57,-8.87,-9.25,2.50,2.48"
"457.78,-12.32,-14.08,2.50,2.48"
"457.99,-6.64,-8.28,2.48,2.46"
"458.20,-9.07,-10.54,2.50,2.47"
"458.41,-5.96,-7.00,2.50,2.47"
"458.61,-10.32,-11.31,2.49,2.48"
"458.82,-13.04,-13.05,2.49,2.48"
"459.03,-8.17,-8.64,2.51,2.48"
"459.24,-2.04,-1.59,2.50,2.48"
"459.45,-6.22,-7.75,2.49,2.47"
"459.66,-5.09,-5.88,2.49,2.47"
"459.86,-7.81,-9.04,2.50,2.48"
"460.07,-9.52,-6.46,2.50,2.47"
"460.28,-14.25,-12.76,2.49,2.48"
"460.49,-14.82,-7.61,2.48,2.48"
"460.70,-13.83,-9.87,2.49,2.47"
"460.91,-13.68,-11.05,2.49,2.48"
"461.11,-7.03,-8.30,2.51,2.47"
"461.32,-7.45,-10.27,2.51,2.48"
"461.53,-8.78,-4.38,2.49,2.47"
"461.74,-4.86,-10.21,2.48,2.47"
"461.95,-6.39,-9.77,2.52,2.48"
"462.16,-12.89,-14.54,2.48,2.46"
"462.36,-4.01,-9.91,2.50,2.48"
"462.57,-11.48,-9.23,2.51,2.47"
"462.78,-13.23,-9.81,2.51,2.47"
"462.99,-9.41,-8.46,2.49,2.47"
"463.20,-9.57,-9.62,2.49,2.47"
"463.41,-9.09,-9.86,2.50,2.48"
"463.61,-9.27,-9.70,2.49,2.47"
"463.82,-9.21,-8.68,2.49,2.47"
"464.03,-9.32,-9.11,2.51,2.46"
"464.24,-9.52,-8.85,2.52,2.49"
"464.45,-9.51,-9.25,2.49,2.48"
"464.66,-9.44,-9.73,2.50,2.48"
"464.86,-9.57,-9.51,2.49,2.47"
"465.07,-11.55,-11.59,2.49,2.49"
"465.28,-8.64,-9.75,2.51,2.47"
"465.49,-9.69,-9.43,2.50,2.48"
"465.70,-9.35,-9.61,2.50,2.48"
"465.91,-9.67,-9.61,2.51,2.47"
"466.11,-9.71,-9.57,2.49,2.47"
"466.32,-9.79,-9.75,2.50,2.48"
"466.53,-9.72,-9.77,2.50,2.46"
"466.74,-9.81,-9.56,2.49,2.48"
"466.95,-9.69,-9.59,2.49,2.47"
"467.16,-9.88,-9.60,2.50,2.48"
"467.36,-9.51,-9.73,2.50,2.47"
"467.57,-9.74,-9.81,2.50,2.47"
"467.78,-9.70,-9.62,2.49,2.48"
