"0.62,-39.04,-9.64,2.51,2.48"
"0.83,-9.87,-9.24,2.52,2.48"
"1.03,-10.00,-9.65,2.52,2.48"
"1.24,-9.91,-9.90,2.52,2.49"
"1.45,-9.66,-10.05,2.52,2.49"
"1.66,-9.52,-10.09,2.51,2.48"
"1.87,-9.44,-9.91,2.51,2.49"
"2.08,-9.60,-9.69,2.51,2.48"
"2.28,-9.90,-9.41,2.51,2.48"
"2.49,-10.14,-9.58,2.51,2.48"
"2.70,-9.94,-9.40,2.51,2.48"
"2.91,-9.77,-9.72,2.51,2.49"
"3.12,-9.57,-9.96,2.53,2.49"
"3.33,-9.35,-10.13,2.52,2.49"
"3.53,-9.41,-10.04,2.51,2.48"
"3.74,-9.56,-9.76,2.51,2.48"
"3.95,-9.49,-9.58,2.50,2.49"
"4.16,-10.23,-9.45,2.50,2.48"
"4.37,-8.87,-9.76,2.51,2.49"
"4.58,-9.23,-9.94,2.52,2.48"
"4.78,-9.87,-10.13,2.52,2.48"
"4.99,-10.01,-9.53,2.51,2.49"
"5.20,-10.20,-9.70,2.52,2.49"
"5.41,-10.24,-8.86,2.52,2.50"
"5.62,-9.74,-9.95,2.52,2.50"
"5.82,-8.05,-7.98,2.52,2.48"
"6.03,-9.99,-10.22,2.51,2.49"
"6.24,-11.45,-11.24,2.51,2.49"
"6.45,-9.08,-10.71,2.52,2.49"
"6.66,-9.79,-9.94,2.52,2.49"
"6.87,-10.15,-8.98,2.52,2.48"
"7.07,-9.98,-9.70,2.51,2.47"
"7.28,-9.62,-10.26,2.52,2.49"
"7.49,-9.95,-9.44,2.51,2.51"
"7.70,-9.78,-10.01,2.52,2.49"
"7.91,-8.85,-9.04,2.52,2.50"
"8.12,-9.73,-10.23,2.50,2.47"
"8.32,-9.28,-10.28,2.51,2.48"
"8.53,-9.63,-9.35,2.51,2.49"
"8.74,-10.74,-9.46,2.52,2.48"
"8.95,-9.57,-9.82,2.51,2.49"
"9.16,-9.02,-9.87,2.52,2.49"
"9.37,-9.28,-9.12,2.51,2.49"
"9.57,-10.73,-9.01,2.52,2.49"
"9.78,-10.17,-9.63,2.51,2.48"
"9.99,-8.17,-9.84,2.52,2.48"
"10.20,-8.74,-9.39,2.51,2.50"
"10.41,-10.44,-8.59,2.51,2.49"
"10.61,-10.21,-9.17,2.51,2.49"
"10.82,-10.08,-9.84,2.52,2.51"
"11.03,-8.73,-10.30,2.51,2.49"
"11.24,-9.11,-9.67,2.52,2.48"
"11.45,-9.91,-9.94,2.51,2.50"
"11.66,-9.57,-8.57,2.52,2.49"
"11.87,-10.18,-9.66,2.52,2.48"
"12.07,-9.31,-9.41,2.52,2.49"
"12.28,-9.97,-10.87,2.51,2.48"
"12.49,-9.41,-9.21,2.51,2.51"
"12.70,-8.64,-8.90,2.52,2.49"
"12.91,-10.13,-9.93,2.51,2.49"
"13.12,-9.30,-11.22,2.52,2.48"
"13.32,-8.56,-9.36,2.52,2.48"
"13.53,-9.73,-8.63,2.51,2.49"
"13.74,-9.65,-10.01,2.52,2.49"
"13.95,-9.49,-10.08,2.52,2.48"
"14.16,-9.56,-9.93,2.51,2.48"
"14.36,-9.33,-8.53,2.51,2.47"
"14.57,-9.93,-9.42,2.51,2.49"
"14.78,-8.88,-9.72,2.52,2.49"
"14.99,-10.08,-10.61,2.52,2.49"
"15.20,-9.03,-10.75,2.52,2.49"
"15.41,-9.68,-9.64,2.51,2.49"
"15.62,-9.78,-9.72,2.52,2.48"
"15.82,-9.84,-9.66,2.52,2.49"
"16.03,-10.03,-9.63,2.51,2.48"
"16.24,-9.81,-9.68,2.52,2.50"
"16.45,-9.64,-9.77,2.51,2.48"
"16.66,-9.60,-9.94,2.52,2.49"
"16.86,-9.40,-9.74,2.51,2.49"
"17.07,-9.61,-9.51,2.52,2.49"
"17.28,-9.86,-9.51,2.51,2.48"
"17.49,-9.80,-9.73,2.51,2.51"
"17.70,-9.62,-9.92,2.51,2.49"
"17.91,-9.79,-9.93,2.51,2.48"
"18.11,-9.51,-9.68,2.52,2.48"
"18.32,-9.69,-9.73,2.51,2.48"
"18.53,-9.79,-9.58,2.52,2.50"
"18.74,-9.90,-9.77,2.52,2.49"
"18.95,-9.81,-9.95,2.51,2.49"
"19.16,-9.64,-9.81,2.51,2.50"
"19.36,-9.65,-9.63,2.53,2.48"
"19.57,-9.74,-9.56,2.51,2.48"
"19.78,-9.84,-9.51,2.51,2.49"
"19.99,-9.84,-9.84,2.52,2.48"
"20.20,-9.46,-10.09,2.52,2.49"
"20.41,-12.06,-9.07,2.52,2.48"
"20.61,-10.41,-9.63,2.52,2.50"
"20.82,-10.50,-8.49,2.50,2.49"
"21.03,-9.62,-11.38,2.52,2.48"
"21.24,-14.47,-10.54,2.51,2.52"
"21.45,-8.47,-14.39,2.50,2.48"
"21.66,-8.91,-16.46,2.52,2.49"
"21.86,-6.45,-6.42,2.50,2.48"
"22.07,-10.04,-9.27,2.51,2.49"
"22.28,-8.77,-10.97,2.53,2.49"
"22.49,-6.48,-6.72,2.52,2.48"
"22.70,-14.74,-11.57,2.51,2.48"
"22.91,-9.00,-10.62,2.51,2.49"
"23.11,-6.78,-10.18,2.52,2.50"
"23.32,-9.56,-8.37,2.53,2.49"
"23.53,-13.15,-9.23,2.53,2.50"
"23.74,-12.27,-12.89,2.52,2.48"
"23.95,-13.28,-10.63,2.51,2.49"
"24.16,-12.32,-11.88,2.52,2.49"
"24.36,-10.07,-11.56,2.52,2.49"
"24.57,-9.31,-9.56,2.52,2.49"
"24.78,-7.17,-10.35,2.52,2.49"
"24.99,-5.32,-12.09,2.52,2.48"
"25.20,-10.86,-6.57,2.51,2.49"
"25.41,-14.85,-11.16,2.52,2.48"
"25.61,-10.18,-12.43,2.51,2.49"
"25.82,-7.26,-8.16,2.52,2.51"
"26.03,-9.59,-11.20,2.50,2.49"
"26.24,-11.13,-10.99,2.51,2.51"
"26.45,-9.60,-12.95,2.52,2.49"
"26.66,-8.41,-8.27,2.51,2.50"
"26.86,-13.73,-13.37,2.52,2.48"
"27.07,-8.50,-9.26,2.49,2.48"
"27.28,-4.76,-5.52,2.52,2.48"
"27.49,-7.58,-14.12,2.50,2.48"
"27.70,-13.73,-11.31,2.52,2.49"
"27.91,-9.41,-13.32,2.52,2.49"
"28.11,-8.57,-10.09,2.50,2.49"
"28.32,-10.26,-9.86,2.51,2.48"
"28.53,-10.12,-9.28,2.53,2.49"
"28.74,-9.46,-11.11,2.52,2.49"
"28.95,-11.17,-11.01,2.51,2.50"
"29.16,-7.43,-11.15,2.51,2.50"
"29.36,-14.83,-10.30,2.51,2.49"
"29.57,-6.44,-6.72,2.51,2.48"
"29.78,-8.26,-7.91,2.51,2.49"
"29.99,-5.56,-8.26,2.51,2.48"
"30.20,-11.97,-4.28,2.52,2.48"
"30.41,-6.88,-10.33,2.51,2.50"
"30.61,-8.25,-9.60,2.51,2.49"
"30.82,-9.06,-11.21,2.50,2.50"
"31.03,-11.15,-9.33,2.51,2.49"
"31.24,-7.96,-9.22,2.52,2.48"
"31.45,-10.70,-10.27,2.51,2.49"
"31.66,-13.10,-13.93,2.51,2.48"
"31.86,-11.45,-6.97,2.53,2.49"
"32.07,-5.80,-11.40,2.52,2.50"
"32.28,-10.75,-6.95,2.51,2.50"
"32.49,-11.20,-8.52,2.52,2.48"
"32.70,-11.26,-9.86,2.52,2.49"
"32.91,-8.96,-10.35,2.51,2.48"
"33.12,-3.73,-2.81,2.52,2.48"
"33.32,-9.31,-8.63,2.52,2.49"
"33.53,-11.38,-16.92,2.51,2.49"
"33.74,-13.84,-16.76,2.51,2.50"
"33.95,-14.73,-8.54,2.51,2.48"
"34.16,-10.35,-10.93,2.52,2.50"
"34.37,-9.01,-11.78,2.53,2.50"
"34.57,-1.75,-9.56,2.51,2.49"
"34.78,-9.07,-10.56,2.50,2.50"
"34.99,-8.31,-10.65,2.51,2.50"
"35.20,-10.07,-10.06,2.49,2.48"
"35.41,-10.87,-8.69,2.51,2.48"
"35.62,-10.37,-9.30,2.51,2.48"
"35.82,-9.72,-8.70,2.51,2.49"
"36.03,-5.06,-8.28,2.50,2.49"
"36.24,-13.07,-11.22,2.51,2.48"
"36.45,-13.33,-10.35,2.52,2.48"
"36.66,-10.30,-11.07,2.53,2.50"
"36.87,-14.08,-11.31,2.51,2.48"
"37.07,-7.72,-10.54,2.52,2.49"
"37.28,-8.03,-9.58,2.51,2.49"
"37.49,-7.92,-9.21,2.52,2.49"
"37.70,-8.19,-8.65,2.52,2.49"
"37.91,-9.78,-12.90,2.51,2.50"
"38.12,-14.63,-4.14,2.51,2.48"
"38.32,-10.03,-10.29,2.52,2.50"
"38.53,-11.83,-10.83,2.51,2.48"
"38.74,-11.90,-11.95,2.51,2.49"
"38.95,-11.63,-11.54,2.51,2.48"
"39.16,-8.07,-7.65,2.51,2.47"
"39.37,-10.32,-9.04,2.51,2.48"
"39.57,-9.61,-11.68,2.50,2.49"
"39.78,-10.95,-11.26,2.51,2.49"
"39.99,-10.18,-5.22,2.52,2.48"
"40.20,-7.98,-9.35,2.52,2.49"
"40.41,-9.56,-9.03,2.52,2.48"
"40.62,-8.68,-12.94,2.52,2.49"
"40.82,-7.65,-8.60,2.52,2.49"
"41.03,-7.07,-8.89,2.48,2.46"
"41.24,-9.69,-10.68,2.50,2.48"
"41.45,-7.66,-8.98,2.51,2.49"
"41.66,-12.21,-10.02,2.51,2.49"
"41.87,-9.31,-12.77,2.50,2.49"
"42.07,-13.54,-10.96,2.52,2.50"
"42.28,-7.72,-9.95,2.51,2.49"
"42.49,-11.76,-10.78,2.51,2.49"
"42.70,-6.31,-10.43,2.50,2.49"
"42.91,-9.83,-9.93,2.52,2.50"
"43.12,-11.16,-9.19,2.51,2.49"
"43.32,-8.68,-6.65,2.51,2.49"
"43.53,-14.26,-16.57,2.51,2.48"
"43.74,-10.07,-11.79,2.51,2.49"
"43.95,-8.68,-5.63,2.51,2.49"
"44.16,-7.68,-9.44,2.50,2.49"
"44.37,-9.19,-10.56,2.52,2.49"
"44.57,-8.84,-10.18,2.50,2.48"
"44.78,-11.87,-10.67,2.50,2.50"
"44.99,-9.66,-10.41,2.50,2.49"
"45.20,-9.08,-12.07,2.52,2.48"
"45.41,-8.07,-11.77,2.51,2.49"
"45.62,-12.89,-11.57,2.53,2.49"
"45.83,-9.70,-8.43,2.51,2.49"
"46.03,-9.35,-11.49,2.52,2.48"
"46.24,-8.92,-9.75,2.52,2.51"
"46.45,-10.89,-10.11,2.53,2.49"
"46.66,-9.15,-7.36,2.50,2.49"
"46.87,-11.18,-11.92,2.51,2.49"
"47.07,-11.20,-9.94,2.51,2.50"
"47.28,-10.27,-9.74,2.52,2.49"
"47.49,-5.32,-9.53,2.52,2.49"
"47.70,-11.03,-10.45,2.51,2.49"
"47.91,-10.05,-11.35,2.51,2.50"
"48.12,-11.38,-10.33,2.53,2.48"
"48.32,-10.83,-9.52,2.52,2.49"
"48.53,-8.93,-9.37,2.51,2.48"
"48.74,-7.08,-8.81,2.51,2.51"
"48.95,-9.32,-12.52,2.52,2.50"
"49.16,-11.84,-9.96,2.51,2.49"
"49.37,-5.26,-8.96,2.50,2.48"
"49.57,-8.93,-8.14,2.51,2.49"
"49.78,-9.32,-11.59,2.52,2.48"
"49.99,-11.15,-7.25,2.52,2.48"
"50.20,-8.63,-9.00,2.51,2.49"
"50.41,-12.15,-10.60,2.51,2.49"
"50.62,-10.41,-12.07,2.50,2.49"
"50.83,-9.40,-8.29,2.51,2.49"
"51.03,-9.49,-8.71,2.51,2.49"
"51.24,-11.40,-12.56,2.51,2.50"
"51.45,-10.59,-10.29,2.51,2.49"
"51.66,-10.19,-10.85,2.51,2.48"
"51.87,-10.72,-13.58,2.52,2.50"
"52.07,-8.53,-10.64,2.52,2.50"
"52.28,-9.52,-8.20,2.51,2.50"
"52.49,-6.86,-10.84,2.52,2.48"
"52.70,-12.33,-9.56,2.52,2.49"
"52.91,-11.11,-13.90,2.51,2.49"
"53.12,-11.59,-8.20,2.51,2.48"
"53.32,-7.83,-10.95,2.52,2.49"
"53.53,-11.17,-9.62,2.50,2.49"
"53.74,-9.39,-8.16,2.53,2.49"
"53.95,-10.08,-8.91,2.51,2.49"
"54.16,-8.23,-11.65,2.52,2.49"
"54.37,-10.07,-9.41,2.52,2.50"
"54.58,-10.24,-10.01,2.51,2.48"
"54.78,-7.72,-10.78,2.52,2.48"
"54.99,-9.99,-7.42,2.51,2.50"
"55.20,-11.05,-7.36,2.50,2.49"
"55.41,-13.22,-9.75,2.53,2.50"
"55.62,-10.71,-12.93,2.51,2.48"
"55.83,-11.96,-9.49,2.51,2.48"
"56.03,-12.83,-11.50,2.51,2.48"
"56.24,-11.31,-7.98,2.52,2.48"
"56.45,-4.05,-10.21,2.52,2.49"
"56.66,-10.45,-10.04,2.51,2.49"
"56.87,-9.39,-9.47,2.51,2.48"
"57.08,-10.12,-9.09,2.52,2.48"
"57.28,-8.41,-7.87,2.51,2.48"
"57.49,-12.50,-10.28,2.52,2.48"
"57.70,-9.34,-9.85,2.52,2.49"
"57.91,-9.08,-8.79,2.52,2.49"
"58.12,-10.24,-11.32,2.50,2.48"
"58.32,-10.66,-10.62,2.51,2.49"
"58.53,-8.68,-8.99,2.53,2.49"
"58.74,-9.63,-10.91,2.51,2.49"
"58.95,-10.60,-8.88,2.52,2.50"
"59.16,-8.25,-8.98,2.53,2.49"
"59.37,-10.06,-8.62,2.51,2.50"
"59.58,-7.56,-10.19,2.51,2.49"
"59.78,-16.10,-10.86,2.50,2.48"
"59.99,-9.26,-9.38,2.51,2.49"
"60.20,-8.18,-9.61,2.51,2.49"
"60.41,-9.37,-9.24,2.52,2.48"
"60.62,-10.31,-9.77,2.51,2.49"
"60.83,-10.78,-9.13,2.51,2.50"
"61.03,-8.07,-11.04,2.52,2.49"
"61.24,-11.84,-11.88,2.52,2.50"
"61.45,-9.22,-12.30,2.50,2.48"
"61.66,-13.48,-9.37,2.51,2.50"
"61.87,-8.21,-9.93,2.51,2.49"
"62.07,-10.26,-12.20,2.52,2.49"
"62.28,-10.75,-10.66,2.51,2.49"
"62.49,-8.33,-7.03,2.52,2.49"
"62.70,-9.68,-10.59,2.52,2.49"
"62.91,-11.63,-11.11,2.52,2.49"
"63.12,-13.72,-8.83,2.51,2.49"
"63.33,-11.38,-7.78,2.51,2.50"
"63.53,-6.21,-9.73,2.51,2.48"
"63.74,-11.52,-9.50,2.51,2.50"
"63.95,-8.15,-8.38,2.52,2.49"
"64.16,-9.56,-9.38,2.52,2.49"
"64.37,-9.15,-10.78,2.51,2.49"
"64.57,-11.91,-9.69,2.52,2.48"
"64.78,-10.50,-11.72,2.52,2.48"
"64.99,-9.15,-9.58,2.52,2.49"
"65.20,-7.68,-10.49,2.51,2.49"
"65.41,-10.21,-9.51,2.51,2.48"
"65.62,-10.95,-10.94,2.51,2.49"
"65.82,-8.95,-6.76,2.50,2.50"
"66.03,-8.90,-9.67,2.52,2.48"
"66.24,-11.03,-9.44,2.51,2.49"
"66.45,-10.03,-9.98,2.52,2.48"
"66.66,-7.41,-11.12,2.52,2.48"
"66.87,-12.37,-7.66,2.52,2.49"
"67.07,-11.02,-12.18,2.51,2.49"
"67.28,-8.80,-9.23,2.52,2.49"
"67.49,-10.86,-10.80,2.53,2.49"
"67.70,-7.23,-7.65,2.51,2.49"
"67.91,-10.47,-9.33,2.53,2.49"
"68.12,-10.57,-9.84,2.52,2.48"
"68.32,-10.40,-9.37,2.51,2.50"
"68.53,-8.98,-6.67,2.52,2.49"
"68.74,-8.46,-9.02,2.51,2.49"
"68.95,-10.34,-7.91,2.51,2.50"
"69.16,-7.28,-5.81,2.52,2.48"
"69.37,-8.41,-11.91,2.50,2.49"
"69.57,-12.27,-8.98,2.52,2.49"
"69.78,-12.40,-12.09,2.52,2.49"
"69.99,-10.05,-9.61,2.52,2.49"
"70.20,-10.60,-9.20,2.51,2.49"
"70.41,-8.21,-11.40,2.51,2.48"
"70.62,-9.91,-10.35,2.52,2.48"
"70.82,-7.94,-8.40,2.50,2.48"
"71.03,-10.14,-11.69,2.52,2.49"
"71.24,-10.72,-9.90,2.51,2.48"
"71.45,-10.63,-8.45,2.51,2.49"
"71.66,-5.80,-8.17,2.51,2.49"
"71.87,-8.96,-10.09,2.51,2.49"
"72.07,-10.52,-8.69,2.51,2.49"
"72.28,-9.65,-10.01,2.53,2.48"
"72.49,-12.45,-15.15,2.51,2.49"
"72.70,-9.39,-8.77,2.51,2.48"
"72.91,-8.98,-9.10,2.52,2.49"
"73.12,-4.13,-8.34,2.53,2.50"
"73.32,-11.59,-11.57,2.51,2.49"
"73.53,-9.15,-9.48,2.53,2.49"
"73.74,-12.57,-11.83,2.52,2.49"
"73.95,-9.07,-11.12,2.52,2.49"
"74.16,-10.05,-8.04,2.50,2.48"
"74.37,-11.91,-9.66,2.52,2.49"
"74.57,-9.07,-12.01,2.52,2.49"
"74.78,-11.51,-6.51,2.52,2.49"
"74.99,-9.71,-8.79,2.52,2.48"
"75.20,-10.76,-7.94,2.52,2.50"
"75.41,-10.80,-6.93,2.51,2.50"
"75.62,-6.16,-6.25,2.52,2.50"
"75.82,-12.63,-11.80,2.52,2.50"
"76.03,-11.78,-8.83,2.52,2.49"
"76.24,-7.33,-9.18,2.50,2.49"
"76.45,-7.10,-8.00,2.51,2.48"
"76.66,-7.57,-9.52,2.51,2.49"
"76.87,-9.55,-5.80,2.50,2.48"
"77.07,-7.83,-8.08,2.51,2.49"
"77.28,-12.17,-10.34,2.52,2.48"
"77.49,-9.83,-10.00,2.51,2.48"
"77.70,-10.05,-7.98,2.50,2.49"
"77.91,-7.22,-12.56,2.52,2.50"
"78.12,-8.62,-9.96,2.51,2.48"
"78.32,-9.46,-8.56,2.52,2.49"
"78.53,-8.47,-8.16,2.51,2.48"
"78.74,-11.57,-12.38,2.51,2.50"
"78.95,-10.64,-12.41,2.50,2.49"
"79.16,-8.95,-10.00,2.51,2.49"
"79.37,-13.43,-8.64,2.51,2.48"
"79.57,-5.79,-6.75,2.50,2.49"
"79.78,-6.26,-7.15,2.51,2.48"
"79.99,-14.74,-12.78,2.51,2.49"
"80.20,-8.27,-9.33,2.50,2.49"
"80.41,-8.90,-9.08,2.52,2.48"
"80.62,-8.82,-6.49,2.54,2.48"
"80.82,-7.93,-11.77,2.52,2.48"
"81.03,-6.42,-4.69,2.51,2.48"
"81.24,-8.75,-8.51,2.52,2.48"
"81.45,-6.93,-15.83,2.51,2.49"
"81.66,-11.97,-14.58,2.52,2.49"
"81.87,-7.51,-7.71,2.52,2.49"
"82.07,-14.05,-13.86,2.52,2.49"
"82.28,-10.03,-7.19,2.53,2.49"
"82.49,-12.30,-10.56,2.51,2.50"
"82.70,-10.86,-12.54,2.52,2.49"
"82.91,-9.16,-9.39,2.50,2.49"
"83.12,-13.08,-8.30,2.51,2.50"
"83.32,-5.59,-8.24,2.51,2.49"
"83.53,-9.77,-17.88,2.51,2.51"
"83.74,-12.07,-5.79,2.52,2.49"
"83.95,-9.40,-8.85,2.50,2.49"
"84.16,-10.77,-6.60,2.50,2.48"
"84.37,-0.98,-3.81,2.50,2.49"
"84.57,-6.82,-8.79,2.52,2.49"
"84.78,-16.10,-14.87,2.51,2.48"
"84.99,-8.25,-18.57,2.51,2.48"
"85.20,-11.40,-3.12,2.50,2.49"
"85.41,-7.94,-10.07,2.51,2.49"
"85.62,-11.92,-11.84,2.52,2.48"
"85.82,-9.74,-6.33,2.50,2.48"
"86.03,-8.29,-12.93,2.50,2.49"
"86.24,-10.29,-6.58,2.53,2.50"
"86.45,-15.36,-13.18,2.51,2.49"
"86.66,-7.57,-7.20,2.50,2.48"
"86.87,-9.06,-5.80,2.51,2.49"
"87.07,-5.24,-14.41,2.52,2.49"
"87.28,-13.41,-10.24,2.51,2.48"
"87.49,-8.10,-13.33,2.51,2.49"
"87.70,-3.77,-9.06,2.52,2.48"
"87.91,-5.58,-12.46,2.51,2.50"
"88.12,-8.60,-7.57,2.52,2.48"
"88.32,-10.49,-8.32,2.51,2.48"
"88.53,-11.59,-8.55,2.53,2.48"
"88.74,-13.87,-12.96,2.50,2.49"
"88.95,-16.01,-15.44,2.51,2.51"
"89.16,-11.24,-9.67,2.52,2.49"
"89.37,-10.59,-12.56,2.51,2.49"
"89.57,-8.39,-9.64,2.50,2.48"
"89.78,-4.21,-6.51,2.52,2.50"
"89.99,-10.33,-12.33,2.52,2.49"
"90.20,-10.03,-10.74,2.51,2.49"
"90.41,-4.94,-8.50,2.53,2.48"
"90.62,-14.42,-9.52,2.51,2.48"
"90.82,-3.72,-2.18,2.51,2.48"
"91.03,-14.00,-7.68,2.52,2.48"
"91.24,-11.98,-12.34,2.50,2.48"
"91.45,-11.40,-10.92,2.54,2.48"
"91.66,-15.31,-10.71,2.51,2.48"
"91.87,-9.10,-12.02,2.52,2.49"
"92.08,-7.73,-7.19,2.51,2.49"
"92.28,-5.89,-6.89,2.54,2.50"
"92.49,-2.09,-11.15,2.51,2.49"
"92.70,-16.44,-13.86,2.50,2.49"
"92.91,-12.65,-8.58,2.51,2.47"
"93.12,-5.86,-7.18,2.51,2.49"
"93.32,-8.94,-16.68,2.51,2.49"
"93.53,-10.30,-13.07,2.51,2.49"
"93.74,-8.37,-8.15,2.50,2.49"
"93.95,-7.75,-11.91,2.52,2.49"
"94.16,-5.24,-3.85,2.52,2.50"
"94.37,-10.00,-11.49,2.53,2.49"
"94.57,-9.80,-11.43,2.51,2.48"
"94.78,-10.79,-15.67,2.51,2.49"
"94.99,-7.59,-10.54,2.51,2.49"
"95.20,-9.12,-9.46,2.51,2.48"
"95.41,-6.02,-8.11,2.51,2.50"
"95.62,-13.24,-13.73,2.51,2.49"
"95.82,-10.01,-10.89,2.51,2.49"
"96.03,-11.01,-10.25,2.52,2.49"
"96.24,-13.61,-12.10,2.51,2.48"
"96.45,-7.90,-10.35,2.51,2.47"
"96.66,-9.79,-3.86,2.51,2.49"
"96.87,-6.44,-6.94,2.51,2.49"
"97.08,-5.98,-2.70,2.51,2.49"
"97.28,-10.32,-9.56,2.51,2.49"
"97.49,-8.24,-6.39,2.51,2.49"
"97.70,-9.10,-8.03,2.52,2.49"
"97.91,-9.85,-12.89,2.51,2.48"
"98.12,-12.12,-9.49,2.52,2.49"
"98.32,-13.16,-11.15,2.50,2.49"
"98.53,-15.06,-14.71,2.50,2.49"
"98.74,-6.65,-7.69,2.50,2.49"
"98.95,-11.24,-6.89,2.51,2.49"
"99.16,-8.70,-7.33,2.52,2.49"
"99.37,-7.84,-9.35,2.52,2.50"
"99.57,-10.85,-5.33,2.50,2.48"
"99.78,-7.48,-10.29,2.49,2.49"
"99.99,-13.74,-13.67,2.51,2.49"
"100.20,-7.93,-8.48,2.50,2.48"
"100.41,-9.12,-9.60,2.50,2.49"
"100.62,-6.73,-8.42,2.51,2.49"
"100.83,-11.92,-8.86,2.50,2.49"
"101.03,-13.98,-12.16,2.53,2.50"
"101.24,-11.77,-9.76,2.51,2.51"
"101.45,-8.87,-11.57,2.50,2.48"
"101.66,-0.78,2.18,2.52,2.48"
"101.87,-11.32,-6.66,2.51,2.47"
"102.08,-7.72,-7.20,2.52,2.50"
"102.28,-10.11,-8.19,2.52,2.50"
"102.49,-12.84,-10.38,2.51,2.49"
"102.70,-4.25,-10.56,2.51,2.48"
"102.91,-5.26,-5.98,2.51,2.49"
"103.12,-10.76,-10.03,2.51,2.49"
"103.33,-12.41,-8.85,2.49,2.49"
"103.54,-11.35,-11.94,2.52,2.49"
"103.74,-16.45,-13.73,2.52,2.48"
"103.95,-8.84,-12.82,2.51,2.49"
"104.16,-9.16,-15.13,2.51,2.49"
"104.37,-8.32,-7.47,2.50,2.49"
"104.58,-12.22,-15.35,2.51,2.48"
"104.79,-12.17,-10.47,2.51,2.49"
"104.99,-4.40,-4.86,2.51,2.48"
"105.20,-15.34,-11.07,2.51,2.49"
"105.41,-8.93,-7.87,2.51,2.49"
"105.62,-9.68,-6.51,2.51,2.50"
"105.83,-9.83,-9.73,2.51,2.48"
"106.04,-5.61,-7.08,2.52,2.49"
"106.24,-7.70,-8.13,2.51,2.48"
"106.45,-10.80,-9.22,2.51,2.49"
"106.66,-13.44,-17.94,2.51,2.49"
"106.87,-10.90,-7.95,2.51,2.48"
"107.08,-9.08,-11.79,2.51,2.50"
"107.29,-14.73,-15.89,2.52,2.49"
"107.49,-9.12,-6.50,2.49,2.48"
"107.70,-8.93,-11.60,2.52,2.49"
"107.91,-6.81,-11.81,2.51,2.49"
"108.12,-13.55,-10.02,2.51,2.48"
"108.33,-9.30,-7.38,2.51,2.50"
"108.54,-5.77,-6.06,2.52,2.49"
"108.74,-7.98,-9.33,2.50,2.48"
"108.95,-10.56,-6.90,2.53,2.50"
"109.16,-5.64,-3.01,2.52,2.48"
"109.37,-7.97,-7.68,2.51,2.49"
"109.58,-8.18,-10.03,2.50,2.48"
"109.79,-8.48,-11.13,2.51,2.49"
"110.00,-6.81,-8.47,2.52,2.50"
"110.20,-7.12,-8.32,2.51,2.50"
"110.41,-8.94,-11.04,2.50,2.49"
"110.62,-6.33,-10.81,2.52,2.50"
"110.83,-8.44,-8.89,2.51,2.49"
"111.04,-7.65,-8.94,2.50,2.49"
"111.25,-6.39,0.03,2.52,2.49"
"111.45,-7.86,-8.48,2.52,2.49"
"111.66,-11.23,-10.08,2.52,2.49"
"111.87,-13.57,-11.55,2.51,2.48"
"112.08,-14.42,-13.88,2.52,2.49"
"112.29,-11.39,-14.62,2.51,2.49"
"112.50,-4.20,-9.83,2.52,2.48"
"112.70,-9.81,-12.75,2.51,2.50"
"112.91,-4.67,-13.93,2.52,2.49"
"113.12,-8.91,-9.77,2.50,2.50"
"113.33,-9.96,-9.25,2.49,2.49"
"113.54,-8.63,-9.33,2.52,2.49"
"113.75,-14.47,-9.17,2.51,2.49"
"113.95,-14.00,-6.26,2.51,2.48"
"114.16,-7.23,-9.79,2.52,2.49"
"114.37,-11.20,-11.18,2.51,2.49"
"114.58,-10.22,-9.81,2.51,2.49"
"114.79,-10.67,-9.98,2.51,2.48"
"115.00,-7.62,-8.51,2.50,2.48"
"115.20,-4.04,-1.56,2.51,2.50"
"115.41,-7.27,-8.16,2.50,2.48"
"115.62,-10.22,-8.99,2.52,2.50"
"115.83,-7.78,-7.97,2.50,2.49"
"116.04,-12.17,-11.06,2.51,2.49"
"116.25,-9.20,-8.34,2.51,2.49"
"116.45,-9.24,-16.87,2.51,2.47"
"116.66,-8.84,-9.75,2.51,2.50"
"116.87,-13.39,-9.89,2.52,2.50"
"117.08,-8.82,-8.29,2.51,2.49"
"117.29,-6.71,-10.37,2.51,2.50"
"117.50,-11.67,-10.32,2.50,2.48"
"117.70,-14.30,-18.42,2.50,2.48"
"117.91,-6.33,-11.20,2.53,2.50"
"118.12,-10.90,-10.78,2.52,2.49"
"118.33,-10.08,-10.05,2.50,2.49"
"118.54,-9.60,-9.05,2.51,2.49"
"118.75,-6.95,-4.21,2.51,2.49"
"118.95,-8.85,-12.95,2.52,2.48"
"119.16,-3.83,-9.37,2.50,2.48"
"119.37,-8.80,-7.40,2.51,2.50"
"119.58,-8.05,-5.84,2.52,2.49"
"119.79,-13.45,-8.30,2.52,2.48"
"120.00,-11.89,-9.52,2.51,2.48"
"120.20,-13.99,-11.94,2.51,2.50"
"120.41,-10.81,-8.70,2.50,2.49"
"120.62,-10.38,-15.24,2.52,2.49"
"120.83,-12.66,-7.31,2.51,2.49"
"121.04,-13.96,-13.31,2.50,2.50"
"121.25,-9.48,-5.92,2.51,2.48"
"121.45,-7.92,-9.41,2.49,2.49"
"121.66,-11.08,-6.48,2.51,2.49"
"121.87,-11.21,-9.25,2.51,2.50"
"122.08,-10.39,-14.54,2.50,2.49"
"122.29,-15.44,-15.08,2.52,2.48"
"122.50,-6.97,-4.78,2.52,2.49"
"122.70,-11.15,-13.00,2.50,2.48"
"122.91,-11.03,-12.96,2.50,2.49"
"123.12,-9.93,-10.50,2.52,2.49"
"123.33,-13.13,-6.83,2.49,2.48"
"123.54,-9.61,-12.39,2.51,2.49"
"123.75,-3.78,-4.12,2.51,2.47"
"123.96,-7.93,-9.79,2.51,2.49"
"124.16,-7.62,-9.25,2.50,2.48"
"124.37,-9.87,-15.84,2.51,2.48"
"124.58,-7.46,-10.18,2.49,2.50"
"124.79,-9.05,-9.05,2.51,2.49"
"125.00,-13.18,-10.48,2.50,2.48"
"125.21,-13.33,-10.11,2.50,2.49"
"125.41,-13.38,-8.14,2.51,2.50"
"125.62,-15.47,-16.80,2.50,2.50"
"125.83,-9.58,-9.70,2.51,2.49"
"126.04,-8.39,-8.54,2.50,2.49"
"126.25,-7.81,-8.77,2.50,2.48"
"126.46,-9.02,-9.90,2.50,2.49"
"126.66,-8.83,-9.82,2.52,2.49"
"126.87,-7.11,-3.19,2.51,2.49"
"127.08,-1.90,-6.67,2.51,2.49"
"127.29,-7.26,-8.41,2.50,2.48"
"127.50,-11.56,-10.80,2.51,2.50"
"127.71,-10.36,-6.21,2.51,2.50"
"127.91,-2.08,-3.12,2.51,2.49"
"128.12,-12.30,-14.80,2.52,2.49"
"128.33,-6.74,-10.97,2.51,2.49"
"128.54,-10.62,-7.78,2.51,2.48"
"128.75,-7.92,-5.73,2.51,2.51"
"128.96,-8.97,-8.97,2.52,2.49"
"129.16,-11.47,-10.07,2.51,2.50"
"129.37,-10.70,-4.98,2.51,2.49"
"129.58,-12.32,-6.62,2.51,2.50"
"129.79,-9.23,-8.90,2.50,2.49"
"130.00,-7.92,-6.28,2.51,2.50"
"130.21,-3.71,-11.26,2.51,2.50"
"130.41,-11.75,-9.09,2.51,2.48"
"130.62,-11.82,-15.20,2.52,2.49"
"130.83,-11.95,-5.16,2.51,2.48"
"131.04,-12.52,-15.14,2.51,2.49"
"131.25,-15.36,-12.83,2.50,2.48"
"131.46,-11.03,-8.33,2.49,2.48"
"131.66,-8.93,-5.62,2.52,2.50"
"131.87,-7.65,-6.77,2.51,2.48"
"132.08,-4.36,-6.14,2.51,2.48"
"132.29,-8.40,-11.94,2.52,2.48"
"132.50,-9.33,-12.74,2.50,2.50"
"132.71,-2.20,-9.68,2.53,2.49"
"132.92,-10.17,-11.76,2.52,2.48"
"133.13,-8.51,-4.75,2.51,2.48"
"133.33,-7.72,-11.90,2.51,2.49"
"133.54,-7.81,-6.86,2.50,2.50"
"133.75,-9.12,-8.35,2.52,2.49"
"133.96,-13.40,-8.73,2.52,2.48"
"134.17,-8.49,-7.30,2.49,2.47"
"134.38,-8.57,-8.59,2.51,2.48"
"134.58,-13.04,-11.61,2.50,2.51"
"134.79,-6.59,-6.14,2.51,2.50"
"135.00,-8.99,-4.85,2.52,2.48"
"135.21,-4.96,-4.35,2.51,2.49"
"135.42,-13.52,-11.24,2.50,2.49"
"135.63,-10.90,-9.26,2.51,2.50"
"135.83,-10.96,-9.57,2.53,2.48"
"136.04,-11.66,-10.08,2.50,2.49"
"136.25,-9.62,-12.16,2.50,2.50"
"136.46,-7.72,-8.11,2.53,2.50"
"136.67,-10.92,-8.20,2.51,2.50"
"136.88,-10.01,-11.73,2.52,2.49"
"137.08,-10.41,-8.74,2.52,2.50"
"137.29,-10.15,-9.49,2.51,2.50"
"137.50,-9.18,-9.96,2.51,2.50"
"137.71,-8.90,-11.19,2.49,2.49"
"137.92,-10.15,-10.11,2.51,2.49"
"138.13,-14.98,-7.95,2.50,2.49"
"138.33,-15.30,-8.52,2.50,2.48"
"138.54,-10.34,-12.22,2.51,2.48"
"138.75,-13.80,-7.84,2.51,2.49"
"138.96,-10.81,-12.40,2.50,2.49"
"139.17,-10.00,-5.58,2.51,2.48"
"139.38,-8.23,-11.89,2.49,2.50"
"139.58,-8.40,-7.18,2.51,2.47"
"139.79,-9.72,-7.11,2.52,2.47"
"140.00,-8.81,-11.49,2.51,2.50"
"140.21,-14.86,-12.72,2.51,2.49"
"140.42,-8.69,-4.87,2.51,2.51"
"140.63,-14.25,-12.01,2.50,2.48"
"140.83,-10.42,-9.01,2.52,2.49"
"141.04,-11.07,-10.02,2.51,2.50"
"141.25,-10.60,-10.79,2.51,2.47"
"141.46,-12.03,-12.26,2.51,2.50"
"141.67,-17.49,-12.43,2.50,2.48"
"141.88,-13.69,-13.23,2.51,2.49"
"142.09,-9.28,-8.57,2.51,2.48"
"142.29,-10.26,-7.27,2.52,2.48"
"142.50,-6.78,-9.42,2.51,2.50"
"142.71,-12.58,-11.13,2.50,2.51"
"142.92,-11.86,-8.00,2.50,2.48"
"143.13,-6.62,-8.53,2.50,2.49"
"143.34,-7.42,-1.08,2.50,2.48"
"143.54,-1.38,-8.70,2.50,2.50"
"143.75,-10.92,-10.77,2.51,2.47"
"143.96,-11.55,-11.14,2.51,2.48"
"144.17,-10.55,-15.95,2.51,2.49"
"144.38,-7.85,-5.96,2.53,2.50"
"144.59,-15.38,-9.02,2.52,2.49"
"144.79,-8.83,-11.32,2.51,2.48"
"145.00,-13.07,-17.96,2.52,2.48"
"145.21,-13.50,-5.01,2.51,2.48"
"145.42,-4.35,-9.90,2.51,2.49"
"145.63,-7.71,-3.87,2.50,2.49"
"145.84,-12.46,-8.73,2.49,2.49"
"146.04,-6.91,-8.52,2.50,2.48"
"146.25,-10.41,-5.61,2.54,2.48"
"146.46,-4.35,-8.92,2.47,2.47"
"146.67,-12.91,-8.54,2.50,2.47"
"146.88,-12.18,-15.07,2.51,2.47"
"147.09,-10.28,-16.07,2.51,2.49"
"147.30,-6.87,-12.85,2.49,2.47"
"147.50,-6.76,-11.59,2.50,2.49"
"147.71,-10.21,-10.06,2.51,2.50"
"147.92,-17.26,-10.94,2.49,2.49"
"148.13,-12.17,-8.28,2.49,2.48"
"148.34,-5.91,-4.64,2.52,2.47"
"148.55,-10.01,-9.99,2.52,2.48"
"148.75,-7.20,-10.08,2.50,2.48"
"148.96,-7.04,-5.27,2.50,2.47"
"149.17,-7.93,-9.32,2.51,2.49"
"149.38,-14.93,-13.41,2.51,2.47"
"149.59,-14.94,-12.46,2.48,2.47"
"149.80,-10.77,-11.18,2.52,2.49"
"150.00,-8.92,-11.86,2.51,2.49"
"150.21,-9.60,-12.93,2.52,2.48"
"150.42,-5.19,-4.75,2.52,2.48"
"150.63,-9.17,-10.32,2.51,2.49"
"150.84,-6.06,-10.53,2.51,2.47"
"151.05,-7.02,-6.16,2.51,2.48"
"151.25,-10.71,-6.69,2.52,2.48"
"151.46,-6.62,-6.91,2.52,2.49"
"151.67,-6.49,-6.83,2.51,2.49"
"151.88,-6.74,-11.29,2.52,2.48"
"152.09,-5.05,-12.62,2.52,2.48"
"152.30,-9.39,-12.82,2.50,2.48"
"152.50,-8.35,-10.16,2.52,2.47"
"152.71,-9.86,-13.71,2.51,2.50"
"152.92,-11.11,-10.68,2.52,2.48"
"153.13,-9.05,-5.54,2.51,2.48"
"153.34,-6.48,-7.44,2.50,2.48"
"153.55,-7.10,-14.25,2.52,2.49"
"153.75,-9.96,-5.70,2.51,2.50"
"153.96,-7.60,-4.98,2.52,2.48"
"154.17,-10.39,-9.48,2.51,2.46"
"154.38,-8.55,-12.36,2.51,2.46"
"154.59,-6.39,-7.28,2.51,2.49"
"154.80,-6.90,-11.42,2.49,2.48"
"155.00,-8.82,-7.83,2.51,2.48"
"155.21,-17.18,-10.18,2.52,2.49"
"155.42,-11.70,-12.64,2.50,2.49"
"155.63,-6.87,-12.46,2.51,2.48"
"155.84,-4.70,-8.33,2.51,2.48"
"156.05,-12.52,-6.82,2.51,2.49"
"156.26,-12.66,-12.21,2.52,2.48"
"156.46,-5.71,-7.50,2.52,2.49"
"156.67,-6.82,-9.43,2.50,2.49"
"156.88,-8.81,-12.37,2.52,2.48"
"157.09,-6.40,-6.54,2.51,2.48"
"157.30,-11.10,-12.71,2.51,2.48"
"157.51,-5.10,-5.93,2.50,2.48"
"157.71,-7.67,-10.42,2.50,2.48"
"157.92,-11.29,-14.83,2.50,2.49"
"158.13,-11.03,-9.69,2.50,2.49"
"158.34,-13.10,-8.33,2.50,2.49"
"158.55,-9.92,-11.02,2.51,2.48"
"158.76,-9.60,-8.91,2.51,2.48"
"158.96,-10.88,-6.10,2.53,2.47"
"159.17,-9.15,-15.14,2.50,2.46"
"159.38,-12.10,-10.18,2.52,2.47"
"159.59,-13.24,-4.27,2.51,2.48"
"159.80,-8.15,-12.48,2.52,2.47"
"160.01,-8.03,-8.80,2.51,2.49"
"160.21,-10.53,-10.75,2.50,2.48"
"160.42,-14.21,-12.67,2.50,2.48"
"160.63,-9.23,-12.53,2.51,2.48"
"160.84,-9.42,-7.88,2.50,2.48"
"161.05,-8.23,-7.88,2.50,2.48"
"161.26,-6.92,-5.19,2.52,2.45"
"161.46,-7.81,-8.95,2.52,2.49"
"161.67,-7.08,-5.63,2.51,2.47"
"161.88,-10.71,-11.25,2.51,2.49"
"162.09,-9.56,-8.42,2.50,2.47"
"162.30,-11.17,-11.85,2.52,2.48"
"162.51,-8.47,-7.92,2.51,2.48"
"162.71,-11.48,-9.50,2.51,2.48"
"162.92,-7.04,-6.77,2.52,2.48"
"163.13,-9.00,-10.06,2.51,2.48"
"163.34,-7.27,-5.52,2.51,2.47"
"163.55,-4.51,-10.44,2.52,2.50"
"163.76,-9.50,-10.61,2.51,2.47"
"163.96,-9.32,-9.82,2.51,2.49"
"164.17,-10.52,-7.83,2.50,2.49"
"164.38,-9.41,-11.94,2.51,2.50"
"164.59,-9.84,-5.17,2.51,2.47"
"164.80,-7.06,-8.78,2.51,2.48"
"165.01,-10.40,-8.18,2.51,2.48"
"165.22,-9.68,-10.52,2.50,2.49"
"165.42,-5.46,-9.58,2.51,2.49"
"165.63,-7.66,-10.01,2.50,2.48"
"165.84,-4.92,-5.50,2.50,2.47"
"166.05,-10.98,-11.93,2.52,2.50"
"166.26,-10.16,-14.27,2.50,2.48"
"166.47,-10.19,-11.62,2.51,2.49"
"166.67,-9.92,-9.20,2.51,2.48"
"166.88,-10.22,-7.61,2.52,2.50"
"167.09,-9.91,-20.49,2.52,2.48"
"167.30,-3.62,-11.30,2.50,2.50"
"167.51,-11.51,-8.04,2.51,2.49"
"167.72,-9.50,-3.71,2.50,2.46"
"167.92,-6.94,-3.79,2.51,2.48"
"168.13,-10.20,-11.41,2.51,2.49"
"168.34,-9.07,-12.60,2.50,2.47"
"168.55,-11.23,-12.75,2.52,2.47"
"168.76,-9.75,-13.52,2.50,2.48"
"168.97,-3.29,-6.72,2.49,2.48"
"169.17,-11.93,-14.67,2.51,2.48"
"169.38,-10.60,-9.82,2.50,2.48"
"169.59,-5.74,-9.18,2.50,2.48"
"169.80,-8.66,-9.10,2.51,2.47"
"170.01,-13.21,-15.10,2.51,2.50"
"170.22,-10.04,-7.92,2.50,2.47"
"170.43,-8.29,-6.69,2.51,2.49"
"170.63,0.28,-6.21,2.50,2.48"
"170.84,-9.54,-12.33,2.50,2.48"
"171.05,-12.11,-14.44,2.50,2.48"
"171.26,-11.04,-9.14,2.50,2.48"
"171.47,-3.54,-3.53,2.52,2.49"
"171.67,-6.32,-12.46,2.54,2.49"
"171.88,-10.68,-7.98,2.52,2.49"
"172.09,-8.84,-4.88,2.52,2.47"
"172.30,-4.77,-7.76,2.53,2.49"
"172.51,-9.50,-5.30,2.52,2.48"
"172.72,-6.01,-0.73,2.52,2.48"
"172.92,-7.27,-10.17,2.52,2.49"
"173.13,-9.88,-10.00,2.53,2.49"
"173.34,-10.68,-9.32,2.51,2.49"
"173.55,-10.02,-12.83,2.49,2.49"
"173.76,-10.87,-7.98,2.51,2.47"
"173.97,-6.56,-3.23,2.51,2.48"
"174.18,-8.44,-12.04,2.52,2.48"
"174.38,-7.97,-12.64,2.50,2.46"
"174.59,-8.45,-12.28,2.52,2.49"
"174.80,-12.16,-10.62,2.50,2.48"
"175.01,-10.86,-3.60,2.52,2.48"
"175.22,-2.10,-10.23,2.52,2.47"
"175.43,-10.71,-8.88,2.51,2.48"
"175.63,-2.55,-10.46,2.52,2.46"
"175.84,-9.84,-13.53,2.51,2.48"
"176.05,-11.95,-12.50,2.53,2.48"
"176.26,-16.46,-12.76,2.51,2.47"
"176.47,-13.45,-13.03,2.51,2.48"
"176.68,-12.62,-13.45,2.51,2.48"
"176.88,-9.99,-12.29,2.51,2.48"
"177.09,-12.18,-12.40,2.50,2.48"
"177.30,-10.45,-9.47,2.52,2.48"
"177.51,-20.40,-15.15,2.52,2.48"
"177.72,-8.18,-3.65,2.50,2.47"
"177.93,-7.85,-10.86,2.52,2.47"
"178.13,-9.53,-9.86,2.51,2.47"
"178.34,-14.19,-12.98,2.49,2.48"
"178.55,-13.73,-15.91,2.52,2.48"
"178.76,-8.78,-6.20,2.53,2.48"
"178.97,-5.86,-13.40,2.51,2.47"
"179.18,-6.42,-9.83,2.51,2.48"
"179.38,-7.95,-10.29,2.50,2.48"
"179.59,-6.09,-7.24,2.53,2.48"
"179.80,-10.72,-10.85,2.52,2.47"
"180.01,-7.85,-11.21,2.50,2.47"
"180.22,-10.21,-6.78,2.52,2.49"
"180.43,-6.48,-2.48,2.51,2.47"
"180.63,-10.18,-12.51,2.51,2.48"
"180.84,-6.81,-6.19,2.51,2.48"
"181.05,-7.30,-9.05,2.53,2.49"
"181.26,-12.55,-11.33,2.50,2.45"
"181.47,-11.04,-9.92,2.51,2.48"
"181.68,-7.08,-10.50,2.52,2.47"
"181.88,-13.92,-9.33,2.51,2.47"
"182.09,-17.09,-19.45,2.51,2.48"
"182.30,-8.33,-9.96,2.51,2.48"
"182.51,-11.62,-9.18,2.50,2.47"
"182.72,-10.29,-7.45,2.52,2.46"
"182.93,-9.93,-12.70,2.53,2.48"
"183.14,-11.37,-10.70,2.51,2.48"
"183.35,-3.88,-9.22,2.50,2.48"
"183.55,-7.50,-10.86,2.50,2.48"
"183.76,-8.29,-11.51,2.52,2.47"
"183.97,-9.65,-11.27,2.51,2.48"
"184.18,-11.05,-5.75,2.51,2.47"
"184.39,-7.99,-11.23,2.52,2.48"
"184.60,-7.60,-6.20,2.51,2.49"
"184.80,-9.79,-10.13,2.51,2.48"
"185.01,-12.04,-8.06,2.52,2.48"
"185.22,-9.07,-10.16,2.51,2.47"
"185.43,-2.48,-2.35,2.51,2.47"
"185.64,-10.72,-11.23,2.51,2.46"
"185.85,-16.35,-5.74,2.52,2.48"
"186.05,-10.04,-11.08,2.51,2.48"
"186.26,-11.51,-7.64,2.51,2.47"
"186.47,-10.86,-11.28,2.51,2.47"
"186.68,-4.83,-7.29,2.50,2.48"
"186.89,-5.38,-7.15,2.52,2.47"
"187.10,-10.37,-9.60,2.49,2.46"
"187.30,-10.14,-14.09,2.51,2.47"
"187.51,-10.04,-10.33,2.52,2.47"
"187.72,-13.51,-8.74,2.51,2.48"
"187.93,-11.16,-6.25,2.52,2.48"
"188.14,-10.17,-8.44,2.50,2.48"
"188.35,-9.74,-9.19,2.50,2.48"
"188.55,-15.85,-14.71,2.51,2.48"
"188.76,-16.17,-20.24,2.50,2.49"
"188.97,-7.08,-8.57,2.51,2.47"
"189.18,-8.86,-10.06,2.52,2.47"
"189.39,-8.01,-10.08,2.51,2.47"
"189.60,-5.69,-5.29,2.51,2.48"
"189.80,-13.06,-13.80,2.52,2.48"
"190.01,-14.69,-18.31,2.53,2.48"
"190.22,-14.87,-11.33,2.54,2.47"
"190.43,-8.27,-3.78,2.50,2.47"
"190.64,-6.61,-12.06,2.49,2.48"
"190.85,-12.67,-9.96,2.52,2.47"
"191.05,-11.33,-11.34,2.51,2.47"
"191.26,-11.38,-9.79,2.52,2.47"
"191.47,-12.58,-11.73,2.51,2.47"
"191.68,-9.05,-15.00,2.51,2.47"
"191.89,-5.72,-7.31,2.50,2.47"
"192.10,-8.47,-8.11,2.49,2.47"
"192.30,-14.47,-9.48,2.51,2.47"
"192.51,-11.01,-5.62,2.50,2.47"
"192.72,-12.70,-8.82,2.51,2.48"
"192.93,-9.12,-8.04,2.51,2.47"
"193.14,-3.51,-7.76,2.50,2.47"
"193.35,-7.29,-11.59,2.51,2.47"
"193.55,-10.13,-8.93,2.51,2.47"
"193.76,-10.00,-7.54,2.51,2.48"
"193.97,-9.35,-12.71,2.50,2.46"
"194.18,-0.86,-7.93,2.53,2.49"
"194.39,-8.46,-6.27,2.51,2.47"
"194.60,-9.24,-13.22,2.50,2.48"
"194.80,-6.09,-10.17,2.52,2.48"
"195.01,-12.56,-11.96,2.53,2.47"
"195.22,-7.83,-13.38,2.50,2.48"
"195.43,-2.96,-5.97,2.51,2.48"
"195.64,-11.53,-12.77,2.51,2.48"
"195.85,-9.69,-9.28,2.51,2.46"
"196.06,-11.54,-14.09,2.50,2.45"
"196.26,-15.11,-15.93,2.52,2.47"
"196.47,-13.60,-6.10,2.51,2.47"
"196.68,-5.82,-5.74,2.51,2.48"
"196.89,-9.13,-12.86,2.52,2.47"
"197.10,-8.40,-8.37,2.51,2.49"
"197.31,-9.92,-9.67,2.51,2.47"
"197.51,-6.08,-5.43,2.51,2.47"
"197.72,-10.30,-14.86,2.51,2.47"
"197.93,-14.83,-13.71,2.51,2.48"
"198.14,-5.96,-11.29,2.52,2.48"
"198.35,-11.17,-7.90,2.51,2.48"
"198.56,-11.03,-5.96,2.51,2.46"
"198.77,-5.60,-7.31,2.51,2.47"
"198.97,-5.71,-4.04,2.52,2.48"
"199.18,-7.91,-5.63,2.51,2.46"
"199.39,-7.76,-11.73,2.51,2.48"
"199.60,-8.04,-8.64,2.52,2.46"
"199.81,-6.29,-7.97,2.51,2.46"
"200.01,-11.55,-7.35,2.50,2.47"
"200.22,-1.47,-3.04,2.52,2.46"
"200.43,-11.61,-5.45,2.52,2.48"
"200.64,-7.38,-12.39,2.51,2.48"
"200.85,-7.08,-7.08,2.51,2.48"
"201.06,-6.94,-7.51,2.51,2.47"
"201.27,-9.36,-5.81,2.51,2.46"
"201.47,-11.83,-9.07,2.51,2.49"
"201.68,-15.46,-7.44,2.51,2.47"
"201.89,-11.86,-13.30,2.51,2.46"
"202.10,-8.28,-3.64,2.50,2.47"
"202.31,-7.53,-15.26,2.52,2.46"
"202.52,-10.32,-6.16,2.50,2.48"
"202.72,-9.57,-11.79,2.51,2.48"
"202.93,-4.41,-6.53,2.52,2.46"
"203.14,-8.03,-4.95,2.50,2.46"
"203.35,-8.22,-8.92,2.51,2.49"
"203.56,-7.88,-11.02,2.52,2.47"
"203.77,-13.26,-6.91,2.53,2.49"
"203.97,-8.91,-5.85,2.50,2.48"
"204.18,-9.88,-10.31,2.51,2.48"
"204.39,-12.35,-8.26,2.52,2.47"
"204.60,-4.25,-4.92,2.52,2.46"
"204.81,-3.25,-2.55,2.52,2.47"
"205.02,-15.65,-14.62,2.52,2.47"
"205.22,-7.26,-9.71,2.50,2.47"
"205.43,-13.15,-16.95,2.50,2.46"
"205.64,-7.01,-7.60,2.52,2.47"
"205.85,-9.35,-8.72,2.51,2.47"
"206.06,-8.68,-13.03,2.51,2.47"
"206.27,-8.91,-6.80,2.51,2.48"
"206.47,-11.52,-7.91,2.51,2.48"
"206.68,-9.25,-7.91,2.53,2.47"
"206.89,-10.59,-12.79,2.51,2.48"
"207.10,-11.70,-10.42,2.52,2.48"
"207.31,-10.43,-12.74,2.53,2.46"
"207.52,-13.89,-9.51,2.52,2.47"
"207.73,-6.99,-7.32,2.53,2.46"
"207.93,-10.59,-4.87,2.51,2.47"
"208.14,-9.39,-10.78,2.52,2.48"
"208.35,-9.54,-8.49,2.51,2.48"
"208.56,-4.74,-4.91,2.50,2.47"
"208.77,-5.91,-8.72,2.52,2.48"
"208.97,-6.72,-5.87,2.51,2.46"
"209.18,-7.29,-6.15,2.51,2.47"
"209.39,-12.15,-16.06,2.51,2.49"
"209.60,-12.43,-13.89,2.50,2.46"
"209.81,-12.73,-9.76,2.52,2.48"
"210.02,-12.40,-10.27,2.51,2.47"
"210.23,-9.02,-8.85,2.52,2.47"
"210.43,-10.13,-8.81,2.49,2.48"
"210.64,-7.87,-9.49,2.53,2.47"
"210.85,-15.72,-9.06,2.52,2.47"
"211.06,-13.50,-14.80,2.50,2.47"
"211.27,-13.51,-6.73,2.52,2.48"
"211.48,-16.25,-9.11,2.52,2.48"
"211.68,-7.56,-10.67,2.52,2.48"
"211.89,-8.92,-9.86,2.50,2.47"
"212.10,-8.89,-10.67,2.50,2.48"
"212.31,-8.90,-11.55,2.51,2.46"
"212.52,-2.33,-3.39,2.51,2.47"
"212.73,-6.45,-7.04,2.52,2.47"
"212.93,-5.57,-6.64,2.52,2.48"
"213.14,-9.21,-6.54,2.52,2.46"
"213.35,-16.58,-10.36,2.54,2.47"
"213.56,-8.37,-8.64,2.50,2.46"
"213.77,-8.68,-9.64,2.50,2.47"
"213.98,-3.34,-4.90,2.52,2.48"
"214.18,-7.52,-9.81,2.53,2.47"
"214.39,-9.56,-9.51,2.51,2.46"
"214.60,-12.79,-13.19,2.52,2.47"
"214.81,-11.70,-8.98,2.51,2.48"
"215.02,-7.85,-7.41,2.51,2.46"
"215.23,-7.54,-14.17,2.52,2.47"
"215.44,-9.35,-21.25,2.50,2.47"
"215.64,-10.82,-9.98,2.52,2.49"
"215.85,-15.14,-14.29,2.51,2.47"
"216.06,-14.36,-16.10,2.51,2.47"
"216.27,-1.73,-0.33,2.50,2.46"
"216.48,-6.85,-8.93,2.51,2.47"
"216.69,-5.32,-7.26,2.51,2.46"
"216.89,-11.69,-5.69,2.52,2.46"
"217.10,-19.21,-11.84,2.53,2.48"
"217.31,-6.11,-11.99,2.51,2.47"
"217.52,-14.70,-12.52,2.52,2.47"
"217.73,-9.89,-12.45,2.52,2.47"
"217.94,-12.37,-9.49,2.52,2.46"
"218.14,-9.10,-1.04,2.51,2.47"
"218.35,-10.34,-12.65,2.51,2.48"
"218.56,-7.28,-6.82,2.50,2.48"
"218.77,-7.41,-2.99,2.53,2.47"
"218.98,-6.77,-0.68,2.52,2.46"
"219.19,-11.71,-10.16,2.53,2.47"
"219.39,-9.25,-13.70,2.51,2.47"
"219.60,-7.86,-7.83,2.51,2.46"
"219.81,-8.75,-14.79,2.52,2.48"
"220.02,-10.46,-6.25,2.50,2.47"
"220.23,-9.57,-12.57,2.51,2.50"
"220.44,-11.09,-9.93,2.51,2.45"
"220.64,-12.32,-10.95,2.51,2.47"
"220.85,-10.60,-13.84,2.51,2.47"
"221.06,-7.66,-6.52,2.53,2.48"
"221.27,-12.65,-7.23,2.49,2.47"
"221.48,-10.55,-12.26,2.51,2.46"
"221.69,-16.86,-19.11,2.51,2.47"
"221.89,-9.43,-12.72,2.52,2.48"
"222.10,-10.53,-11.24,2.49,2.46"
"222.31,-5.68,-6.24,2.51,2.48"
"222.52,-7.41,-8.49,2.53,2.47"
"222.73,-7.82,-10.88,2.50,2.47"
"222.94,-8.87,-8.34,2.52,2.47"
"223.14,-6.21,-5.85,2.53,2.46"
"223.35,-10.73,-9.72,2.51,2.45"
"223.56,-15.94,-13.25,2.52,2.46"
"223.77,-15.26,-12.95,2.52,2.47"
"223.98,-5.60,-11.05,2.50,2.48"
"224.19,-8.98,-6.81,2.53,2.49"
"224.40,-5.98,-8.30,2.51,2.50"
"224.60,-13.47,-6.36,2.52,2.45"
"224.81,-10.45,-8.63,2.51,2.48"
"225.02,-12.79,-13.76,2.53,2.46"
"225.23,-9.83,-10.77,2.50,2.47"
"225.44,-6.64,-12.99,2.52,2.47"
"225.65,-10.20,-12.73,2.50,2.45"
"225.85,-10.66,-10.51,2.52,2.47"
"226.06,-7.98,-8.20,2.52,2.47"
"226.27,-10.26,-13.91,2.51,2.47"
"226.48,-5.21,-9.39,2.51,2.47"
"226.69,-9.53,-11.82,2.51,2.46"
"226.90,-14.65,-9.76,2.52,2.46"
"227.10,-14.56,-15.30,2.52,2.48"
"227.31,-8.45,-13.22,2.50,2.47"
"227.52,-8.35,-10.36,2.51,2.48"
"227.73,-7.98,-6.01,2.53,2.48"
"227.94,-9.01,-10.97,2.50,2.46"
"228.15,-5.24,-10.24,2.51,2.47"
"228.35,-11.19,-9.85,2.50,2.48"
"228.56,-10.00,-9.68,2.51,2.48"
"228.77,-14.82,-9.48,2.53,2.47"
"228.98,-8.23,-12.95,2.51,2.48"
"229.19,-8.60,-11.41,2.53,2.48"
"229.40,-9.55,-12.31,2.54,2.48"
"229.60,-11.23,-11.09,2.51,2.47"
"229.81,-9.66,-8.66,2.51,2.47"
"230.02,-6.51,-10.48,2.51,2.46"
"230.23,-6.68,-5.94,2.51,2.46"
"230.44,-5.87,-2.80,2.51,2.47"
"230.65,-8.44,-7.23,2.50,2.48"
"230.85,-14.31,-5.02,2.50,2.47"
"231.06,-6.49,-2.06,2.51,2.47"
"231.27,-15.26,-9.30,2.51,2.48"
"231.48,-10.47,-15.25,2.52,2.47"
"231.69,-12.67,-13.60,2.51,2.47"
"231.90,-6.40,-10.62,2.51,2.47"
"232.10,-9.42,-16.41,2.53,2.47"
"232.31,-8.34,-9.86,2.51,2.47"
"232.52,-5.59,-14.59,2.54,2.46"
"232.73,-9.80,-10.36,2.52,2.47"
"232.94,-6.44,-7.84,2.52,2.46"
"233.15,-7.36,-11.20,2.52,2.46"
"233.36,-10.75,-9.79,2.52,2.47"
"233.56,-11.44,-11.09,2.52,2.48"
"233.77,-14.77,-12.33,2.52,2.46"
"233.98,-13.71,-15.09,2.51,2.46"
"234.19,-7.49,-2.13,2.52,2.46"
"234.40,-11.42,-11.09,2.51,2.46"
"234.61,-10.22,-8.03,2.51,2.47"
"234.81,-8.17,-9.39,2.53,2.46"
"235.02,-10.27,-8.79,2.53,2.48"
"235.23,-6.78,-1.73,2.52,2.46"
"235.44,-10.70,-3.25,2.50,2.50"
"235.65,-7.81,-5.60,2.52,2.49"
"235.85,-8.60,-12.26,2.52,2.48"
"236.06,-13.59,-9.75,2.53,2.48"
"236.27,-10.86,-8.67,2.52,2.48"
"236.48,-11.77,-8.99,2.52,2.46"
"236.69,-5.39,-2.97,2.51,2.46"
"236.90,-7.99,-6.39,2.53,2.47"
"237.11,-16.86,-8.66,2.52,2.45"
"237.31,-4.49,-8.76,2.51,2.48"
"237.52,-6.90,-10.66,2.50,2.46"
"237.73,-5.06,-7.77,2.52,2.48"
"237.94,-10.40,-12.03,2.50,2.47"
"238.15,-3.91,-7.44,2.49,2.46"
"238.36,-9.81,-6.17,2.51,2.47"
"238.56,-11.74,-12.05,2.50,2.47"
"238.77,-13.08,-15.39,2.51,2.48"
"238.98,-3.90,-16.26,2.53,2.48"
"239.19,-6.74,-12.55,2.52,2.47"
"239.40,-8.71,-7.75,2.52,2.47"
"239.61,-12.28,-19.01,2.52,2.47"
"239.81,-11.61,-15.93,2.52,2.47"
"240.02,-9.33,-12.16,2.51,2.48"
"240.23,-13.64,-8.77,2.51,2.48"
"240.44,-11.84,-9.22,2.51,2.47"
"240.65,-13.31,-7.80,2.52,2.47"
"240.86,-12.93,-5.46,2.53,2.47"
"241.06,-11.62,-10.58,2.51,2.47"
"241.27,-11.05,-8.97,2.52,2.47"
"241.48,-9.39,-10.00,2.52,2.47"
"241.69,-10.17,-3.48,2.50,2.47"
"241.90,-13.05,-11.24,2.51,2.47"
"242.11,-11.76,-8.38,2.51,2.46"
"242.31,-8.56,-5.21,2.51,2.47"
"242.52,-3.48,-12.04,2.52,2.47"
"242.73,-10.90,-13.08,2.53,2.48"
"242.94,-7.93,-11.77,2.51,2.46"
"243.15,-9.55,-10.45,2.51,2.47"
"243.36,-12.20,-14.04,2.52,2.47"
"243.56,-15.86,-12.33,2.53,2.47"
"243.77,-6.66,-4.85,2.52,2.48"
"243.98,-6.99,-13.71,2.52,2.47"
"244.19,-10.24,-11.31,2.51,2.46"
"244.40,-12.50,-12.35,2.53,2.46"
"244.61,-10.61,-7.72,2.52,2.47"
"244.81,-10.48,-7.90,2.52,2.47"
"245.02,-7.99,-8.26,2.51,2.46"
"245.23,-10.01,-10.18,2.52,2.48"
"245.44,-8.52,-9.18,2.52,2.47"
"245.65,-9.55,-7.43,2.53,2.46"
"245.86,-7.32,-10.90,2.52,2.46"
"246.07,-15.07,-9.89,2.51,2.45"
"246.27,-19.25,-14.90,2.52,2.48"
"246.48,-4.64,-9.42,2.51,2.48"
"246.69,-7.03,-6.66,2.51,2.48"
"246.90,-10.25,-9.01,2.51,2.47"
"247.11,-8.18,-10.04,2.51,2.48"
"247.32,-8.46,-4.30,2.52,2.47"
"247.52,-4.17,-11.22,2.50,2.46"
"247.73,-13.93,-4.97,2.52,2.48"
"247.94,-9.53,-8.17,2.52,2.48"
"248.15,-9.01,-11.04,2.51,2.47"
"248.36,-13.70,-10.18,2.51,2.47"
"248.57,-7.92,-9.13,2.50,2.47"
"248.77,-11.34,-14.22,2.52,2.48"
"248.98,-14.32,-14.80,2.52,2.46"
"249.19,-18.02,-8.06,2.51,2.48"
"249.40,-9.44,-8.06,2.51,2.48"
"249.61,-8.63,-4.31,2.52,2.46"
"249.82,-6.06,-9.60,2.54,2.48"
"250.02,-12.33,-13.95,2.52,2.47"
"250.23,-7.15,-12.03,2.52,2.47"
"250.44,-11.95,-10.05,2.52,2.47"
"250.65,-6.94,-7.52,2.52,2.47"
"250.86,-11.06,-6.75,2.50,2.46"
"251.07,-10.22,-5.01,2.52,2.47"
"251.27,-6.68,-5.04,2.52,2.48"
"251.48,-13.45,-6.18,2.51,2.49"
"251.69,-9.96,-12.82,2.53,2.47"
"251.90,-7.81,-9.89,2.52,2.48"
"252.11,-11.65,-10.83,2.51,2.47"
"252.32,-10.29,-10.45,2.52,2.46"
"252.52,-8.11,-10.18,2.53,2.49"
"252.73,-10.73,-11.72,2.51,2.47"
"252.94,-13.93,-10.54,2.52,2.47"
"253.15,-12.05,-8.40,2.52,2.47"
"253.36,-9.97,-5.86,2.51,2.47"
"253.57,-11.87,-8.42,2.52,2.47"
"253.77,-7.21,-11.42,2.51,2.48"
"253.98,-7.73,-13.01,2.54,2.48"
"254.19,-9.49,-13.09,2.54,2.47"
"254.40,-12.98,-11.97,2.52,2.46"
"254.61,-9.37,-11.17,2.51,2.48"
"254.82,-9.48,-10.00,2.53,2.47"
"255.02,-9.63,-13.15,2.51,2.47"
"255.23,-4.36,-7.74,2.52,2.47"
"255.44,-9.99,-9.35,2.54,2.47"
"255.65,-6.63,-10.46,2.50,2.47"
"255.86,-6.48,-6.11,2.51,2.48"
"256.07,-8.50,-6.88,2.54,2.48"
"256.27,-10.19,-10.44,2.51,2.48"
"256.48,-7.29,-10.99,2.52,2.46"
"256.69,-9.23,-27.67,2.52,2.48"
"256.90,-3.10,-5.12,2.52,2.47"
"257.11,-13.58,-8.03,2.53,2.47"
"257.32,-10.77,-12.55,2.53,2.46"
"257.52,-12.34,-9.19,2.51,2.48"
"257.73,-13.46,-10.13,2.52,2.46"
"257.94,-8.85,-7.94,2.50,2.47"
"258.15,-6.91,-17.19,2.51,2.50"
"258.36,-12.33,-10.35,2.53,2.47"
"258.57,-7.51,-10.98,2.53,2.47"
"258.78,-4.22,0.64,2.51,2.46"
"258.98,-11.43,-13.65,2.52,2.48"
"259.19,-9.05,-10.64,2.51,2.48"
"259.40,-10.76,-8.44,2.52,2.47"
"259.61,-14.94,-11.37,2.50,2.47"
"259.82,-18.69,-8.72,2.51,2.45"
"260.03,-11.01,-10.45,2.53,2.47"
"260.23,-9.27,-12.50,2.52,2.49"
"260.44,-13.81,-15.54,2.51,2.45"
"260.65,-13.14,-8.75,2.52,2.48"
"260.86,-0.88,-3.51,2.50,2.49"
"261.07,-8.31,-1.74,2.53,2.46"
"261.28,-13.15,-11.74,2.50,2.47"
"261.48,-7.70,-6.37,2.52,2.47"
"261.69,-13.84,-15.81,2.51,2.49"
"261.90,-10.02,-11.77,2.52,2.47"
"262.11,-2.83,-2.89,2.52,2.46"
"262.32,-5.26,-9.55,2.52,2.47"
"262.53,-8.46,-10.06,2.51,2.45"
"262.73,-12.47,-11.98,2.51,2.47"
"262.94,-10.78,-7.89,2.52,2.46"
"263.15,-5.45,-6.07,2.52,2.47"
"263.36,-3.07,-4.43,2.50,2.46"
"263.57,-8.69,-11.01,2.53,2.47"
"263.78,-15.64,-10.98,2.53,2.47"
"263.98,-7.30,-11.84,2.52,2.45"
"264.19,-11.26,-8.09,2.50,2.46"
"264.40,-5.38,-8.56,2.54,2.47"
"264.61,-12.06,-6.39,2.52,2.48"
"264.82,-9.65,-4.53,2.51,2.46"
"265.03,-7.35,-14.91,2.52,2.49"
"265.23,-16.75,-14.48,2.52,2.47"
"265.44,-7.07,-8.78,2.51,2.47"
"265.65,-10.64,-10.47,2.52,2.46"
"265.86,-13.98,-13.16,2.51,2.45"
"266.07,-8.44,-6.28,2.53,2.47"
"266.28,-12.34,-4.91,2.51,2.45"
"266.48,-6.73,-9.07,2.51,2.47"
"266.69,-11.51,-8.68,2.52,2.47"
"266.90,-3.40,-1.77,2.52,2.46"
"267.11,-3.90,-8.56,2.50,2.46"
"267.32,-16.38,-6.66,2.51,2.47"
"267.53,-11.26,-8.41,2.53,2.47"
"267.74,-10.01,-12.28,2.52,2.48"
"267.94,-14.38,-11.69,2.52,2.47"
"268.15,-11.79,-7.99,2.51,2.47"
"268.36,-5.50,-3.98,2.53,2.47"
"268.57,-5.20,-11.65,2.52,2.46"
"268.78,-4.61,-3.44,2.52,2.46"
"268.99,-9.49,-12.28,2.52,2.48"
"269.19,-8.36,-9.39,2.52,2.47"
"269.40,-9.39,-10.13,2.50,2.46"
"269.61,-9.08,-13.12,2.52,2.47"
"269.82,-11.31,-9.30,2.52,2.47"
"270.03,-7.90,-9.54,2.50,2.48"
"270.24,-13.36,-8.97,2.51,2.48"
"270.44,-6.81,-5.32,2.52,2.47"
"270.65,-9.67,-10.78,2.51,2.46"
"270.86,-5.97,-9.11,2.52,2.47"
"271.07,-9.47,-10.29,2.53,2.47"
"271.28,-11.15,-9.73,2.50,2.49"
"271.49,-9.43,-16.63,2.50,2.47"
"271.69,-9.80,-5.86,2.52,2.46"
"271.90,-13.15,-15.52,2.53,2.46"
"272.11,-12.95,-9.41,2.51,2.44"
"272.32,-5.48,-4.01,2.50,2.46"
"272.53,-10.99,-8.83,2.53,2.46"
"272.74,-10.53,-2.73,2.51,2.45"
"272.95,-6.46,-4.51,2.52,2.47"
"273.15,-5.40,-8.99,2.53,2.47"
"273.36,-9.89,-4.86,2.51,2.46"
"273.57,-13.05,-13.84,2.52,2.48"
"273.78,-5.73,-5.11,2.53,2.48"
"273.99,-9.66,-10.86,2.52,2.48"
"274.20,-11.06,-10.07,2.52,2.47"
"274.40,-5.84,-1.45,2.51,2.48"
"274.61,-7.77,-7.25,2.52,2.47"
"274.82,-12.73,-12.50,2.51,2.47"
"275.03,-9.19,-11.61,2.52,2.48"
"275.24,-8.59,-10.68,2.53,2.47"
"275.45,-16.14,-15.30,2.51,2.46"
"275.65,-4.96,-5.40,2.53,2.48"
"275.86,-8.29,-12.88,2.50,2.47"
"276.07,-11.91,-6.86,2.51,2.46"
"276.28,-5.10,-7.54,2.53,2.47"
"276.49,-4.64,-9.34,2.52,2.47"
"276.70,-2.21,-8.07,2.53,2.48"
"276.90,-10.43,-6.22,2.52,2.47"
"277.11,-9.43,-9.83,2.52,2.47"
"277.32,-9.64,-9.24,2.51,2.46"
"277.53,-15.47,-8.34,2.53,2.47"
"277.74,-10.08,-11.35,2.50,2.46"
"277.95,-9.59,-5.25,2.51,2.48"
"278.15,-6.53,-6.01,2.54,2.47"
"278.36,-14.21,-11.65,2.52,2.49"
"278.57,-13.67,-9.39,2.53,2.47"
"278.78,-13.18,-14.01,2.51,2.47"
"278.99,-9.95,-9.48,2.52,2.48"
"279.20,-6.16,-7.77,2.52,2.48"
"279.40,-11.63,-14.42,2.51,2.45"
"279.61,-6.84,-7.21,2.52,2.45"
"279.82,-12.05,-11.57,2.52,2.49"
"280.03,-15.78,-12.42,2.51,2.47"
"280.24,-11.40,-12.22,2.52,2.46"
"280.45,-16.70,-7.08,2.52,2.47"
"280.65,-11.09,-19.91,2.51,2.46"
"280.86,-3.62,-11.32,2.51,2.48"
"281.07,-9.86,-10.87,2.52,2.47"
"281.28,-8.35,-10.16,2.52,2.49"
"281.49,-3.53,-3.10,2.54,2.46"
"281.70,-12.87,-9.31,2.52,2.46"
"281.91,-8.15,-10.11,2.52,2.48"
"282.11,-5.12,-5.76,2.54,2.48"
"282.32,-6.60,-1.13,2.51,2.46"
"282.53,-6.51,-2.61,2.51,2.49"
"282.74,-2.58,-10.41,2.53,2.47"
"282.95,-11.71,-9.85,2.51,2.45"
"283.16,-10.17,-13.88,2.51,2.47"
"283.36,-9.44,-8.09,2.51,2.47"
"283.57,-8.85,-6.67,2.52,2.47"
"283.78,-8.29,-6.13,2.53,2.48"
"283.99,-12.29,-14.06,2.51,2.46"
"284.20,-11.37,-9.30,2.51,2.47"
"284.41,-10.25,-13.43,2.50,2.47"
"284.61,-8.63,-9.63,2.52,2.48"
"284.82,-11.53,-14.22,2.51,2.46"
"285.03,-10.79,-12.13,2.53,2.48"
"285.24,-6.68,-6.92,2.53,2.48"
"285.45,-9.13,-8.83,2.52,2.47"
"285.66,-11.92,-12.12,2.52,2.48"
"285.86,-7.58,-6.42,2.51,2.46"
"286.07,-11.35,-14.81,2.52,2.47"
"286.28,-12.26,-9.28,2.51,2.46"
"286.49,-4.97,-12.50,2.52,2.47"
"286.70,-8.96,-4.27,2.50,2.46"
"286.91,-11.38,-6.46,2.52,2.47"
"287.11,-5.44,-7.78,2.51,2.48"
"287.32,-14.07,-7.97,2.51,2.47"
"287.53,-6.50,-9.58,2.52,2.47"
"287.74,-19.20,-14.16,2.53,2.48"
"287.95,-5.32,-5.37,2.53,2.46"
"288.16,-10.20,-7.86,2.54,2.48"
"288.36,-13.87,-11.22,2.51,2.47"
"288.57,-9.12,-14.70,2.52,2.47"
"288.78,-12.44,-5.86,2.51,2.48"
"288.99,-10.40,-11.20,2.51,2.48"
"289.20,-18.33,-13.06,2.51,2.48"
"289.41,-3.02,-4.90,2.50,2.47"
"289.61,-17.83,-15.14,2.52,2.47"
"289.82,-10.94,-6.34,2.52,2.47"
"290.03,-7.75,-6.93,2.52,2.46"
"290.24,-11.12,-12.10,2.52,2.46"
"290.45,-11.63,-12.32,2.52,2.46"
"290.66,-14.75,-12.07,2.53,2.47"
"290.87,-8.10,-10.40,2.52,2.47"
"291.08,-7.19,-12.03,2.51,2.47"
"291.28,-18.50,-12.26,2.52,2.48"
"291.49,-9.06,-10.73,2.53,2.47"
"291.70,-13.01,-16.64,2.53,2.48"
"291.91,-5.01,-9.84,2.51,2.46"
"292.12,-11.44,-13.35,2.52,2.47"
"292.33,-7.07,-7.52,2.52,2.48"
"292.53,-8.47,-9.02,2.52,2.47"
"292.74,-12.63,-15.76,2.51,2.47"
"292.95,-8.34,-11.06,2.52,2.48"
"293.16,-13.78,-16.21,2.53,2.47"
"293.37,-9.04,-7.31,2.51,2.47"
"293.58,-12.78,-10.89,2.51,2.50"
"293.78,-12.47,-6.92,2.51,2.45"
"293.99,-11.78,-13.20,2.52,2.48"
"294.20,-12.88,-9.94,2.52,2.49"
"294.41,-8.91,-6.47,2.52,2.46"
"294.62,-9.53,-3.00,2.51,2.48"
"294.83,-7.88,-10.10,2.52,2.48"
"295.03,-2.85,-2.40,2.50,2.48"
"295.24,-7.87,-3.80,2.52,2.46"
"295.45,-6.62,-7.63,2.51,2.46"
"295.66,-5.95,-4.23,2.52,2.47"
"295.87,-10.19,-12.86,2.52,2.48"
"296.08,-11.85,-10.95,2.51,2.46"
"296.28,-11.77,-7.86,2.53,2.46"
"296.49,-4.35,-11.94,2.52,2.49"
"296.70,-13.00,-16.63,2.52,2.48"
"296.91,-9.45,-9.25,2.53,2.48"
"297.12,-14.89,-13.96,2.53,2.48"
"297.33,-4.64,-7.91,2.52,2.47"
"297.53,-8.48,-7.44,2.53,2.47"
"297.74,-10.34,-6.53,2.51,2.46"
"297.95,-13.58,-13.44,2.51,2.48"
"298.16,-11.18,-6.34,2.52,2.46"
"298.37,-10.12,-11.22,2.50,2.48"
"298.58,-11.06,-10.91,2.53,2.49"
"298.78,-10.34,-16.55,2.51,2.46"
"298.99,-13.85,-6.20,2.51,2.47"
"299.20,-14.49,-10.64,2.52,2.48"
"299.41,-8.36,-8.14,2.51,2.47"
"299.62,-7.77,-8.00,2.51,2.49"
"299.83,-8.26,-8.23,2.53,2.47"
"300.04,-9.72,-8.93,2.51,2.48"
"300.24,-5.14,-9.03,2.52,2.47"
"300.45,-16.82,-11.81,2.51,2.48"
"300.66,-4.78,-3.34,2.53,2.47"
"300.87,-8.92,-16.99,2.51,2.46"
"301.08,-14.02,-11.93,2.52,2.47"
"301.29,-7.82,-13.16,2.51,2.47"
"301.49,-6.90,-7.39,2.52,2.47"
"301.70,-10.17,-7.30,2.51,2.48"
"301.91,-8.55,-10.31,2.51,2.48"
"302.12,-11.85,-10.81,2.50,2.46"
"302.33,-9.97,-14.28,2.52,2.47"
"302.54,-10.99,-12.10,2.53,2.48"
"302.74,-4.43,-5.92,2.52,2.48"
"302.95,-10.12,-8.79,2.52,2.47"
"303.16,-2.56,-10.44,2.52,2.48"
"303.37,-4.87,-8.21,2.51,2.48"
"303.58,-8.83,-11.90,2.51,2.46"
"303.79,-5.39,-10.28,2.53,2.46"
"303.99,-8.78,-6.33,2.51,2.47"
"304.20,-16.36,-17.20,2.52,2.48"
"304.41,-8.08,-5.87,2.51,2.47"
"304.62,-9.63,-10.83,2.51,2.47"
"304.83,-10.49,-16.50,2.52,2.44"
"305.04,-11.08,-16.03,2.51,2.48"
"305.25,-17.86,-6.94,2.50,2.50"
"305.45,-11.49,-9.55,2.50,2.48"
"305.66,-10.24,-4.69,2.51,2.47"
"305.87,-8.82,-13.04,2.52,2.48"
"306.08,-8.97,-9.66,2.52,2.48"
"306.29,-9.88,-11.83,2.52,2.48"
"306.50,-14.63,-11.71,2.50,2.47"
"306.70,-5.74,-6.29,2.51,2.46"
"306.91,-10.21,-5.67,2.52,2.47"
"307.12,-9.16,-11.59,2.51,2.47"
"307.33,-9.42,-9.35,2.52,2.47"
"307.54,-7.30,-7.00,2.51,2.48"
"307.74,-8.99,-7.97,2.52,2.47"
"307.95,-8.29,-9.89,2.50,2.47"
"308.16,-11.23,-3.35,2.52,2.47"
"308.37,-10.74,-6.56,2.51,2.46"
"308.58,-8.44,-10.46,2.51,2.48"
"308.79,-11.71,-3.06,2.51,2.47"
"309.00,-5.04,-0.82,2.53,2.48"
"309.20,-10.60,-10.93,2.50,2.47"
"309.41,-8.99,-15.04,2.52,2.47"
"309.62,-5.63,-5.83,2.50,2.48"
"309.83,-8.81,-8.03,2.52,2.48"
"310.04,-9.90,-12.86,2.52,2.48"
"310.25,-13.00,-9.17,2.50,2.46"
"310.45,-6.61,-5.71,2.51,2.47"
"310.66,-5.04,-10.83,2.52,2.47"
"310.87,-13.31,-7.27,2.51,2.47"
"311.08,-9.38,-9.43,2.53,2.46"
"311.29,-13.16,-11.58,2.52,2.48"
"311.50,-10.54,-9.85,2.52,2.46"
"311.70,-6.32,-3.02,2.50,2.46"
"311.91,-8.65,-4.50,2.51,2.46"
"312.12,-17.50,-16.48,2.51,2.47"
"312.33,-7.60,-12.81,2.53,2.47"
"312.54,-12.62,-12.38,2.51,2.48"
"312.75,-9.70,-11.03,2.52,2.46"
"312.95,-11.11,-10.47,2.50,2.46"
"313.16,-6.87,-13.31,2.51,2.47"
"313.37,-7.19,-18.09,2.53,2.47"
"313.58,-11.81,-16.02,2.51,2.48"
"313.79,-13.52,-13.68,2.51,2.47"
"314.00,-7.88,-3.14,2.52,2.48"
"314.20,-12.86,-17.38,2.50,2.48"
"314.41,-8.72,-8.90,2.51,2.46"
"314.62,-17.15,-11.91,2.53,2.47"
"314.83,-10.41,-8.98,2.51,2.48"
"315.04,-7.87,-9.56,2.54,2.47"
"315.25,-9.41,-9.02,2.52,2.47"
"315.45,-0.94,-9.60,2.52,2.48"
"315.66,-6.18,-7.75,2.52,2.46"
"315.87,-8.70,-7.80,2.52,2.46"
"316.08,-8.49,-11.03,2.50,2.46"
"316.29,-10.35,-13.85,2.53,2.47"
"316.50,-12.88,-9.54,2.51,2.46"
"316.70,-11.47,-11.66,2.53,2.48"
"316.91,-8.07,-6.60,2.49,2.48"
"317.12,-16.76,-9.20,2.53,2.47"
"317.33,-11.87,-17.05,2.51,2.47"
"317.54,-13.27,-9.37,2.54,2.47"
"317.75,-5.76,-15.77,2.52,2.48"
"317.96,-9.71,-14.72,2.52,2.47"
"318.16,-8.81,-12.03,2.53,2.47"
"318.37,-9.79,-10.45,2.53,2.48"
"318.58,-8.08,-10.48,2.51,2.48"
"318.79,-9.58,-11.01,2.52,2.47"
"319.00,-8.61,-7.47,2.52,2.47"
"319.21,-11.38,-15.00,2.51,2.47"
"319.42,-4.77,-7.24,2.52,2.47"
"319.62,-5.88,-11.17,2.51,2.48"
"319.83,-12.63,-9.09,2.51,2.47"
"320.04,-11.28,-10.77,2.49,2.44"
"320.25,-10.16,-14.49,2.54,2.48"
"320.46,-8.09,-14.43,2.53,2.48"
"320.67,-14.08,-13.36,2.54,2.48"
"320.87,-7.96,-14.07,2.52,2.48"
"321.08,-7.89,-10.39,2.50,2.45"
"321.29,-5.87,-9.71,2.52,2.47"
"321.50,-12.22,-10.02,2.53,2.48"
"321.71,-6.86,-10.75,2.51,2.47"
"321.92,-18.17,-13.53,2.53,2.47"
"322.12,-10.79,-12.40,2.54,2.46"
"322.33,-8.15,-9.31,2.51,2.48"
"322.54,-8.54,-9.67,2.51,2.47"
"322.75,-12.79,-11.36,2.53,2.47"
"322.96,-9.78,-12.93,2.50,2.48"
"323.17,-8.63,-5.64,2.53,2.47"
"323.37,-8.74,-12.88,2.52,2.48"
"323.58,-13.21,-8.59,2.51,2.46"
"323.79,-3.84,-12.44,2.52,2.46"
"324.00,-14.12,-9.90,2.53,2.48"
"324.21,-12.12,-10.01,2.50,2.46"
"324.42,-12.07,-10.93,2.52,2.47"
"324.62,-10.29,-9.82,2.48,2.47"
"324.83,-12.17,-3.31,2.52,2.47"
"325.04,-10.57,-8.52,2.51,2.48"
"325.25,-9.72,-4.68,2.52,2.47"
"325.46,-4.76,-9.48,2.50,2.48"
"325.67,-11.21,-15.53,2.55,2.48"
"325.87,-9.70,-15.29,2.50,2.47"
"326.08,-13.14,-8.56,2.54,2.47"
"326.29,-13.32,-6.78,2.52,2.48"
"326.50,-11.75,-10.70,2.53,2.45"
"326.71,-5.71,-11.49,2.51,2.47"
"326.92,-13.99,-12.84,2.51,2.49"
"327.12,-9.99,-10.90,2.51,2.47"
"327.33,-10.59,-9.60,2.52,2.48"
"327.54,-10.37,-10.08,2.50,2.47"
"327.75,-9.29,-12.13,2.51,2.47"
"327.96,-1.48,-4.41,2.51,2.46"
"328.17,-9.35,-8.58,2.51,2.47"
"328.38,-9.87,-7.48,2.51,2.48"
"328.58,-15.62,-14.59,2.52,2.47"
"328.79,-13.39,-4.38,2.53,2.48"
"329.00,-10.40,-10.89,2.50,2.48"
"329.21,-7.14,-10.66,2.49,2.45"
"329.42,-11.60,-5.89,2.54,2.46"
"329.63,-4.72,-7.98,2.51,2.48"
"329.83,-10.62,-12.90,2.51,2.45"
"330.04,-9.97,-9.69,2.51,2.47"
"330.25,-10.78,-9.71,2.51,2.47"
"330.46,-7.67,-9.18,2.52,2.47"
"330.67,-9.48,-7.26,2.51,2.47"
"330.88,-4.32,-9.80,2.52,2.47"
"331.08,-7.20,-4.59,2.51,2.47"
"331.29,-10.80,-8.26,2.52,2.48"
"331.50,-6.16,-13.44,2.52,2.48"
"331.71,-10.54,-13.36,2.51,2.47"
"331.92,-14.02,-11.87,2.51,2.49"
"332.13,-4.07,-9.99,2.51,2.48"
"332.33,-10.01,-15.98,2.51,2.48"
"332.54,-11.43,-9.85,2.50,2.47"
"332.75,-7.85,-11.65,2.53,2.47"
"332.96,-9.75,-10.59,2.51,2.47"
"333.17,-10.89,-10.83,2.50,2.47"
"333.38,-9.46,-15.64,2.51,2.46"
"333.58,-1.42,-2.18,2.50,2.47"
"333.79,-8.17,-9.59,2.51,2.47"
"334.00,-12.36,-9.61,2.50,2.47"
"334.21,-7.61,-9.10,2.53,2.48"
"334.42,-9.80,-10.96,2.52,2.48"
"334.63,-11.65,-12.86,2.52,2.48"
"334.83,-5.37,-6.64,2.50,2.48"
"335.04,-5.61,-6.13,2.51,2.47"
"335.25,-11.76,-6.65,2.53,2.46"
"335.46,-10.70,-8.78,2.52,2.49"
"335.67,-5.43,-11.57,2.51,2.48"
"335.88,-11.60,-10.16,2.52,2.47"
"336.09,-11.09,-12.91,2.49,2.47"
"336.29,-9.76,-2.84,2.52,2.48"
"336.50,-10.35,-6.81,2.51,2.47"
"336.71,-7.15,-10.29,2.52,2.49"
"336.92,-14.28,-12.79,2.51,2.47"
"337.13,-3.10,-2.46,2.52,2.46"
"337.34,-9.29,-5.95,2.49,2.46"
"337.54,-8.77,-16.40,2.51,2.48"
"337.75,-11.51,-9.92,2.52,2.48"
"337.96,-10.37,-12.29,2.53,2.48"
"338.17,-14.50,-10.91,2.52,2.46"
"338.38,-13.91,-9.34,2.51,2.48"
"338.59,-8.95,-4.99,2.52,2.47"
"338.79,-7.78,-12.44,2.52,2.47"
"339.00,-7.68,-1.39,2.52,2.45"
"339.21,-5.39,-7.67,2.51,2.49"
"339.42,-5.34,-4.80,2.52,2.48"
"339.63,-11.57,-12.92,2.52,2.47"
"339.83,-8.80,-9.73,2.50,2.48"
"340.04,-12.82,-11.84,2.50,2.47"
"340.25,-6.57,-9.79,2.50,2.48"
"340.46,-13.05,-9.63,2.53,2.46"
"340.67,-6.56,-4.46,2.51,2.47"
"340.88,-8.27,-11.57,2.51,2.47"
"341.09,-9.69,-13.98,2.53,2.49"
"341.30,-9.80,-8.27,2.52,2.47"
"341.50,-10.36,-9.41,2.52,2.46"
"341.71,-10.15,-12.36,2.51,2.48"
"341.92,-9.95,-8.04,2.52,2.47"
"342.13,-9.11,-12.16,2.53,2.47"
"342.34,-12.14,-11.58,2.51,2.48"
"342.55,-4.67,-7.21,2.51,2.46"
"342.75,-12.70,-8.69,2.51,2.46"
"342.96,-7.18,-11.04,2.51,2.47"
"343.17,-9.44,-10.92,2.51,2.47"
"343.38,-3.83,-10.75,2.52,2.46"
"343.59,-13.08,-13.07,2.50,2.47"
"343.80,-4.49,-1.86,2.52,2.47"
"344.00,-8.28,-7.59,2.53,2.47"
"344.21,-10.04,-8.88,2.54,2.47"
"344.42,-14.18,-13.12,2.51,2.47"
"344.63,-2.65,-7.05,2.51,2.46"
"344.84,-8.04,-8.25,2.52,2.47"
"345.05,-15.39,-14.75,2.53,2.47"
"345.25,-10.81,-10.49,2.52,2.49"
"345.46,-9.32,-14.82,2.52,2.47"
"345.67,-12.39,-9.94,2.52,2.47"
"345.88,-9.30,-9.56,2.51,2.48"
"346.09,-10.58,-14.59,2.51,2.47"
"346.30,-7.47,-6.80,2.51,2.47"
"346.51,-7.71,-10.93,2.51,2.48"
"346.71,-8.68,-7.08,2.50,2.47"
"346.92,-14.23,-14.39,2.52,2.47"
"347.13,-11.14,-9.17,2.52,2.48"
"347.34,-7.69,-6.19,2.51,2.47"
"347.55,-8.53,-11.09,2.52,2.48"
"347.76,-4.15,-1.90,2.51,2.48"
"347.96,-6.09,-9.66,2.50,2.47"
"348.17,-12.49,-12.45,2.52,2.47"
"348.38,-8.59,-15.52,2.52,2.48"
"348.59,-16.04,-4.69,2.51,2.49"
"348.80,-13.86,-11.37,2.49,2.49"
"349.01,-14.11,-7.96,2.51,2.47"
"349.21,-7.40,-10.33,2.52,2.48"
"349.42,-14.68,-8.48,2.51,2.47"
"349.63,-7.26,-10.73,2.51,2.48"
"349.84,-8.04,-11.71,2.51,2.48"
"350.05,-14.21,-10.06,2.51,2.45"
"350.26,-9.82,-7.06,2.53,2.48"
"350.46,-6.05,-7.75,2.51,2.48"
"350.67,-9.87,-10.38,2.52,2.48"
"350.88,-10.91,-10.61,2.51,2.48"
"351.09,-12.83,-9.88,2.52,2.49"
"351.30,-13.34,-16.85,2.51,2.48"
"351.51,-12.43,-13.38,2.53,2.47"
"351.71,-7.86,-10.79,2.51,2.49"
"351.92,-15.81,-17.71,2.52,2.46"
"352.13,-20.13,-3.95,2.52,2.45"
"352.34,-7.93,-12.54,2.51,2.46"
"352.55,-7.21,-6.00,2.51,2.47"
"352.76,-9.79,-9.20,2.51,2.48"
"352.96,-9.26,-10.65,2.51,2.48"
"353.17,-10.59,-8.09,2.51,2.47"
"353.38,-4.96,-3.95,2.52,2.47"
"353.59,-12.93,-9.90,2.52,2.48"
"353.80,-4.90,-4.20,2.52,2.48"
"354.01,-8.69,-12.64,2.51,2.47"
"354.21,-7.71,-13.75,2.51,2.47"
"354.42,-8.63,-8.71,2.52,2.47"
"354.63,-8.23,-5.38,2.51,2.47"
"354.84,-11.86,-7.97,2.51,2.46"
"355.05,-6.69,-7.91,2.51,2.46"
"355.26,-7.39,-8.97,2.50,2.48"
"355.47,-5.77,-9.65,2.52,2.47"
"355.67,-10.79,-8.43,2.51,2.46"
"355.88,-9.78,-6.03,2.51,2.48"
"356.09,-12.42,-9.18,2.51,2.48"
"356.30,-5.01,-6.99,2.51,2.47"
"356.51,-3.53,-12.50,2.51,2.46"
"356.72,-7.25,-8.47,2.52,2.47"
"356.92,-8.29,-9.44,2.53,2.47"
"357.13,-7.73,-15.16,2.51,2.48"
"357.34,-13.03,-10.53,2.50,2.47"
"357.55,-9.76,-11.40,2.51,2.47"
"357.76,-10.27,-13.58,2.52,2.47"
"357.97,-6.73,-8.68,2.51,2.48"
"358.17,-10.69,-7.69,2.51,2.47"
"358.38,-9.41,-7.43,2.50,2.46"
"358.59,-10.03,-15.14,2.50,2.49"
"358.80,-7.75,-5.88,2.51,2.47"
"359.01,-8.16,-7.95,2.53,2.45"
"359.22,-6.83,-11.59,2.51,2.48"
"359.42,-8.53,-8.21,2.50,2.46"
"359.63,-10.93,-12.20,2.51,2.49"
"359.84,-8.51,-11.61,2.50,2.47"
"360.05,-11.53,-9.38,2.52,2.46"
"360.26,-12.51,-10.43,2.51,2.48"
"360.47,-9.11,-7.17,2.51,2.47"
"360.67,-13.35,-11.57,2.51,2.46"
"360.88,-7.87,-5.83,2.51,2.47"
"361.09,-4.93,-6.36,2.52,2.47"
"361.30,-5.92,-8.45,2.51,2.50"
"361.51,-10.18,-11.65,2.51,2.47"
"361.72,-6.83,-9.87,2.52,2.47"
"361.92,-9.13,-14.73,2.53,2.48"
"362.13,-5.84,-13.06,2.52,2.47"
"362.34,-9.76,-9.43,2.50,2.46"
"362.55,-8.00,-9.28,2.52,2.49"
"362.76,-14.88,-7.34,2.52,2.47"
"362.97,-6.21,-9.68,2.50,2.46"
"363.17,-1.97,-9.89,2.50,2.47"
"363.38,-10.94,-7.41,2.52,2.47"
"363.59,-11.87,-6.16,2.50,2.46"
"363.80,-10.70,-9.16,2.51,2.47"
"364.01,-6.85,-11.09,2.51,2.47"
"364.22,-9.80,-13.26,2.51,2.47"
"364.42,-9.94,-11.19,2.52,2.47"
"364.63,-8.36,-7.10,2.52,2.48"
"364.84,-13.98,-8.01,2.50,2.48"
"365.05,-9.21,-7.57,2.50,2.47"
"365.26,-8.66,-7.80,2.51,2.47"
"365.47,-10.41,-6.70,2.52,2.47"
"365.67,-6.86,-11.58,2.52,2.47"
"365.88,-10.59,-6.85,2.52,2.47"
"366.09,-16.09,-10.81,2.50,2.47"
"366.30,-5.16,-6.67,2.52,2.47"
"366.51,-8.25,-11.83,2.51,2.47"
"366.72,-11.01,-9.49,2.52,2.46"
"366.92,-7.97,-6.93,2.50,2.47"
"367.13,-13.15,-11.94,2.52,2.47"
"367.34,-4.51,-11.95,2.53,2.49"
"367.55,-8.77,-8.50,2.53,2.47"
"367.76,-5.80,-7.67,2.52,2.46"
"367.97,-10.64,-11.45,2.52,2.48"
"368.18,-7.75,-5.05,2.50,2.48"
"368.38,-9.64,-5.97,2.52,2.47"
"368.59,-9.01,-13.65,2.52,2.48"
"368.80,-11.73,-11.81,2.51,2.46"
"369.01,-8.09,-9.22,2.52,2.47"
"369.22,-6.44,-7.10,2.52,2.47"
"369.43,-5.38,-9.18,2.52,2.50"
"369.63,-9.44,-7.70,2.51,2.47"
"369.84,-9.78,-13.16,2.52,2.49"
"370.05,-9.58,-6.00,2.52,2.48"
"370.26,-11.27,-14.86,2.51,2.47"
"370.47,-10.39,-11.75,2.52,2.47"
"370.68,-11.44,-12.23,2.52,2.47"
"370.88,-9.08,-8.11,2.52,2.47"
"371.09,-10.58,-11.43,2.50,2.49"
"371.30,-17.03,-14.32,2.53,2.47"
"371.51,-12.75,-9.21,2.50,2.46"
"371.72,-2.06,-7.50,2.51,2.48"
"371.93,-6.75,-10.17,2.51,2.47"
"372.13,-12.97,0.64,2.53,2.48"
"372.34,-14.03,-12.30,2.51,2.48"
"372.55,-10.92,-8.69,2.50,2.47"
"372.76,-11.02,-7.13,2.52,2.47"
"372.97,-8.68,-12.56,2.52,2.46"
"373.18,-12.60,-8.24,2.51,2.47"
"373.39,-12.56,-9.27,2.52,2.48"
"373.59,-10.34,-8.19,2.55,2.47"
"373.80,-12.77,-7.98,2.51,2.48"
"374.01,-7.95,-9.55,2.52,2.48"
"374.22,-7.40,-9.94,2.51,2.46"
"374.43,-11.35,-10.04,2.52,2.49"
"374.64,-9.46,-6.48,2.53,2.47"
"374.84,-5.07,1.70,2.53,2.48"
"375.05,-12.95,-15.80,2.50,2.48"
"375.26,-9.87,-12.18,2.51,2.48"
"375.47,-7.43,-8.69,2.52,2.47"
"375.68,-14.46,-9.87,2.52,2.47"
"375.89,-11.46,-10.38,2.52,2.47"
"376.09,-9.81,-12.47,2.53,2.49"
"376.30,-10.05,-9.06,2.50,2.48"
"376.51,-8.81,-8.32,2.52,2.47"
"376.72,-13.83,-8.91,2.52,2.49"
"376.93,-13.74,-5.91,2.52,2.48"
"377.14,-11.82,-9.96,2.51,2.47"
"377.35,-14.16,-11.79,2.49,2.47"
"377.55,-13.37,-10.28,2.53,2.49"
"377.76,-10.26,-9.96,2.51,2.47"
"377.97,-6.62,-10.64,2.51,2.47"
"378.18,-11.97,-11.68,2.52,2.48"
"378.39,-13.05,-6.80,2.52,2.46"
"378.60,-5.29,-12.48,2.52,2.47"
"378.80,-5.81,-10.74,2.52,2.47"
"379.01,-12.77,-9.69,2.52,2.46"
"379.22,-16.72,-14.18,2.51,2.46"
"379.43,-15.21,-9.15,2.53,2.48"
"379.64,-9.39,-5.45,2.53,2.47"
"379.85,-16.44,-8.12,2.52,2.48"
"380.05,-6.97,-9.43,2.52,2.47"
"380.26,-5.19,-9.38,2.49,2.49"
"380.47,-14.88,-10.30,2.51,2.49"
"380.68,-6.27,-12.11,2.53,2.48"
"380.89,-7.96,-9.85,2.51,2.46"
"381.10,-9.75,-13.02,2.50,2.45"
"381.30,-8.49,-5.29,2.52,2.47"
"381.51,-3.35,-7.78,2.51,2.47"
"381.72,-9.02,-10.78,2.51,2.48"
"381.93,-5.70,-7.79,2.51,2.48"
"382.14,-13.15,-10.95,2.52,2.47"
"382.35,-9.20,-6.33,2.51,2.47"
"382.55,-9.38,-11.35,2.51,2.47"
"382.76,-6.62,-10.13,2.52,2.47"
"382.97,-12.28,-9.90,2.50,2.47"
"383.18,-2.53,-7.39,2.53,2.47"
"383.39,-9.56,-5.69,2.52,2.47"
"383.60,-4.46,-6.10,2.50,2.48"
"383.80,-13.76,-13.74,2.52,2.48"
"384.01,-4.51,-10.65,2.51,2.47"
"384.22,-2.89,-9.04,2.50,2.47"
"384.43,-10.41,-14.68,2.51,2.48"
"384.64,-14.77,-15.86,2.51,2.48"
"384.85,-6.38,-6.07,2.51,2.46"
"385.05,-8.76,-6.72,2.53,2.48"
"385.26,-5.32,-7.09,2.52,2.46"
"385.47,-7.69,-7.29,2.51,2.48"
"385.68,-9.17,-6.44,2.53,2.48"
"385.89,-7.44,-13.22,2.50,2.47"
"386.10,-6.60,-8.55,2.51,2.47"
"386.30,-6.99,-8.58,2.52,2.48"
"386.51,-10.92,-8.64,2.51,2.48"
"386.72,-9.29,-11.62,2.52,2.47"
"386.93,-12.01,-10.85,2.53,2.50"
"387.14,-3.62,-4.41,2.50,2.47"
"387.35,-6.39,-11.41,2.52,2.47"
"387.55,-13.16,-8.40,2.52,2.48"
"387.76,-5.75,-8.48,2.53,2.48"
"387.97,-8.56,-7.92,2.51,2.47"
"388.18,-10.16,-13.27,2.51,2.49"
"388.39,-14.32,-11.37,2.53,2.46"
"388.60,-11.90,-9.99,2.51,2.47"
"388.80,-11.84,-6.63,2.53,2.47"
"389.01,-6.79,-10.48,2.52,2.47"
"389.22,-12.96,-5.99,2.52,2.47"
"389.43,-7.81,-9.65,2.52,2.47"
"389.64,-9.36,-6.34,2.51,2.47"
"389.85,-6.38,-8.88,2.53,2.48"
"390.05,-11.74,-9.62,2.50,2.48"
"390.26,-10.52,-12.83,2.53,2.48"
"390.47,-10.99,-10.49,2.51,2.49"
"390.68,-7.35,-8.17,2.52,2.47"
"390.89,-9.51,-11.23,2.53,2.48"
"391.10,-9.22,-13.12,2.50,2.48"
"391.31,-8.29,-3.05,2.50,2.49"
"391.52,-12.10,-10.83,2.51,2.49"
"391.72,-11.44,-12.79,2.52,2.48"
"391.93,-3.55,-4.23,2.51,2.47"
"392.14,-8.42,-8.02,2.52,2.48"
"392.35,-8.23,-11.86,2.52,2.48"
"392.56,-12.17,-9.60,2.54,2.47"
"392.77,-8.36,-14.22,2.53,2.48"
"392.97,-12.51,-8.28,2.51,2.47"
"393.18,-8.39,-5.62,2.51,2.47"
"393.39,-10.43,-8.34,2.52,2.47"
"393.60,-7.53,-10.29,2.51,2.47"
"393.81,-9.34,-5.42,2.52,2.48"
"394.01,-6.87,-11.05,2.51,2.47"
"394.22,-13.81,-7.27,2.50,2.46"
"394.43,-14.67,-13.82,2.51,2.48"
"394.64,-11.14,-12.82,2.51,2.46"
"394.85,-22.63,-23.08,2.50,2.47"
"395.06,-11.50,-7.76,2.52,2.47"
"395.27,-6.31,-9.56,2.52,2.47"
"395.47,-6.26,-9.45,2.51,2.48"
"395.68,-9.18,-7.89,2.51,2.46"
"395.89,-12.75,-14.44,2.51,2.48"
"396.10,-10.27,-6.86,2.51,2.47"
"396.31,-5.83,-2.83,2.53,2.47"
"396.52,-9.04,-6.75,2.50,2.48"
"396.72,-12.92,-10.33,2.52,2.47"
"396.93,-16.80,-3.67,2.51,2.47"
"397.14,-4.70,-6.02,2.51,2.48"
"397.35,-10.94,-12.96,2.53,2.46"
"397.56,-4.28,-2.64,2.53,2.48"
"397.77,-3.37,-1.36,2.53,2.49"
"397.97,-9.42,-9.15,2.52,2.47"
"398.18,-4.90,-4.07,2.52,2.48"
"398.39,-3.44,-5.03,2.51,2.47"
"398.60,-12.30,-15.29,2.53,2.48"
"398.81,-10.03,-8.15,2.52,2.47"
"399.02,-10.72,-10.05,2.52,2.47"
"399.22,-8.92,-12.38,2.53,2.48"
"399.43,-8.13,-13.28,2.51,2.48"
"399.64,1.30,-1.29,2.50,2.47"
"399.85,-10.10,-11.40,2.51,2.47"
"400.06,-2.44,-4.41,2.51,2.48"
"400.27,-7.15,-12.33,2.52,2.47"
"400.48,-9.68,-11.62,2.52,2.46"
"400.68,-9.07,-8.61,2.53,2.47"
"400.89,-7.71,-8.90,2.51,2.48"
"401.10,-10.12,-8.25,2.52,2.47"
"401.31,-11.53,-8.72,2.51,2.46"
"401.52,-8.66,-11.63,2.52,2.47"
"401.73,-5.15,-6.12,2.50,2.48"
"401.93,-11.92,-10.72,2.53,2.47"
"402.14,-13.58,-8.04,2.52,2.48"
"402.35,-9.23,-11.60,2.50,2.49"
"402.56,-6.77,-5.04,2.53,2.48"
"402.77,-13.91,-6.03,2.51,2.47"
"402.98,-6.99,-7.31,2.52,2.47"
"403.18,-2.60,-2.56,2.52,2.49"
"403.39,-7.58,-4.08,2.51,2.47"
"403.60,-8.10,-10.42,2.52,2.48"
"403.81,-9.75,-10.70,2.53,2.48"
"404.02,-9.10,-9.09,2.52,2.48"
"404.23,-10.43,-9.12,2.52,2.47"
"404.43,-9.75,-12.93,2.52,2.48"
"404.64,-7.04,-6.83,2.52,2.47"
"404.85,-11.26,-11.22,2.50,2.48"
"405.06,-4.10,-6.49,2.52,2.49"
"405.27,-10.24,-11.49,2.52,2.45"
"405.48,-9.99,-7.71,2.53,2.47"
"405.68,-9.32,-12.90,2.51,2.47"
"405.89,-14.38,-11.77,2.51,2.48"
"406.10,-8.41,-7.29,2.51,2.45"
"406.31,-10.43,-14.30,2.51,2.49"
"406.52,-5.49,-10.31,2.52,2.49"
"406.73,-14.27,-10.47,2.51,2.46"
"406.93,-11.52,-12.61,2.52,2.49"
"407.14,-11.08,-13.56,2.52,2.46"
"407.35,-11.69,-10.24,2.52,2.46"
"407.56,-6.17,-5.54,2.52,2.48"
"407.77,-5.80,-7.81,2.51,2.48"
"407.98,-19.87,-17.28,2.50,2.47"
"408.18,-10.09,-8.39,2.51,2.49"
"408.39,-10.83,-15.08,2.51,2.47"
"408.60,-17.15,-10.58,2.51,2.47"
"408.81,-12.92,-12.91,2.51,2.47"
"409.02,-16.37,-9.59,2.52,2.49"
"409.23,-5.77,-10.59,2.52,2.49"
"409.44,-12.36,-9.55,2.52,2.46"
"409.64,-14.39,-15.82,2.51,2.49"
"409.85,-10.54,-10.64,2.51,2.46"
"410.06,-12.72,-11.79,2.53,2.48"
"410.27,-5.54,-5.97,2.52,2.48"
"410.48,-12.05,-12.22,2.50,2.48"
"410.69,-11.85,-13.97,2.52,2.48"
"410.89,-9.25,-12.22,2.53,2.47"
"411.10,-6.29,-11.03,2.52,2.49"
"411.31,-10.25,-10.14,2.51,2.47"
"411.52,-6.99,-7.40,2.50,2.47"
"411.73,-9.43,-11.22,2.50,2.48"
"411.94,-6.62,-10.89,2.51,2.47"
"412.14,-11.26,-15.37,2.53,2.49"
"412.35,-6.95,-9.87,2.52,2.47"
"412.56,-9.34,-10.71,2.51,2.49"
"412.77,-12.18,-9.54,2.52,2.48"
"412.98,-16.13,-8.52,2.52,2.48"
"413.19,-12.00,-7.48,2.52,2.47"
"413.39,-10.42,-11.48,2.52,2.47"
"413.60,-2.50,-0.17,2.51,2.48"
"413.81,-9.57,-6.30,2.52,2.47"
"414.02,-10.73,-10.15,2.52,2.47"
"414.23,-11.13,-12.47,2.51,2.48"
"414.44,-10.27,-9.40,2.51,2.48"
"414.64,-14.77,-10.99,2.53,2.47"
"414.85,-11.17,-9.35,2.52,2.49"
"415.06,-10.58,-8.67,2.52,2.48"
"415.27,-8.89,-8.01,2.52,2.47"
"415.48,-13.51,-18.52,2.53,2.48"
"415.69,-11.36,-12.41,2.52,2.47"
"415.89,-10.00,-9.40,2.52,2.48"
"416.10,-6.95,-9.51,2.52,2.47"
"416.31,-6.29,-7.00,2.53,2.49"
"416.52,-7.36,-12.65,2.52,2.48"
"416.73,-11.21,-9.37,2.52,2.47"
"416.94,-12.10,-8.84,2.52,2.49"
"417.14,-13.48,-10.20,2.50,2.46"
"417.35,-10.84,-9.11,2.51,2.49"
"417.56,-11.29,-7.12,2.52,2.48"
"417.77,-8.52,-9.95,2.52,2.48"
"417.98,-7.93,-7.50,2.52,2.48"
"418.19,-12.75,-10.80,2.53,2.47"
"418.40,-9.65,-8.27,2.52,2.46"
"418.61,-9.35,-13.93,2.53,2.48"
"418.81,-3.06,-6.56,2.52,2.48"
"419.02,-5.25,-12.67,2.51,2.49"
"419.23,-8.42,-8.22,2.54,2.48"
"419.44,-5.59,-12.44,2.52,2.47"
"419.65,-5.26,-3.02,2.51,2.46"
"419.86,-10.53,-16.24,2.53,2.48"
"420.06,-2.54,-7.25,2.52,2.47"
"420.27,-8.45,-7.86,2.51,2.47"
"420.48,-11.64,-4.98,2.50,2.47"
"420.69,-8.51,-9.14,2.52,2.48"
"420.90,-11.76,-15.71,2.51,2.49"
"421.11,-14.46,-12.38,2.53,2.49"
"421.31,-6.40,-6.76,2.50,2.47"
"421.52,-10.70,-7.00,2.54,2.48"
"421.73,-8.80,-8.36,2.53,2.48"
"421.94,-12.76,-8.82,2.53,2.47"
"422.15,-12.51,-12.27,2.51,2.47"
"422.36,-12.27,-5.74,2.51,2.48"
"422.56,-8.83,-6.21,2.53,2.47"
"422.77,-16.64,-18.22,2.51,2.48"
"422.98,-19.86,-13.85,2.52,2.50"
"423.19,-15.07,-12.90,2.52,2.50"
"423.40,-10.55,-10.55,2.52,2.49"
"423.61,-13.09,-10.56,2.53,2.47"
"423.81,-10.03,-12.90,2.51,2.49"
"424.02,-11.61,-6.04,2.52,2.48"
"424.23,-11.76,-11.48,2.52,2.47"
"424.44,-10.43,-9.76,2.50,2.50"
"424.65,-8.22,-12.59,2.51,2.48"
"424.86,-10.00,-4.80,2.50,2.47"
"425.06,-10.06,-8.51,2.52,2.47"
"425.27,-6.11,-10.58,2.52,2.48"
"425.48,-8.15,-6.73,2.52,2.49"
"425.69,-11.37,-15.09,2.53,2.48"
"425.90,-15.29,-14.67,2.51,2.48"
"426.11,-9.61,-7.31,2.50,2.46"
"426.31,-2.05,-2.32,2.51,2.48"
"426.52,-12.39,-15.86,2.52,2.48"
"426.73,-11.80,-11.60,2.51,2.47"
"426.94,-8.09,-9.95,2.50,2.46"
"427.15,-9.10,-11.94,2.53,2.49"
"427.36,-11.76,-12.11,2.51,2.49"
"427.57,-14.73,-10.82,2.52,2.47"
"427.77,-7.52,-11.28,2.52,2.47"
"427.98,-10.56,-5.69,2.52,2.48"
"428.19,-4.88,-9.13,2.52,2.47"
"428.40,-10.98,-14.88,2.51,2.48"
"428.61,-10.47,-4.55,2.54,2.48"
"428.82,-10.64,-10.32,2.51,2.47"
"429.02,-8.17,-3.97,2.51,2.49"
"429.23,-9.33,-17.54,2.50,2.49"
"429.44,-7.41,-5.99,2.52,2.47"
"429.65,-8.74,-10.69,2.51,2.47"
"429.86,-10.69,-11.04,2.52,2.47"
"430.07,-7.05,-7.94,2.50,2.46"
"430.27,-2.22,-8.79,2.52,2.47"
"430.48,-9.33,-15.12,2.54,2.48"
"430.69,-8.98,-10.33,2.52,2.48"
"430.90,-5.91,-8.95,2.51,2.47"
"431.11,-11.82,-11.64,2.51,2.47"
"431.32,-2.14,-4.58,2.51,2.48"
"431.52,-7.86,-8.32,2.51,2.47"
"431.73,-5.68,-3.64,2.53,2.48"
"431.94,-8.17,-11.84,2.51,2.48"
"432.15,-6.14,-5.06,2.51,2.48"
"432.36,-14.95,-9.10,2.51,2.49"
"432.57,-9.29,-9.47,2.51,2.49"
"432.77,-8.88,-6.92,2.52,2.50"
"432.98,-11.44,-8.69,2.52,2.48"
"433.19,-10.13,-7.15,2.53,2.49"
"433.40,-13.92,-9.77,2.52,2.47"
"433.61,-10.79,-7.82,2.51,2.49"
"433.82,-9.38,-11.88,2.51,2.47"
"434.02,-9.14,-8.22,2.51,2.47"
"434.23,-13.72,-9.88,2.51,2.47"
"434.44,-11.89,-10.20,2.51,2.47"
"434.65,-11.48,-16.42,2.52,2.47"
"434.86,-13.43,-9.74,2.53,2.48"
"435.07,-9.66,-12.35,2.52,2.47"
"435.27,-18.49,-11.26,2.54,2.47"
"435.48,-5.98,-3.62,2.53,2.47"
"435.69,-9.73,-6.43,2.52,2.46"
"435.90,-11.00,-9.16,2.51,2.46"
"436.11,-8.27,-7.26,2.53,2.47"
"436.32,-11.41,-14.69,2.53,2.49"
"436.53,-8.77,-9.00,2.51,2.48"
"436.73,-13.51,-11.45,2.53,2.46"
"436.94,-16.66,-11.24,2.52,2.47"
"437.15,-12.91,-11.36,2.51,2.48"
"437.36,-11.83,-15.09,2.51,2.48"
"437.57,-8.41,-8.60,2.52,2.47"
"437.78,-9.27,-9.07,2.51,2.47"
"437.98,-8.67,-11.31,2.50,2.48"
"438.19,-12.80,-8.19,2.53,2.46"
"438.40,-13.35,-10.99,2.51,2.47"
"438.61,-7.94,-7.74,2.53,2.48"
"438.82,-7.69,-5.79,2.53,2.47"
"439.03,-11.55,-12.52,2.52,2.49"
"439.23,-5.02,-9.87,2.52,2.48"
"439.44,-10.46,-4.50,2.51,2.47"
"439.65,-9.47,-5.87,2.50,2.45"
"439.86,-9.16,-8.01,2.52,2.49"
"440.07,-8.76,-8.90,2.51,2.47"
"440.28,-15.39,-19.18,2.53,2.47"
"440.48,-14.36,-11.63,2.50,2.48"
"440.69,-12.41,-5.79,2.51,2.49"
"440.90,-5.02,-5.20,2.52,2.47"
"441.11,-8.16,-10.20,2.51,2.48"
"441.32,-10.16,-9.40,2.51,2.48"
"441.53,-11.06,-12.57,2.51,2.47"
"441.73,-8.17,-6.83,2.49,2.46"
"441.94,-7.80,-11.68,2.51,2.46"
"442.15,-10.39,-10.35,2.50,2.47"
"442.36,-17.44,-10.05,2.50,2.46"
"442.57,-18.22,-13.50,2.54,2.48"
"442.78,-8.99,-14.17,2.51,2.49"
"442.98,-10.33,-11.32,2.50,2.49"
"443.19,-4.04,-6.92,2.51,2.48"
"443.40,-6.58,-11.70,2.51,2.47"
"443.61,-14.61,-9.52,2.51,2.47"
"443.82,-13.94,-11.41,2.51,2.47"
"444.03,-14.74,-13.62,2.53,2.48"
"444.24,-6.49,-10.64,2.52,2.47"
"444.44,-11.91,-8.76,2.51,2.47"
"444.65,-8.59,-3.74,2.52,2.48"
"444.86,-9.22,-12.93,2.52,2.48"
"445.07,-13.21,-1.27,2.50,2.47"
"445.28,-8.93,-9.50,2.51,2.47"
"445.49,-6.73,-5.44,2.50,2.46"
"445.69,-10.39,-8.75,2.51,2.47"
"445.90,-5.58,-2.33,2.50,2.48"
"446.11,-10.05,-7.83,2.52,2.49"
"446.32,-6.48,-11.50,2.53,2.47"
"446.53,-9.38,-11.89,2.51,2.47"
"446.74,-7.17,-8.39,2.52,2.47"
"446.95,-11.79,-10.72,2.51,2.46"
"447.15,-8.47,-9.44,2.51,2.48"
"447.36,-7.00,-11.76,2.50,2.47"
"447.57,-5.27,-8.95,2.51,2.48"
"447.78,-9.63,-7.16,2.52,2.48"
"447.99,-11.77,-11.58,2.50,2.46"
"448.20,-12.40,-12.99,2.52,2.48"
"448.40,-4.54,-7.85,2.51,2.46"
"448.61,-16.69,-13.97,2.53,2.48"
"448.82,-4.26,-2.33,2.51,2.46"
"449.03,-10.85,-15.10,2.52,2.48"
"449.24,-13.92,-9.17,2.51,2.47"
"449.45,-12.24,-9.63,2.54,2.47"
"449.65,-13.17,-11.77,2.52,2.48"
"449.86,-7.28,-11.52,2.50,2.48"
"450.07,-10.32,-7.18,2.52,2.47"
"450.28,-10.52,-9.55,2.52,2.47"
"450.49,-12.78,-11.92,2.52,2.47"
"450.70,-6.19,-7.17,2.52,2.47"
"450.91,-8.61,-9.77,2.51,2.47"
"451.11,-9.07,-5.71,2.51,2.47"
"451.32,-10.20,-10.75,2.52,2.47"
"451.53,-15.53,-10.52,2.51,2.49"
"451.74,-7.55,-12.82,2.52,2.48"
"451.95,-15.05,-8.94,2.51,2.46"
"452.16,-8.97,-12.33,2.53,2.49"
"452.36,-12.33,-14.43,2.50,2.47"
"452.57,-6.61,-8.01,2.50,2.48"
"452.78,-11.46,-7.68,2.53,2.48"
"452.99,-9.53,-10.90,2.53,2.47"
"453.20,-4.63,-9.08,2.51,2.47"
"453.41,-17.19,-14.48,2.53,2.47"
"453.61,-8.81,-6.61,2.52,2.47"
"453.82,-12.39,-7.46,2.51,2.50"
"454.03,-8.51,-12.51,2.52,2.47"
"454.24,-6.29,-10.98,2.50,2.49"
"454.45,-8.44,-12.50,2.50,2.48"
"454.66,-12.53,-15.78,2.53,2.47"
"454.86,-12.88,-14.59,2.53,2.47"
"455.07,-8.94,-8.84,2.52,2.48"
"455.28,-7.85,-8.89,2.51,2.51"
"455.49,-13.70,-16.31,2.51,2.47"
"455.70,-13.74,-10.07,2.52,2.49"
"455.91,-10.45,-11.07,2.54,2.49"
"456.11,-10.59,-8.54,2.51,2.48"
"456.32,-6.89,-7.67,2.53,2.47"
"456.53,-9.95,-9.45,2.52,2.47"
"456.74,-8.40,-10.30,2.51,2.48"
"456.95,-8.87,-7.72,2.53,2.48"
"457.16,-10.35,-8.23,2.51,2.48"
"457.36,-10.82,-10.38,2.52,2.47"
"457.57,-12.12,-7.32,2.51,2.48"
"457.78,-16.53,-13.99,2.51,2.48"
"457.99,-7.24,-10.07,2.52,2.48"
"458.20,-7.00,-15.43,2.51,2.48"
"458.41,-9.08,-11.24,2.51,2.49"
"458.61,-11.80,-8.62,2.52,2.49"
"458.82,-7.92,-9.71,2.52,2.46"
"459.03,-9.51,-3.52,2.51,2.49"
"459.24,-8.77,-6.81,2.50,2.48"
"459.45,-10.82,-7.91,2.50,2.48"
"459.66,-6.08,-10.70,2.52,2.48"
"459.86,-7.25,-8.42,2.50,2.48"
"460.07,-12.25,-8.41,2.51,2.48"
"460.28,-7.87,-10.08,2.52,2.47"
"460.49,-9.60,-10.47,2.53,2.47"
"460.70,-12.61,-13.59,2.53,2.47"
"460.91,-1.01,-4.13,2.50,2.48"
"461.11,-12.25,-11.08,2.52,2.47"
"461.32,-9.32,-11.26,2.52,2.47"
"461.53,-7.81,-7.12,2.51,2.47"
"461.74,-11.61,-8.17,2.52,2.47"
"461.95,-11.71,-8.82,2.51,2.48"
"462.16,-11.94,-10.20,2.51,2.49"
"462.36,-9.28,-13.72,2.51,2.47"
"462.57,-5.67,-4.99,2.53,2.48"
"462.78,-11.31,-9.40,2.50,2.48"
"462.99,-17.77,-14.47,2.49,2.48"
"463.20,-7.39,-6.80,2.52,2.49"
"463.41,-9.57,-11.61,2.51,2.47"
"463.62,-16.42,-12.55,2.51,2.47"
"463.82,-11.95,-9.60,2.53,2.47"
"464.03,-6.81,-1.09,2.51,2.50"
"464.24,-14.43,-15.52,2.51,2.48"
"464.45,-9.22,-11.48,2.51,2.47"
"464.66,-15.80,-15.93,2.52,2.48"
"464.87,-10.37,-8.99,2.52,2.45"
"465.08,-9.84,-12.42,2.50,2.48"
"465.28,-15.73,-11.92,2.51,2.46"
"465.49,-13.84,-5.88,2.50,2.47"
"465.70,-12.26,-8.32,2.53,2.46"
"465.91,-15.56,-13.01,2.52,2.48"
"466.12,-7.97,-11.22,2.52,2.48"
"466.33,-7.00,-5.43,2.51,2.47"
"466.53,-10.91,-9.49,2.52,2.49"
"466.74,-6.60,-5.72,2.53,2.48"
"466.95,-9.08,-16.55,2.50,2.47"
"467.16,-6.33,-10.19,2.51,2.47"
"467.37,-13.62,-14.65,2.52,2.47"
"467.58,-6.38,-5.51,2.53,2.49"
"467.78,-11.89,-8.94,2.52,2.48"
"467.99,-10.74,-16.10,2.51,2.48"
"468.20,-10.66,-9.53,2.52,2.48"
"468.41,-12.65,-9.77,2.52,2.47"
"468.62,-6.95,-14.68,2.52,2.47"
"468.83,-6.27,-3.58,2.51,2.47"
"469.03,-13.80,-15.34,2.51,2.48"
"469.24,-11.01,-11.81,2.51,2.48"
"469.45,-10.91,-11.51,2.52,2.48"
"469.66,-12.51,-13.86,2.51,2.50"
"469.87,-7.21,-8.52,2.51,2.48"
"470.08,-5.85,-3.32,2.52,2.47"
"470.28,-17.95,-13.75,2.51,2.48"
"470.49,-5.21,-10.60,2.51,2.49"
"470.70,-8.58,-9.63,2.50,2.48"
"470.91,-15.11,-15.85,2.50,2.47"
"471.12,-15.20,-6.78,2.51,2.48"
"471.33,-12.27,-13.82,2.49,2.47"
"471.53,-7.58,-12.85,2.51,2.50"
"471.74,-11.49,-10.53,2.51,2.46"
"471.95,-7.63,-5.60,2.51,2.47"
"472.16,-2.30,-5.16,2.52,2.48"
"472.37,-11.81,-11.27,2.51,2.48"
"472.58,-11.46,-12.53,2.50,2.47"
"472.78,-10.03,-10.73,2.52,2.47"
"472.99,-9.27,-11.62,2.50,2.49"
"473.20,-9.02,-2.34,2.52,2.47"
"473.41,-14.97,-17.52,2.51,2.47"
"473.62,-12.42,-15.61,2.51,2.47"
"473.83,-8.86,-9.43,2.51,2.48"
"474.04,-14.59,-3.54,2.50,2.47"
"474.24,-10.33,-8.96,2.51,2.49"
"474.45,-13.67,-9.28,2.51,2.47"
"474.66,-10.89,-9.00,2.51,2.48"
"474.87,-6.84,-5.88,2.52,2.48"
"475.08,-10.51,-12.42,2.49,2.48"
"475.29,-7.94,-8.87,2.50,2.48"
"475.49,-13.95,-14.08,2.51,2.46"
"475.70,-10.92,-11.70,2.50,2.48"
"475.91,-18.08,-15.06,2.51,2.47"
"476.12,-14.25,-9.03,2.52,2.50"
"476.33,-12.37,-10.26,2.51,2.47"
"476.54,-5.42,-11.77,2.51,2.48"
"476.74,-8.64,-10.13,2.50,2.47"
"476.95,-10.08,-13.48,2.52,2.47"
"477.16,-8.54,-4.16,2.51,2.49"
"477.37,-17.98,-10.03,2.51,2.47"
"477.58,-0.10,-6.71,2.52,2.49"
"477.79,-8.89,-6.38,2.51,2.48"
"478.00,-7.11,-7.37,2.52,2.48"
"478.20,-7.38,-7.62,2.51,2.48"
"478.41,-7.28,-11.46,2.51,2.47"
"478.62,-12.67,-10.13,2.52,2.48"
"478.83,-9.50,-1.85,2.52,2.46"
"479.04,-13.41,-11.50,2.51,2.47"
"479.25,-5.44,-8.58,2.51,2.48"
"479.45,-4.80,-8.26,2.52,2.48"
"479.66,-9.95,-6.58,2.51,2.47"
"479.87,-10.15,-9.12,2.52,2.48"
"480.08,-8.61,-11.42,2.52,2.48"
"480.29,-8.31,-7.52,2.52,2.48"
"480.50,-9.39,-9.94,2.51,2.48"
"480.70,-13.21,-12.58,2.50,2.49"
"480.91,-10.48,-10.27,2.53,2.48"
"481.12,-7.79,-7.51,2.53,2.48"
"481.33,-5.24,-9.33,2.52,2.47"
"481.54,-11.02,-10.50,2.51,2.48"
"481.75,-7.53,-9.34,2.49,2.48"
"481.95,-13.20,-12.00,2.51,2.48"
"482.16,-9.82,-7.99,2.52,2.48"
"482.37,-9.69,-6.54,2.54,2.47"
"482.58,-5.64,-11.27,2.51,2.48"
"482.79,-9.66,-7.84,2.49,2.48"
"483.00,-9.07,-9.29,2.49,2.48"
"483.20,-10.81,-11.03,2.49,2.47"
"483.41,-9.28,-7.94,2.53,2.48"
"483.62,-9.33,-10.09,2.52,2.50"
"483.83,-11.02,-10.80,2.52,2.48"
"484.04,-13.78,-10.90,2.49,2.47"
"484.25,-10.55,-10.90,2.50,2.48"
"484.45,-13.89,-13.70,2.52,2.47"
"484.66,-4.36,-11.39,2.52,2.49"
"484.87,-10.47,-9.74,2.50,2.48"
"485.08,-9.29,-10.60,2.48,2.45"
"485.29,-9.89,-11.03,2.53,2.47"
"485.50,-8.22,-15.67,2.51,2.48"
"485.70,-9.65,-9.50,2.49,2.48"
"485.91,-8.18,-5.85,2.52,2.47"
"486.12,-9.56,-11.17,2.50,2.48"
"486.33,-14.12,-9.17,2.52,2.47"
"486.54,-5.24,-5.68,2.51,2.49"
"486.75,-7.92,-11.77,2.52,2.47"
"486.95,-8.22,-11.80,2.50,2.48"
"487.16,-7.94,-9.56,2.52,2.49"
"487.37,-13.60,-13.37,2.50,2.48"
"487.58,-8.90,-9.25,2.50,2.47"
"487.79,-6.57,-6.70,2.50,2.48"
"488.00,-6.47,-6.25,2.51,2.48"
"488.20,-8.61,-7.23,2.50,2.47"
"488.41,-7.00,-9.27,2.52,2.47"
"488.62,-6.47,-9.79,2.50,2.47"
"488.83,-4.80,-6.69,2.51,2.48"
"489.04,-11.19,-7.09,2.51,2.46"
"489.25,-1.13,-5.34,2.51,2.48"
"489.45,-8.16,-10.56,2.53,2.48"
"489.66,-13.48,-11.73,2.52,2.49"
"489.87,-8.53,-5.68,2.52,2.48"
"490.08,-10.64,-10.76,2.51,2.48"
"490.29,-8.89,-8.31,2.50,2.47"
"490.50,-12.88,-9.88,2.51,2.47"
"490.70,-12.37,-12.69,2.50,2.48"
"490.91,-7.43,-11.24,2.52,2.47"
"491.12,-7.19,-10.04,2.52,2.47"
"491.33,-7.90,-8.04,2.52,2.47"
"491.54,-9.22,-10.16,2.52,2.48"
"491.75,-7.98,-11.73,2.51,2.47"
"491.96,-9.97,-9.52,2.52,2.48"
"492.17,-5.06,-5.66,2.52,2.48"
"492.37,-8.91,-6.55,2.53,2.48"
"492.58,-10.17,-4.07,2.52,2.47"
"492.79,-7.61,-9.80,2.49,2.48"
"493.00,-12.35,-11.58,2.52,2.48"
"493.21,-15.20,-12.49,2.51,2.47"
"493.42,-11.43,-9.66,2.51,2.48"
"493.62,-6.17,-8.65,2.51,2.48"
"493.83,-10.81,-12.20,2.53,2.49"
"494.04,-7.48,-11.22,2.51,2.46"
"494.25,-7.86,-9.46,2.50,2.47"
"494.46,-10.33,-10.35,2.55,2.48"
"494.67,-4.39,-7.81,2.50,2.49"
"494.87,-9.73,-9.53,2.52,2.47"
"495.08,-10.28,-9.54,2.50,2.47"
"495.29,-6.90,-11.44,2.51,2.48"
"495.50,-7.08,-7.30,2.51,2.47"
"495.71,-8.54,-7.54,2.51,2.48"
"495.92,-5.43,-7.28,2.51,2.48"
"496.12,-3.79,-9.79,2.51,2.49"
"496.33,-11.26,-9.09,2.49,2.48"
"496.54,-17.48,-8.08,2.53,2.48"
"496.75,-10.16,-11.22,2.51,2.48"
"496.96,-9.26,-7.29,2.51,2.48"
"497.17,-10.37,-12.11,2.50,2.47"
"497.37,-10.54,-12.02,2.52,2.48"
"497.58,-8.37,-10.20,2.52,2.47"
"497.79,-11.09,-7.02,2.52,2.48"
"498.00,-9.53,-9.65,2.51,2.47"
"498.21,-5.10,-5.34,2.51,2.48"
"498.42,-8.43,-6.87,2.52,2.48"
"498.62,-12.43,-10.69,2.50,2.48"
"498.83,-15.24,-12.54,2.52,2.47"
"499.04,-11.49,-16.29,2.52,2.47"
"499.25,-14.67,-10.81,2.52,2.47"
"499.46,-9.76,-7.78,2.52,2.46"
"499.67,-13.92,-7.60,2.52,2.48"
"499.87,-9.32,-12.51,2.51,2.48"
"500.08,-10.45,-10.79,2.51,2.47"
"500.29,-8.74,-11.45,2.51,2.48"
"500.50,-9.93,-10.47,2.50,2.48"
"500.71,-9.59,-10.06,2.51,2.49"
"500.92,-9.56,-10.00,2.51,2.47"
"501.13,-9.73,-10.16,2.51,2.48"
"501.33,-9.89,-9.92,2.51,2.48"
"501.54,-9.76,-9.90,2.51,2.48"
"501.75,-9.29,-10.02,2.52,2.48"
"501.96,-9.52,-9.78,2.50,2.48"
"502.17,-10.11,-10.01,2.51,2.48"
"502.38,-9.97,-10.94,2.50,2.47"
"502.58,-10.34,-9.53,2.51,2.48"
"502.79,-10.28,-9.58,2.51,2.48"
"503.00,-9.63,-9.82,2.51,2.49"
"503.21,-9.70,-9.85,2.51,2.47"
"503.42,-9.66,-9.72,2.51,2.47"
"503.63,-9.60,-9.76,2.52,2.48"
"503.83,-9.73,-9.69,2.50,2.48"
"504.04,-9.61,-9.73,2.50,2.48"
"504.25,-9.90,-9.88,2.51,2.47"
"504.46,-9.74,-9.67,2.51,2.48"
