"0.62,-39.79,-9.89,2.53,2.50"
"0.83,-8.00,-8.37,2.53,2.50"
"1.03,-9.26,-9.85,2.53,2.50"
"1.24,-9.88,-9.45,2.54,2.51"
"1.45,-9.45,-9.97,2.54,2.51"
"1.66,-9.69,-9.57,2.53,2.50"
"1.87,-9.96,-9.89,2.53,2.50"
"2.08,-9.36,-10.02,2.53,2.50"
"2.28,-9.77,-9.49,2.54,2.50"
"2.49,-8.83,-11.78,2.53,2.50"
"2.70,-9.78,-9.70,2.53,2.50"
"2.91,-9.23,-9.90,2.53,2.50"
"3.12,-8.48,-10.08,2.53,2.50"
"3.33,-10.56,-8.91,2.54,2.49"
"3.53,-9.06,-10.75,2.53,2.51"
"3.74,-9.99,-9.46,2.53,2.50"
"3.95,-9.71,-9.79,2.53,2.51"
"4.16,-9.54,-10.41,2.54,2.51"
"4.37,-5.53,-6.29,2.53,2.52"
"4.58,-10.21,-10.09,2.53,2.50"
"4.78,-9.79,-12.04,2.53,2.49"
"4.99,-11.33,-9.16,2.53,2.49"
"5.20,-9.62,-10.08,2.54,2.50"
"5.41,-9.62,-9.91,2.54,2.51"
"5.62,-9.97,-9.57,2.53,2.50"
"5.82,-9.93,-9.22,2.54,2.50"
"6.03,-9.02,-9.74,2.53,2.51"
"6.24,-9.73,-8.94,2.54,2.49"
"6.45,-9.50,-10.58,2.53,2.50"
"6.66,-9.22,-9.95,2.53,2.51"
"6.87,-10.05,-9.38,2.54,2.50"
"7.07,-10.42,-9.86,2.54,2.49"
"7.28,-9.09,-9.35,2.54,2.51"
"7.49,-9.50,-9.84,2.54,2.50"
"7.70,-8.76,-9.75,2.54,2.49"
"7.91,-10.11,-9.00,2.53,2.51"
"8.12,-10.14,-9.35,2.54,2.51"
"8.32,-9.03,-10.77,2.54,2.50"
"8.53,-8.92,-10.01,2.54,2.50"
"8.74,-8.93,-9.04,2.53,2.50"
"8.95,-10.41,-9.54,2.54,2.52"
"9.16,-10.16,-9.66,2.54,2.51"
"9.37,-9.98,-11.01,2.54,2.51"
"9.57,-9.08,-11.04,2.53,2.50"
"9.78,-8.63,-9.62,2.53,2.51"
"9.99,-10.65,-9.04,2.54,2.51"
"10.20,-10.10,-9.31,2.54,2.51"
"10.41,-8.72,-9.00,2.53,2.50"
"10.61,-9.18,-9.94,2.54,2.49"
"10.82,-9.64,-9.68,2.53,2.51"
"11.03,-9.71,-8.99,2.53,2.49"
"11.24,-8.76,-10.35,2.54,2.51"
"11.45,-9.42,-10.98,2.54,2.51"
"11.66,-9.24,-9.04,2.54,2.51"
"11.87,-10.42,-8.42,2.54,2.50"
"12.07,-10.11,-9.45,2.54,2.51"
"12.28,-9.30,-10.18,2.53,2.50"
"12.49,-8.68,-10.41,2.54,2.50"
"12.70,-9.89,-10.33,2.54,2.50"
"12.91,-10.15,-10.30,2.54,2.51"
"13.11,-10.52,-8.91,2.54,2.51"
"13.32,-9.47,-10.04,2.53,2.50"
"13.53,-8.92,-9.32,2.54,2.50"
"13.74,-10.77,-10.95,2.54,2.50"
"13.95,-9.84,-9.19,2.54,2.51"
"14.16,-9.77,-9.88,2.53,2.51"
"14.36,-9.79,-9.85,2.54,2.50"
"14.57,-9.73,-9.66,2.54,2.50"
"14.78,-9.67,-9.82,2.54,2.50"
"14.99,-9.60,-9.72,2.53,2.49"
"15.20,-9.80,-9.82,2.53,2.49"
"15.41,-9.67,-9.85,2.53,2.50"
"15.62,-9.65,-9.71,2.54,2.51"
"15.82,-9.71,-9.65,2.53,2.50"
"16.03,-9.65,-9.84,2.54,2.50"
"16.24,-9.75,-9.67,2.53,2.51"
"16.45,-9.83,-9.78,2.53,2.51"
"16.66,-9.78,-9.69,2.53,2.50"
"16.86,-9.70,-9.69,2.53,2.51"
"17.07,-9.88,-9.76,2.54,2.51"
"17.28,-9.53,-9.79,2.54,2.50"
"17.49,-8.86,-11.72,2.54,2.52"
"17.70,-9.78,-9.50,2.53,2.51"
"17.91,-8.38,-10.69,2.54,2.50"
"18.11,-10.27,-9.97,2.53,2.52"
"18.32,-6.62,-11.41,2.54,2.49"
"18.53,-16.68,-9.68,2.54,2.51"
"18.74,-13.44,-9.44,2.54,2.50"
"18.95,-10.64,-7.25,2.54,2.51"
"19.16,-8.78,-7.90,2.53,2.51"
"19.36,-11.49,-9.91,2.53,2.51"
"19.57,-11.28,-8.19,2.53,2.51"
"19.78,-11.80,-13.52,2.54,2.49"
"19.99,-9.51,-11.05,2.54,2.50"
"20.20,-9.12,-10.29,2.53,2.50"
"20.41,-8.33,-8.43,2.53,2.50"
"20.61,-10.97,-4.75,2.53,2.50"
"20.82,-13.35,-7.81,2.53,2.50"
"21.03,-9.53,-8.90,2.54,2.49"
"21.24,-9.52,-10.40,2.54,2.51"
"21.45,-8.70,-9.41,2.52,2.51"
"21.66,-10.19,-9.98,2.54,2.50"
"21.86,-9.97,-10.53,2.54,2.51"
"22.07,-10.37,-11.11,2.52,2.51"
"22.28,-9.33,-8.75,2.55,2.51"
"22.49,-11.09,-8.52,2.53,2.51"
"22.70,-11.58,-13.88,2.53,2.50"
"22.91,-11.14,-9.86,2.54,2.50"
"23.11,-8.65,-10.66,2.53,2.49"
"23.32,-9.49,-9.67,2.53,2.51"
"23.53,-12.04,-13.02,2.54,2.50"
"23.74,-10.44,-10.31,2.54,2.50"
"23.95,-7.38,-8.17,2.53,2.50"
"24.16,-7.56,-6.76,2.51,2.50"
"24.36,-2.57,-7.75,2.52,2.51"
"24.57,-8.64,-12.81,2.54,2.51"
"24.78,-13.00,-11.48,2.53,2.51"
"24.99,-11.71,-11.54,2.53,2.51"
"25.20,-8.30,-9.00,2.53,2.51"
"25.41,-12.73,-11.43,2.51,2.50"
"25.61,-9.03,-7.89,2.53,2.51"
"25.82,-6.32,-3.70,2.55,2.50"
"26.03,-10.96,-9.05,2.53,2.50"
"26.24,-8.78,-6.58,2.54,2.50"
"26.45,-11.89,-9.32,2.54,2.51"
"26.66,-11.16,-7.98,2.54,2.53"
"26.86,-5.27,-5.11,2.54,2.51"
"27.07,-10.83,-9.56,2.53,2.50"
"27.28,-14.51,-17.04,2.54,2.50"
"27.49,-10.75,-10.32,2.54,2.50"
"27.70,-4.22,-7.06,2.55,2.51"
"27.91,-10.26,-11.80,2.54,2.51"
"28.11,-7.91,-10.03,2.55,2.50"
"28.32,-18.23,-14.76,2.51,2.50"
"28.53,-12.57,-11.20,2.53,2.50"
"28.74,-11.56,-11.88,2.55,2.52"
"28.95,-10.85,-7.33,2.55,2.51"
"29.16,-7.46,-6.95,2.53,2.50"
"29.36,-9.75,-7.11,2.53,2.50"
"29.57,-9.98,-7.73,2.52,2.50"
"29.78,-6.88,-10.01,2.53,2.51"
"29.99,-11.27,-12.07,2.54,2.50"
"30.20,-15.54,-9.55,2.53,2.50"
"30.41,-9.18,-11.49,2.52,2.51"
"30.61,-7.07,-3.81,2.52,2.50"
"30.82,-3.62,-3.21,2.54,2.51"
"31.03,-9.76,-11.99,2.53,2.51"
"31.24,-10.43,-3.91,2.52,2.49"
"31.45,-12.56,-9.58,2.52,2.49"
"31.66,-8.11,-8.41,2.51,2.50"
"31.86,-13.49,-6.47,2.55,2.50"
"32.07,-10.89,-9.53,2.54,2.51"
"32.28,-5.26,-8.07,2.52,2.50"
"32.49,-13.07,-10.32,2.53,2.49"
"32.70,-8.13,-9.88,2.54,2.50"
"32.91,-7.18,-6.04,2.55,2.52"
"33.12,-7.15,-7.51,2.54,2.51"
"33.32,-10.67,-12.77,2.52,2.50"
"33.53,-10.04,-8.87,2.53,2.50"
"33.74,-9.38,-8.82,2.52,2.51"
"33.95,-10.38,-9.51,2.54,2.50"
"34.16,-9.78,-9.76,2.52,2.50"
"34.37,-11.52,-9.25,2.53,2.50"
"34.57,-8.43,-10.75,2.53,2.51"
"34.78,-10.06,-8.53,2.53,2.51"
"34.99,-11.07,-7.59,2.53,2.51"
"35.20,-9.79,-7.83,2.53,2.51"
"35.41,-7.66,-10.72,2.54,2.51"
"35.62,-8.49,-10.22,2.54,2.51"
"35.82,-11.79,-16.81,2.54,2.50"
"36.03,-10.77,-11.31,2.55,2.50"
"36.24,-6.78,-5.27,2.53,2.50"
"36.45,-8.39,-6.21,2.53,2.51"
"36.66,-9.25,-9.04,2.54,2.51"
"36.87,-12.51,-9.19,2.52,2.51"
"37.07,-8.59,-6.60,2.54,2.50"
"37.28,-10.01,-8.93,2.52,2.51"
"37.49,-7.32,-4.76,2.52,2.50"
"37.70,-7.12,-10.64,2.51,2.49"
"37.91,-6.54,-6.25,2.55,2.50"
"38.12,-9.30,-10.01,2.52,2.50"
"38.32,-10.60,-8.63,2.54,2.51"
"38.53,-6.00,-10.10,2.54,2.51"
"38.74,-13.67,-8.51,2.54,2.51"
"38.95,-11.06,-9.03,2.53,2.50"
"39.16,-10.14,-9.43,2.53,2.50"
"39.37,-10.84,-13.13,2.53,2.51"
"39.57,-9.55,-9.53,2.54,2.50"
"39.78,-12.25,-11.20,2.53,2.50"
"39.99,-12.05,-9.26,2.53,2.51"
"40.20,-12.72,-6.40,2.54,2.51"
"40.41,-8.75,-10.23,2.53,2.52"
"40.61,-9.84,-5.36,2.54,2.49"
"40.82,-10.01,-8.96,2.51,2.50"
"41.03,-7.65,-7.45,2.53,2.51"
"41.24,-10.14,-10.54,2.54,2.50"
"41.45,-5.13,-7.36,2.54,2.51"
"41.66,-8.41,-10.48,2.52,2.51"
"41.87,-12.13,-15.48,2.53,2.49"
"42.07,-9.48,-11.32,2.52,2.50"
"42.28,-14.01,-6.74,2.54,2.50"
"42.49,-10.38,-12.19,2.55,2.50"
"42.70,-8.24,-10.21,2.54,2.50"
"42.91,-10.73,-10.80,2.54,2.50"
"43.12,-8.50,-9.62,2.54,2.50"
"43.32,-8.70,-7.40,2.51,2.49"
"43.53,-11.37,-11.87,2.53,2.50"
"43.74,-3.54,-9.72,2.52,2.50"
"43.95,-10.02,-8.93,2.54,2.51"
"44.16,-7.63,-13.04,2.52,2.49"
"44.37,-10.29,-11.18,2.55,2.51"
"44.57,-8.66,-7.18,2.52,2.51"
"44.78,-10.08,-9.33,2.53,2.51"
"44.99,-9.64,-9.43,2.55,2.50"
"45.20,-8.96,-6.82,2.54,2.49"
"45.41,-3.28,-13.14,2.52,2.52"
"45.62,-9.03,-5.15,2.55,2.52"
"45.82,-6.66,-8.26,2.52,2.51"
"46.03,-8.85,-6.17,2.53,2.51"
"46.24,-9.39,-10.17,2.52,2.50"
"46.45,-10.69,-8.90,2.54,2.50"
"46.66,-10.21,-10.76,2.53,2.51"
"46.87,-12.75,-7.27,2.53,2.50"
"47.07,-11.05,-14.64,2.54,2.50"
"47.28,-9.79,-4.19,2.53,2.50"
"47.49,-7.07,-9.32,2.54,2.51"
"47.70,-9.03,-6.98,2.54,2.50"
"47.91,-9.99,-6.63,2.54,2.50"
"48.11,-9.95,-11.17,2.54,2.51"
"48.32,-8.98,-9.20,2.52,2.50"
"48.53,-6.25,-13.09,2.53,2.50"
"48.74,-12.57,-10.63,2.53,2.50"
"48.95,-11.85,-9.28,2.54,2.51"
"49.16,-9.49,-6.97,2.53,2.49"
"49.36,-12.37,-11.53,2.53,2.50"
"49.57,-8.95,-11.72,2.54,2.50"
"49.78,-9.30,-7.60,2.52,2.51"
"49.99,-9.51,-10.96,2.52,2.50"
"50.20,-8.58,-8.02,2.54,2.50"
"50.41,-10.37,-8.15,2.52,2.50"
"50.62,-7.29,-4.70,2.53,2.51"
"50.82,-13.39,-10.79,2.54,2.50"
"51.03,-11.27,-11.28,2.53,2.51"
"51.24,-11.72,-8.72,2.53,2.50"
"51.45,-10.27,-9.77,2.53,2.51"
"51.66,-11.10,-7.09,2.54,2.50"
"51.87,-11.26,-13.80,2.53,2.51"
"52.07,-8.78,-6.65,2.53,2.51"
"52.28,-8.90,-10.26,2.54,2.51"
"52.49,-7.38,-12.41,2.52,2.50"
"52.70,-8.12,-9.41,2.53,2.50"
"52.91,-10.85,-7.24,2.54,2.50"
"53.11,-9.96,-11.21,2.54,2.51"
"53.32,-7.27,-10.66,2.52,2.51"
"53.53,-8.92,-15.09,2.52,2.51"
"53.74,-9.89,-9.92,2.53,2.49"
"53.95,-8.26,-7.00,2.51,2.49"
"54.16,-11.09,-7.64,2.53,2.50"
"54.37,-9.42,-8.25,2.53,2.50"
"54.57,-10.26,-13.49,2.52,2.51"
"54.78,-9.51,-6.56,2.54,2.51"
"54.99,-9.52,-8.86,2.53,2.51"
"55.20,-9.49,-11.88,2.52,2.51"
"55.41,-7.23,-10.68,2.53,2.51"
"55.62,-8.66,-12.38,2.52,2.50"
"55.82,-5.26,-10.35,2.52,2.50"
"56.03,-9.59,-7.89,2.52,2.50"
"56.24,-10.35,-9.57,2.53,2.50"
"56.45,-12.41,-10.36,2.53,2.51"
"56.66,-10.00,-10.64,2.52,2.50"
"56.86,-13.35,-10.26,2.54,2.51"
"57.07,-7.80,-12.79,2.53,2.51"
"57.28,-7.03,-9.35,2.53,2.50"
"57.49,-8.51,-4.59,2.54,2.50"
"57.70,-12.13,-10.13,2.52,2.50"
"57.91,-8.82,-10.28,2.53,2.51"
"58.12,-8.14,-14.62,2.51,2.51"
"58.32,-9.57,-12.08,2.53,2.52"
"58.53,-11.56,-10.86,2.53,2.51"
"58.74,-9.28,-4.69,2.54,2.51"
"58.95,-13.25,-7.72,2.53,2.52"
"59.16,-8.51,-10.86,2.53,2.51"
"59.37,-13.01,-9.28,2.52,2.50"
"59.57,-13.24,-10.82,2.52,2.50"
"59.78,-12.71,-13.43,2.54,2.50"
"59.99,-10.46,-10.20,2.53,2.51"
"60.20,-9.69,-11.73,2.54,2.49"
"60.41,-11.48,-9.81,2.52,2.51"
"60.62,-11.05,-9.94,2.52,2.51"
"60.82,-7.23,-10.90,2.55,2.50"
"61.03,-6.82,-9.74,2.53,2.51"
"61.24,-10.13,-11.81,2.52,2.51"
"61.45,-10.68,-7.85,2.51,2.50"
"61.66,-6.93,-11.28,2.53,2.51"
"61.87,-7.62,-6.56,2.52,2.51"
"62.07,-11.49,-11.48,2.53,2.51"
"62.28,-10.80,-11.25,2.53,2.51"
"62.49,-12.98,-14.74,2.52,2.51"
"62.70,-3.69,-4.07,2.54,2.52"
"62.91,-6.14,-9.84,2.52,2.52"
"63.12,-9.97,-10.28,2.52,2.51"
"63.32,-9.15,-8.89,2.52,2.50"
"63.53,-11.30,-13.53,2.54,2.51"
"63.74,-12.44,-10.86,2.53,2.51"
"63.95,-9.94,-9.12,2.52,2.51"
"64.16,-6.25,-10.54,2.53,2.50"
"64.36,-11.93,-7.60,2.53,2.52"
"64.57,-12.11,-10.02,2.53,2.50"
"64.78,-11.09,-11.56,2.52,2.51"
"64.99,-7.54,-8.04,2.52,2.51"
"65.20,-6.78,-7.12,2.53,2.50"
"65.41,-12.75,-9.53,2.53,2.51"
"65.61,-11.45,-8.47,2.52,2.51"
"65.82,-7.36,-11.71,2.53,2.51"
"66.03,-9.80,-8.30,2.51,2.50"
"66.24,-9.84,-9.55,2.54,2.50"
"66.45,-8.08,-8.27,2.53,2.51"
"66.66,-6.18,-10.85,2.52,2.50"
"66.86,-10.18,-9.44,2.53,2.51"
"67.07,-9.46,-10.75,2.53,2.51"
"67.28,-12.99,-9.51,2.53,2.51"
"67.49,-9.37,-13.53,2.52,2.51"
"67.70,-12.54,-10.57,2.52,2.51"
"67.91,-8.97,-6.10,2.51,2.50"
"68.11,-9.75,-10.62,2.52,2.50"
"68.32,-8.72,-8.82,2.54,2.51"
"68.53,-8.90,-10.38,2.52,2.50"
"68.74,-6.54,-12.57,2.53,2.51"
"68.95,-11.96,-7.86,2.53,2.51"
"69.16,-12.39,-7.53,2.53,2.52"
"69.36,-10.01,-10.97,2.55,2.51"
"69.57,-14.38,-9.91,2.54,2.50"
"69.78,-10.42,-6.93,2.53,2.50"
"69.99,-12.80,-7.28,2.53,2.50"
"70.20,-11.22,-9.49,2.52,2.51"
"70.41,-9.80,-9.34,2.52,2.51"
"70.62,-9.15,-11.78,2.53,2.50"
"70.82,-10.37,-5.31,2.52,2.51"
"71.03,-5.48,-9.84,2.52,2.51"
"71.24,-10.84,-8.06,2.53,2.51"
"71.45,-11.40,-10.89,2.53,2.51"
"71.66,-9.98,-11.71,2.52,2.51"
"71.86,-7.22,-11.18,2.53,2.51"
"72.07,-13.46,-9.18,2.52,2.52"
"72.28,-7.07,-8.10,2.52,2.51"
"72.49,-8.59,-3.98,2.52,2.51"
"72.70,-11.29,-11.16,2.54,2.51"
"72.91,-7.73,-10.18,2.53,2.51"
"73.11,-12.97,-10.56,2.53,2.51"
"73.32,-8.81,-11.23,2.52,2.51"
"73.53,-9.52,-8.46,2.53,2.51"
"73.74,-8.82,-10.04,2.53,2.51"
"73.95,-7.98,-8.00,2.53,2.50"
"74.16,-7.75,-7.38,2.52,2.50"
"74.36,-9.34,-9.78,2.52,2.50"
"74.57,-6.25,-9.94,2.52,2.50"
"74.78,-10.64,-10.48,2.51,2.50"
"74.99,-6.97,-10.00,2.52,2.51"
"75.20,-11.30,-6.36,2.51,2.51"
"75.41,-10.04,-15.80,2.52,2.49"
"75.62,-9.45,-11.62,2.52,2.50"
"75.82,-14.52,-14.02,2.52,2.52"
"76.03,-7.70,-9.80,2.52,2.51"
"76.24,-6.35,-10.04,2.51,2.51"
"76.45,-3.97,-4.68,2.53,2.51"
"76.66,-9.99,-10.16,2.54,2.50"
"76.86,-10.44,-11.58,2.52,2.50"
"77.07,-7.19,-10.18,2.51,2.50"
"77.28,-12.15,-10.64,2.51,2.50"
"77.49,-7.38,-4.11,2.53,2.50"
"77.70,-10.77,-6.70,2.52,2.50"
"77.91,-9.79,-9.20,2.52,2.50"
"78.11,-8.76,-9.15,2.52,2.50"
"78.32,-9.67,-10.37,2.52,2.51"
"78.53,-14.11,-7.75,2.52,2.50"
"78.74,-10.52,-11.03,2.52,2.51"
"78.95,-11.86,-10.98,2.52,2.51"
"79.16,-12.16,-10.47,2.52,2.51"
"79.37,-11.29,-11.59,2.52,2.51"
"79.57,-15.31,-12.73,2.51,2.50"
"79.78,-8.71,-8.86,2.54,2.51"
"79.99,-7.79,-8.46,2.53,2.51"
"80.20,-6.52,-12.07,2.52,2.50"
"80.41,-8.33,-10.63,2.53,2.50"
"80.62,-4.37,-7.47,2.52,2.50"
"80.82,-10.45,-8.66,2.53,2.51"
"81.03,-9.79,-7.52,2.53,2.51"
"81.24,-13.49,-14.50,2.53,2.52"
"81.45,-10.99,-9.57,2.51,2.50"
"81.66,-10.05,-9.53,2.53,2.50"
"81.86,-8.11,-10.70,2.54,2.51"
"82.07,-9.66,-10.68,2.51,2.50"
"82.28,-17.39,-12.27,2.52,2.50"
"82.49,-10.89,-8.43,2.53,2.50"
"82.70,-7.70,-13.46,2.52,2.52"
"82.91,-12.84,-12.28,2.52,2.51"
"83.12,-11.63,-7.30,2.52,2.50"
"83.32,-12.23,-12.41,2.52,2.51"
"83.53,-6.87,-12.67,2.53,2.51"
"83.74,-9.77,-13.72,2.51,2.51"
"83.95,-12.85,-7.74,2.54,2.51"
"84.16,-10.35,-7.64,2.53,2.51"
"84.37,-9.38,-11.67,2.51,2.49"
"84.57,-8.07,-10.08,2.52,2.51"
"84.78,-9.04,-7.33,2.52,2.50"
"84.99,-7.95,-8.28,2.52,2.50"
"85.20,-9.09,-11.51,2.54,2.53"
"85.41,-9.45,-11.32,2.52,2.50"
"85.62,-9.70,-8.17,2.52,2.50"
"85.82,-10.51,-12.73,2.51,2.50"
"86.03,-5.99,-9.36,2.51,2.50"
"86.24,-6.42,-6.26,2.53,2.52"
"86.45,-12.02,-7.73,2.53,2.51"
"86.66,-9.75,-10.16,2.53,2.51"
"86.86,-8.60,-9.64,2.52,2.50"
"87.07,-8.38,-10.93,2.51,2.51"
"87.28,-7.45,-8.83,2.51,2.50"
"87.49,-11.67,-9.31,2.51,2.50"
"87.70,-10.08,-13.71,2.53,2.50"
"87.91,-7.70,-9.79,2.53,2.50"
"88.12,-12.07,-11.31,2.53,2.51"
"88.32,-9.93,-12.65,2.52,2.51"
"88.53,-9.76,-7.55,2.53,2.52"
"88.74,-14.35,-8.44,2.52,2.51"
"88.95,-3.83,-5.34,2.53,2.51"
"89.16,-9.99,-7.90,2.53,2.51"
"89.37,-5.53,-9.00,2.53,2.50"
"89.57,-11.21,-14.51,2.52,2.51"
"89.78,-7.94,-6.37,2.53,2.49"
"89.99,-10.05,-7.63,2.51,2.50"
"90.20,-6.62,-5.85,2.54,2.53"
"90.41,-6.99,-9.07,2.51,2.50"
"90.61,-10.92,-13.23,2.53,2.51"
"90.82,-10.72,-7.03,2.52,2.51"
"91.03,-14.42,-15.99,2.52,2.51"
"91.24,-12.87,-14.70,2.54,2.51"
"91.45,-10.33,-13.46,2.53,2.50"
"91.66,-8.49,-13.79,2.54,2.52"
"91.87,-6.98,-5.00,2.51,2.50"
"92.07,-7.92,-7.47,2.53,2.50"
"92.28,-12.95,-9.12,2.53,2.50"
"92.49,-6.59,-20.08,2.52,2.51"
"92.70,-9.95,-8.41,2.53,2.51"
"92.91,-10.84,-10.11,2.52,2.50"
"93.12,-10.73,-14.40,2.53,2.50"
"93.32,-5.91,-10.52,2.53,2.51"
"93.53,-8.18,-8.00,2.53,2.50"
"93.74,-7.04,-5.14,2.53,2.50"
"93.95,-8.39,-6.52,2.53,2.51"
"94.16,-14.11,-14.84,2.52,2.50"
"94.37,-9.89,-11.22,2.53,2.52"
"94.57,-15.47,-14.25,2.52,2.51"
"94.78,-9.48,-7.71,2.52,2.50"
"94.99,-12.74,-12.58,2.51,2.52"
"95.20,-5.13,-10.06,2.51,2.52"
"95.41,-11.98,-11.12,2.52,2.50"
"95.62,-12.83,-11.35,2.53,2.50"
"95.82,-11.10,-13.67,2.52,2.52"
"96.03,-10.64,-7.57,2.52,2.50"
"96.24,-8.85,-8.66,2.52,2.50"
"96.45,-13.44,-14.41,2.54,2.51"
"96.66,-17.36,-17.32,2.53,2.51"
"96.87,-13.40,-12.92,2.52,2.51"
"97.07,-9.70,-7.74,2.53,2.50"
"97.28,-12.57,-8.73,2.52,2.50"
"97.49,-7.96,-7.58,2.52,2.51"
"97.70,-10.00,-4.92,2.51,2.49"
"97.91,-13.37,-11.15,2.53,2.50"
"98.12,-8.11,-11.33,2.52,2.51"
"98.32,-11.25,-9.45,2.53,2.52"
"98.53,-8.96,-8.27,2.51,2.50"
"98.74,-13.44,-15.45,2.52,2.50"
"98.95,-8.94,-11.39,2.55,2.51"
"99.16,-13.05,-14.27,2.52,2.51"
"99.37,-12.76,-7.07,2.52,2.51"
"99.57,-7.97,-9.96,2.51,2.51"
"99.78,-11.79,-8.71,2.51,2.50"
"99.99,-2.32,-3.31,2.51,2.51"
"100.20,-7.17,-15.65,2.52,2.52"
"100.41,-11.05,-11.41,2.51,2.51"
"100.62,-11.24,-9.42,2.53,2.51"
"100.82,-8.43,-9.46,2.51,2.50"
"101.03,-11.01,-9.22,2.52,2.50"
"101.24,-8.04,-10.13,2.52,2.51"
"101.45,-6.04,-6.13,2.53,2.52"
"101.66,-7.23,-10.94,2.51,2.52"
"101.87,-12.32,-11.75,2.52,2.50"
"102.07,-7.66,-9.87,2.53,2.51"
"102.28,-8.54,-10.12,2.53,2.50"
"102.49,-8.43,-8.94,2.52,2.50"
"102.70,-9.04,-11.48,2.53,2.51"
"102.91,-9.20,-12.83,2.52,2.50"
"103.12,-14.28,-10.96,2.52,2.49"
"103.32,-11.94,-12.39,2.52,2.51"
"103.53,-11.06,-10.49,2.53,2.51"
"103.74,-12.57,-12.01,2.54,2.52"
"103.95,-10.90,-6.31,2.51,2.49"
"104.16,-8.53,-8.81,2.52,2.50"
"104.37,-8.08,-4.11,2.53,2.52"
"104.58,-8.53,-14.48,2.53,2.51"
"104.78,-9.44,-14.04,2.52,2.50"
"104.99,-9.85,-6.72,2.51,2.52"
"105.20,-11.40,-10.52,2.50,2.51"
"105.41,-10.56,-12.92,2.53,2.51"
"105.62,-5.65,-9.38,2.52,2.52"
"105.83,-7.38,-12.04,2.52,2.52"
"106.04,-12.38,-16.91,2.52,2.51"
"106.24,-7.77,-2.44,2.52,2.51"
"106.45,-7.35,-5.94,2.52,2.51"
"106.66,-9.79,-9.56,2.52,2.50"
"106.87,-9.96,-6.86,2.53,2.50"
"107.08,-9.26,-8.74,2.55,2.51"
"107.29,-9.26,-9.73,2.53,2.51"
"107.49,-9.39,-12.03,2.52,2.50"
"107.70,-8.66,-6.79,2.54,2.52"
"107.91,-9.70,-10.30,2.52,2.50"
"108.12,-4.87,-8.64,2.52,2.51"
"108.33,-8.40,-5.13,2.53,2.51"
"108.53,-10.76,-14.59,2.52,2.51"
"108.74,-11.31,-11.31,2.52,2.50"
"108.95,-17.82,-14.41,2.52,2.51"
"109.16,-8.02,-6.87,2.51,2.50"
"109.37,-11.47,-11.51,2.52,2.51"
"109.58,-3.04,-4.79,2.50,2.50"
"109.79,-8.56,-9.47,2.51,2.51"
"109.99,-6.84,-9.34,2.52,2.51"
"110.20,-10.35,-10.79,2.53,2.52"
"110.41,-7.35,-4.30,2.54,2.51"
"110.62,-9.79,-9.54,2.53,2.50"
"110.83,-9.42,-11.95,2.51,2.50"
"111.04,-12.19,-9.07,2.54,2.50"
"111.24,-13.06,-13.40,2.52,2.50"
"111.45,-7.82,-7.76,2.52,2.51"
"111.66,-14.45,-11.59,2.53,2.50"
"111.87,-16.73,-16.81,2.52,2.51"
"112.08,-8.26,-4.58,2.51,2.51"
"112.29,-11.51,-12.83,2.52,2.50"
"112.49,-8.49,-8.36,2.53,2.51"
"112.70,-10.62,-6.57,2.54,2.51"
"112.91,-11.55,-10.96,2.52,2.50"
"113.12,-10.86,-7.41,2.51,2.51"
"113.33,-10.13,-5.66,2.54,2.52"
"113.54,-10.60,-16.86,2.51,2.51"
"113.74,-9.23,-9.89,2.52,2.50"
"113.95,-9.79,-8.84,2.53,2.52"
"114.16,-11.11,-11.42,2.52,2.51"
"114.37,-5.35,-13.07,2.52,2.51"
"114.58,-10.20,-9.66,2.52,2.50"
"114.79,-9.82,-9.43,2.53,2.51"
"115.00,-6.53,-7.12,2.52,2.52"
"115.20,-9.27,-8.59,2.52,2.50"
"115.41,-10.12,-5.49,2.52,2.51"
"115.62,-8.22,-10.02,2.52,2.51"
"115.83,-7.11,-5.93,2.51,2.52"
"116.04,-7.08,-8.34,2.52,2.51"
"116.25,-11.69,-10.76,2.52,2.51"
"116.45,-5.88,-9.39,2.52,2.51"
"116.66,-9.63,-13.76,2.52,2.50"
"116.87,-11.59,-15.10,2.52,2.50"
"117.08,-7.50,-10.15,2.53,2.51"
"117.29,-7.67,-10.17,2.52,2.50"
"117.50,-5.33,-7.54,2.52,2.49"
"117.70,-11.91,-8.53,2.52,2.51"
"117.91,-5.48,-7.44,2.54,2.52"
"118.12,-10.55,-8.93,2.52,2.51"
"118.33,-8.15,-13.52,2.52,2.50"
"118.54,-10.37,-3.83,2.53,2.49"
"118.75,-8.09,-7.77,2.52,2.51"
"118.95,-8.65,-9.46,2.53,2.51"
"119.16,-8.73,-7.33,2.51,2.50"
"119.37,-8.91,-9.82,2.52,2.51"
"119.58,-14.66,-11.24,2.52,2.50"
"119.79,-5.96,-10.03,2.52,2.51"
"120.00,-10.89,-9.17,2.53,2.50"
"120.20,-11.24,-12.02,2.52,2.51"
"120.41,-6.08,-9.49,2.53,2.51"
"120.62,-15.33,-10.86,2.51,2.49"
"120.83,-15.59,-11.30,2.51,2.51"
"121.04,-10.53,-12.90,2.54,2.52"
"121.25,-7.86,-5.78,2.52,2.51"
"121.45,-8.03,-9.40,2.52,2.51"
"121.66,-11.83,-11.25,2.51,2.52"
"121.87,-5.64,-7.82,2.51,2.51"
"122.08,-15.26,-14.17,2.51,2.52"
"122.29,-9.91,-7.51,2.52,2.52"
"122.50,-10.76,-6.27,2.53,2.49"
"122.70,-5.43,-5.33,2.52,2.49"
"122.91,-11.62,-13.06,2.52,2.50"
"123.12,-17.62,-15.25,2.54,2.50"
"123.33,-15.87,-14.78,2.53,2.51"
"123.54,-8.66,-10.70,2.51,2.50"
"123.75,-12.16,-13.07,2.52,2.52"
"123.96,-6.09,-7.29,2.53,2.50"
"124.16,-11.82,-11.21,2.53,2.52"
"124.37,-13.19,-10.00,2.52,2.51"
"124.58,-10.47,-9.39,2.53,2.50"
"124.79,-6.17,-8.38,2.51,2.50"
"125.00,-10.14,-6.32,2.53,2.52"
"125.21,-11.75,-7.79,2.53,2.50"
"125.41,-9.43,-9.66,2.52,2.49"
"125.62,-9.66,-8.85,2.52,2.50"
"125.83,-10.10,-6.87,2.53,2.51"
"126.04,-9.42,-13.27,2.51,2.51"
"126.25,-7.70,-8.99,2.52,2.50"
"126.46,-7.29,-11.18,2.51,2.51"
"126.66,-8.37,-9.09,2.51,2.50"
"126.87,-9.19,-8.15,2.53,2.50"
"127.08,-7.86,-9.44,2.50,2.50"
"127.29,-5.07,-14.16,2.52,2.52"
"127.50,-12.38,-15.48,2.52,2.50"
"127.71,-12.29,-9.11,2.53,2.51"
"127.91,-13.06,-5.81,2.50,2.51"
"128.12,-9.66,-11.04,2.54,2.52"
"128.33,-11.07,-8.65,2.51,2.51"
"128.54,-12.67,-6.69,2.51,2.50"
"128.75,-10.71,-4.11,2.54,2.50"
"128.96,-1.55,-13.58,2.52,2.52"
"129.16,-9.07,-12.97,2.53,2.51"
"129.37,-9.38,-7.52,2.54,2.51"
"129.58,-4.87,-3.12,2.52,2.51"
"129.79,-11.32,-13.00,2.53,2.51"
"130.00,-7.97,-9.89,2.52,2.51"
"130.21,-13.89,-14.37,2.51,2.51"
"130.41,-8.35,-12.55,2.53,2.51"
"130.62,-3.49,-8.29,2.52,2.51"
"130.83,-9.00,-6.49,2.52,2.51"
"131.04,-11.41,-12.69,2.52,2.50"
"131.25,-10.76,-9.88,2.52,2.50"
"131.46,-10.08,-8.72,2.52,2.51"
"131.66,-11.08,-16.86,2.51,2.51"
"131.87,-4.63,-3.05,2.52,2.52"
"132.08,-9.71,-12.34,2.51,2.51"
"132.29,-9.14,-15.43,2.51,2.50"
"132.50,-6.88,-8.21,2.51,2.51"
"132.71,-11.56,-7.12,2.52,2.51"
"132.92,-10.58,-11.93,2.51,2.50"
"133.13,-12.78,-4.94,2.51,2.51"
"133.33,-8.58,-5.37,2.50,2.51"
"133.54,-11.42,-8.47,2.52,2.51"
"133.75,-10.12,-6.86,2.51,2.50"
"133.96,-12.28,-11.58,2.53,2.50"
"134.17,-11.20,-15.84,2.51,2.50"
"134.38,-8.02,-10.06,2.52,2.50"
"134.58,-13.60,-12.29,2.52,2.51"
"134.79,-10.37,-12.06,2.53,2.51"
"135.00,-8.06,-5.75,2.51,2.50"
"135.21,-11.09,-6.35,2.52,2.50"
"135.42,-9.10,-12.95,2.53,2.50"
"135.63,-13.74,-15.02,2.51,2.50"
"135.83,-14.31,-14.31,2.52,2.51"
"136.04,-6.81,-10.37,2.53,2.52"
"136.25,-6.67,-9.49,2.51,2.50"
"136.46,-6.48,-9.41,2.51,2.51"
"136.67,-13.39,-8.96,2.52,2.51"
"136.88,-7.34,-9.76,2.52,2.50"
"137.08,-11.83,-9.06,2.53,2.51"
"137.29,-6.34,-5.80,2.53,2.53"
"137.50,-8.95,-10.24,2.52,2.51"
"137.71,-14.85,-14.45,2.52,2.50"
"137.92,-10.47,-12.77,2.53,2.50"
"138.13,-12.23,-14.94,2.50,2.49"
"138.33,-6.38,-5.95,2.50,2.51"
"138.54,-11.64,-11.88,2.53,2.50"
"138.75,-6.09,-8.28,2.51,2.50"
"138.96,-9.26,-6.34,2.50,2.51"
"139.17,-10.94,-10.58,2.52,2.51"
"139.38,-9.40,-7.58,2.51,2.50"
"139.58,-4.87,-8.65,2.52,2.51"
"139.79,-7.16,-4.31,2.51,2.51"
"140.00,-5.40,-0.86,2.53,2.51"
"140.21,-9.00,-10.89,2.52,2.50"
"140.42,-14.64,-11.18,2.53,2.51"
"140.63,-8.85,-8.78,2.52,2.50"
"140.83,-15.60,-9.91,2.52,2.50"
"141.04,-5.72,-9.08,2.52,2.51"
"141.25,-6.17,-7.07,2.52,2.51"
"141.46,-16.93,-14.98,2.52,2.51"
"141.67,-18.33,-16.64,2.51,2.51"
"141.88,-6.84,-5.30,2.52,2.49"
"142.09,-11.20,-5.94,2.53,2.50"
"142.29,-9.86,-14.87,2.52,2.50"
"142.50,-12.61,-11.69,2.53,2.52"
"142.71,-8.53,-3.50,2.53,2.51"
"142.92,-10.27,-10.52,2.51,2.51"
"143.13,-9.84,-10.77,2.51,2.50"
"143.34,-12.90,-14.34,2.52,2.50"
"143.54,-11.51,-9.05,2.52,2.50"
"143.75,-9.39,-7.47,2.53,2.50"
"143.96,-12.80,-11.55,2.52,2.50"
"144.17,-6.55,-8.13,2.51,2.50"
"144.38,-16.34,-12.94,2.51,2.50"
"144.59,-7.64,-11.07,2.53,2.51"
"144.79,-11.73,-11.49,2.51,2.51"
"145.00,-13.54,-10.46,2.52,2.52"
"145.21,-12.70,-6.36,2.53,2.51"
"145.42,-7.02,-8.77,2.52,2.51"
"145.63,-10.00,-10.28,2.52,2.51"
"145.84,-15.77,-11.28,2.52,2.50"
"146.04,-10.39,-8.36,2.51,2.50"
"146.25,-4.45,-8.22,2.52,2.50"
"146.46,-8.94,-7.91,2.51,2.51"
"146.67,-6.72,-4.69,2.50,2.51"
"146.88,-14.41,-7.42,2.52,2.50"
"147.09,-11.13,-12.67,2.52,2.51"
"147.30,-11.81,-11.87,2.51,2.50"
"147.50,-9.52,-10.30,2.53,2.51"
"147.71,-11.34,-13.41,2.50,2.50"
"147.92,-14.88,-14.99,2.51,2.51"
"148.13,-8.16,-10.13,2.52,2.50"
"148.34,-10.08,-10.44,2.52,2.50"
"148.55,-8.80,-11.16,2.53,2.51"
"148.75,-4.23,-8.48,2.51,2.51"
"148.96,-4.72,-9.58,2.52,2.52"
"149.17,-12.02,-11.44,2.50,2.51"
"149.38,-5.91,-9.23,2.52,2.51"
"149.59,-10.87,-7.98,2.51,2.51"
"149.80,-12.15,-7.70,2.52,2.51"
"150.00,-7.87,-4.91,2.53,2.50"
"150.21,-9.08,-6.75,2.51,2.50"
"150.42,-7.64,-7.05,2.53,2.50"
"150.63,-9.69,-4.37,2.52,2.49"
"150.84,-11.84,-10.22,2.51,2.50"
"151.05,-8.70,-5.68,2.50,2.50"
"151.25,-9.10,-8.25,2.52,2.52"
"151.46,-12.70,-9.98,2.52,2.52"
"151.67,-12.67,-13.68,2.49,2.52"
"151.88,-6.81,-4.94,2.52,2.51"
"152.09,-9.43,-4.64,2.53,2.50"
"152.30,-6.87,-10.72,2.53,2.50"
"152.50,-3.84,-5.88,2.51,2.50"
"152.71,-5.09,-4.86,2.51,2.51"
"152.92,-4.92,-5.46,2.51,2.50"
"153.13,-14.10,-11.26,2.51,2.50"
"153.34,-10.38,-11.60,2.52,2.50"
"153.55,-11.30,-10.86,2.51,2.50"
"153.75,-13.11,-10.77,2.52,2.51"
"153.96,-7.02,-7.55,2.51,2.50"
"154.17,-10.97,-15.29,2.51,2.51"
"154.38,-6.62,-13.66,2.52,2.50"
"154.59,-11.43,-7.79,2.53,2.50"
"154.80,-9.46,-7.15,2.53,2.51"
"155.00,-13.85,-9.87,2.52,2.51"
"155.21,-13.69,-9.53,2.50,2.52"
"155.42,-10.45,-11.46,2.52,2.49"
"155.63,-1.09,-1.00,2.52,2.52"
"155.84,-7.63,-11.05,2.51,2.50"
"156.05,-13.45,-12.20,2.53,2.51"
"156.26,-7.02,-5.33,2.51,2.52"
"156.46,-10.90,-10.38,2.51,2.51"
"156.67,-9.93,-9.98,2.51,2.50"
"156.88,-9.65,-10.85,2.53,2.51"
"157.09,-10.82,-8.63,2.52,2.51"
"157.30,-10.43,-13.07,2.52,2.51"
"157.51,-9.26,-10.30,2.51,2.51"
"157.71,-12.17,-8.25,2.52,2.49"
"157.92,-7.90,-8.31,2.51,2.49"
"158.13,-3.85,-7.96,2.52,2.51"
"158.34,-8.74,-8.59,2.53,2.51"
"158.55,-10.55,-11.68,2.51,2.50"
"158.76,-14.83,-10.54,2.52,2.50"
"158.96,-5.78,-6.31,2.53,2.52"
"159.17,-12.18,-10.09,2.52,2.50"
"159.38,-11.75,-15.57,2.51,2.51"
"159.59,-10.31,-9.72,2.51,2.51"
"159.80,-8.95,-10.47,2.52,2.51"
"160.01,-7.86,-9.89,2.51,2.50"
"160.22,-11.10,-13.18,2.51,2.49"
"160.42,-8.50,-6.70,2.51,2.50"
"160.63,-11.34,-10.91,2.50,2.52"
"160.84,-7.69,-12.23,2.51,2.52"
"161.05,-8.78,-8.41,2.52,2.49"
"161.26,-3.91,-8.91,2.52,2.51"
"161.47,-14.19,-13.18,2.53,2.49"
"161.67,-8.86,-10.70,2.52,2.50"
"161.88,-10.00,-8.90,2.52,2.50"
"162.09,-10.75,-14.43,2.50,2.50"
"162.30,-10.68,-11.61,2.52,2.50"
"162.51,-13.24,-16.37,2.54,2.51"
"162.72,-16.65,-14.14,2.53,2.50"
"162.92,-9.36,-8.75,2.52,2.49"
"163.13,-10.34,-6.53,2.52,2.49"
"163.34,-8.57,-13.81,2.52,2.52"
"163.55,-8.71,-9.45,2.52,2.51"
"163.76,-14.24,-12.09,2.51,2.51"
"163.97,-8.54,-6.27,2.52,2.51"
"164.17,-9.07,-1.87,2.53,2.49"
"164.38,-12.33,-10.78,2.53,2.49"
"164.59,-11.02,-12.05,2.51,2.52"
"164.80,-8.74,-7.65,2.51,2.50"
"165.01,-17.11,-13.79,2.51,2.50"
"165.22,-14.58,-9.44,2.51,2.50"
"165.42,-6.41,-3.62,2.53,2.51"
"165.63,-10.91,-10.14,2.51,2.50"
"165.84,-11.57,-10.45,2.52,2.50"
"166.05,-8.66,-13.07,2.53,2.50"
"166.26,-14.25,-8.12,2.50,2.51"
"166.47,-10.55,-7.66,2.51,2.51"
"166.67,-14.19,-13.70,2.51,2.50"
"166.88,-9.61,-10.51,2.52,2.50"
"167.09,-5.45,-6.73,2.50,2.51"
"167.30,-6.59,-9.74,2.53,2.50"
"167.51,-13.08,-14.56,2.51,2.50"
"167.72,-8.36,-7.44,2.55,2.51"
"167.92,-11.84,-6.60,2.53,2.49"
"168.13,-10.84,-10.67,2.52,2.48"
"168.34,-5.94,-10.89,2.52,2.50"
"168.55,-11.23,-11.77,2.51,2.51"
"168.76,-11.63,-11.24,2.53,2.50"
"168.97,-15.23,-12.59,2.52,2.51"
"169.18,-13.41,-9.02,2.50,2.50"
"169.38,-10.78,-15.29,2.52,2.50"
"169.59,-10.79,-11.25,2.54,2.51"
"169.80,-9.65,-6.90,2.52,2.50"
"170.01,-11.22,-14.08,2.51,2.49"
"170.22,-12.50,-6.20,2.53,2.49"
"170.43,-10.74,-9.20,2.52,2.51"
"170.63,-8.77,-7.78,2.52,2.50"
"170.84,-10.21,-9.39,2.53,2.50"
"171.05,-15.75,-11.30,2.52,2.50"
"171.26,-10.49,-10.68,2.52,2.51"
"171.47,-5.48,-3.10,2.52,2.48"
"171.68,-7.81,-8.64,2.52,2.50"
"171.88,-9.84,-8.25,2.52,2.50"
"172.09,-6.03,-10.02,2.52,2.50"
"172.30,-13.53,-10.07,2.53,2.50"
"172.51,-8.24,-13.58,2.54,2.51"
"172.72,-10.63,-9.91,2.51,2.53"
"172.93,-6.30,-7.40,2.51,2.51"
"173.13,-10.36,-8.86,2.52,2.51"
"173.34,-12.15,-7.66,2.51,2.51"
"173.55,-12.44,-8.37,2.51,2.51"
"173.76,-10.15,-9.11,2.56,2.49"
"173.97,-7.71,-7.27,2.53,2.51"
"174.18,-8.30,-6.68,2.51,2.50"
"174.38,-4.66,-6.77,2.52,2.49"
"174.59,-4.70,-8.94,2.51,2.50"
"174.80,-8.77,-5.62,2.52,2.52"
"175.01,-9.04,-4.25,2.50,2.50"
"175.22,-16.99,-9.78,2.50,2.49"
"175.43,-10.67,-6.13,2.51,2.50"
"175.63,-8.05,-12.31,2.53,2.49"
"175.84,-7.10,-9.90,2.51,2.52"
"176.05,-11.03,-6.37,2.51,2.50"
"176.26,-8.94,-11.58,2.52,2.50"
"176.47,-12.20,-12.22,2.52,2.48"
"176.68,-14.81,-9.97,2.52,2.49"
"176.88,-11.45,-10.54,2.52,2.51"
"177.09,-9.90,-12.93,2.51,2.51"
"177.30,-6.58,-8.20,2.51,2.49"
"177.51,-8.96,-9.29,2.52,2.51"
"177.72,-10.52,-6.53,2.53,2.50"
"177.93,-6.83,-15.56,2.53,2.51"
"178.14,-8.69,-11.11,2.51,2.49"
"178.34,-11.59,-16.90,2.53,2.50"
"178.55,-3.34,-13.86,2.53,2.50"
"178.76,-5.58,-9.70,2.52,2.51"
"178.97,-10.72,-9.02,2.52,2.51"
"179.18,-12.67,-7.37,2.52,2.51"
"179.39,-10.52,-13.09,2.52,2.52"
"179.59,-12.28,-7.85,2.50,2.50"
"179.80,-12.31,-11.48,2.53,2.48"
"180.01,-8.77,-13.48,2.53,2.50"
"180.22,-8.65,-11.51,2.52,2.51"
"180.43,-9.39,-5.14,2.50,2.50"
"180.64,-7.75,-8.50,2.52,2.50"
"180.84,-7.59,-11.81,2.54,2.50"
"181.05,-8.61,-7.33,2.52,2.49"
"181.26,-7.43,-9.04,2.52,2.50"
"181.47,-5.86,-15.20,2.51,2.49"
"181.68,-11.40,-13.99,2.49,2.49"
"181.89,-4.09,-1.11,2.52,2.49"
"182.09,-4.21,-11.62,2.53,2.51"
"182.30,-5.38,-8.87,2.53,2.50"
"182.51,-1.58,-3.93,2.50,2.49"
"182.72,-9.58,-11.32,2.53,2.49"
"182.93,-12.72,-11.32,2.53,2.51"
"183.14,-16.90,-10.71,2.51,2.50"
"183.35,-13.93,-6.23,2.52,2.50"
"183.55,-8.97,-9.88,2.53,2.51"
"183.76,-12.65,-13.75,2.53,2.51"
"183.97,-12.53,-11.63,2.50,2.49"
"184.18,-6.75,-9.73,2.52,2.50"
"184.39,-5.11,-5.60,2.52,2.49"
"184.60,-12.56,-15.72,2.52,2.51"
"184.80,-12.21,-11.32,2.52,2.50"
"185.01,-9.00,-11.42,2.53,2.51"
"185.22,-5.57,-13.21,2.53,2.50"
"185.43,-7.40,-6.54,2.52,2.53"
"185.64,-9.51,-11.26,2.53,2.49"
"185.85,-9.65,-6.17,2.52,2.51"
"186.05,-11.82,-7.18,2.52,2.50"
"186.26,-6.71,-6.52,2.52,2.49"
"186.47,-12.58,-10.78,2.51,2.49"
"186.68,-12.10,-10.49,2.52,2.49"
"186.89,-11.82,-11.29,2.52,2.49"
"187.10,-3.01,-6.73,2.53,2.50"
"187.30,-9.60,-11.86,2.51,2.50"
"187.51,-10.50,-7.05,2.52,2.50"
"187.72,-6.62,-5.00,2.52,2.48"
"187.93,-6.85,-10.27,2.52,2.50"
"188.14,-11.00,-11.11,2.50,2.50"
"188.35,-13.82,-5.57,2.52,2.49"
"188.55,-12.24,-14.39,2.52,2.48"
"188.76,-7.03,-8.83,2.51,2.50"
"188.97,-14.94,-8.70,2.49,2.49"
"189.18,-6.11,-7.07,2.52,2.48"
"189.39,-12.29,-8.02,2.52,2.50"
"189.60,-7.24,-9.78,2.51,2.49"
"189.80,-16.34,-14.51,2.52,2.49"
"190.01,-11.01,-13.47,2.52,2.49"
"190.22,-8.47,-6.67,2.53,2.50"
"190.43,-12.31,-12.15,2.52,2.50"
"190.64,-10.69,-12.58,2.54,2.50"
"190.85,-7.17,-9.72,2.52,2.51"
"191.05,-11.33,-7.88,2.52,2.50"
"191.26,-15.99,-12.81,2.52,2.50"
"191.47,-6.93,-8.54,2.51,2.50"
"191.68,-10.95,-11.71,2.52,2.49"
"191.89,-7.11,-11.26,2.51,2.48"
"192.10,-12.35,-13.03,2.52,2.50"
"192.31,-14.19,-10.03,2.50,2.49"
"192.51,-15.34,-8.88,2.53,2.51"
"192.72,-7.09,-10.07,2.52,2.49"
"192.93,-9.86,-6.66,2.53,2.49"
"193.14,-13.38,-10.42,2.51,2.50"
"193.35,-9.61,-8.84,2.52,2.51"
"193.56,-7.45,-9.46,2.52,2.50"
"193.76,-8.64,-9.31,2.52,2.50"
"193.97,-10.64,-8.88,2.52,2.49"
"194.18,-10.36,-4.96,2.52,2.49"
"194.39,-6.73,-8.97,2.54,2.51"
"194.60,-8.35,-9.79,2.52,2.50"
"194.80,-9.12,-8.21,2.51,2.50"
"195.01,-12.11,-3.33,2.49,2.50"
"195.22,-9.81,-10.13,2.51,2.51"
"195.43,-9.21,-7.80,2.51,2.48"
"195.64,-14.93,-10.48,2.52,2.50"
"195.85,-7.14,-5.74,2.52,2.47"
"196.06,-9.77,-8.49,2.52,2.51"
"196.26,-8.96,-11.42,2.52,2.48"
"196.47,-8.88,-8.51,2.52,2.49"
"196.68,-9.95,-8.92,2.53,2.50"
"196.89,-10.68,-8.43,2.54,2.49"
"197.10,-8.27,-3.69,2.51,2.48"
"197.31,-9.85,-4.52,2.52,2.49"
"197.52,-11.71,-9.66,2.51,2.49"
"197.72,-12.71,-12.40,2.53,2.48"
"197.93,-6.59,-5.71,2.52,2.49"
"198.14,-6.27,-6.60,2.51,2.49"
"198.35,-8.16,-11.79,2.52,2.49"
"198.56,-10.34,-7.32,2.51,2.48"
"198.77,-9.14,-8.07,2.53,2.49"
"198.97,-12.68,-10.36,2.51,2.50"
"199.18,-7.22,-12.80,2.53,2.49"
"199.39,-5.92,-14.23,2.52,2.49"
"199.60,-11.68,-7.82,2.52,2.49"
"199.81,-8.99,-6.56,2.52,2.49"
"200.02,-8.21,-13.31,2.52,2.48"
"200.22,-6.04,-8.95,2.51,2.50"
"200.43,-6.86,-7.63,2.53,2.49"
"200.64,-14.31,-18.18,2.52,2.49"
"200.85,-9.98,-10.18,2.52,2.49"
"201.06,-13.74,-10.74,2.53,2.50"
"201.27,-9.92,-12.46,2.50,2.49"
"201.47,-14.11,-11.48,2.53,2.51"
"201.68,-11.27,-13.43,2.51,2.48"
"201.89,-11.71,-11.01,2.52,2.51"
"202.10,-9.93,-11.03,2.51,2.49"
"202.31,-7.18,-13.23,2.53,2.49"
"202.52,-10.61,-7.36,2.51,2.49"
"202.72,-4.53,-5.72,2.52,2.49"
"202.93,-7.77,-14.04,2.52,2.49"
"203.14,-7.61,-9.47,2.54,2.50"
"203.35,-8.92,-10.34,2.53,2.50"
"203.56,-7.43,-8.61,2.52,2.49"
"203.77,-8.86,-8.00,2.53,2.50"
"203.97,-7.23,-5.89,2.52,2.47"
"204.18,-16.04,-12.98,2.52,2.50"
"204.39,-12.00,-13.56,2.52,2.49"
"204.60,-7.08,-7.32,2.51,2.50"
"204.81,-9.44,-7.39,2.52,2.48"
"205.02,-12.84,-10.04,2.52,2.50"
"205.22,-6.46,-7.76,2.51,2.51"
"205.43,-7.48,-9.58,2.52,2.49"
"205.64,-6.95,-8.66,2.51,2.48"
"205.85,-7.39,-8.35,2.52,2.48"
"206.06,-9.16,-10.93,2.53,2.49"
"206.27,-15.66,-10.11,2.52,2.49"
"206.48,-13.16,-8.42,2.52,2.51"
"206.68,-8.96,-8.31,2.52,2.49"
"206.89,-9.24,-9.45,2.52,2.50"
"207.10,-9.03,-10.91,2.53,2.49"
"207.31,-11.65,-15.71,2.53,2.51"
"207.52,-8.11,-8.76,2.53,2.49"
"207.73,-11.31,-14.04,2.51,2.49"
"207.93,-12.17,-6.88,2.52,2.49"
"208.14,-10.23,-6.22,2.52,2.49"
"208.35,-9.31,0.29,2.52,2.50"
"208.56,-6.58,-14.18,2.52,2.48"
"208.77,-15.44,-8.45,2.52,2.49"
"208.98,-9.44,-7.71,2.51,2.49"
"209.18,-5.89,-3.24,2.52,2.50"
"209.39,-10.30,-11.68,2.52,2.50"
"209.60,-10.15,-9.83,2.51,2.49"
"209.81,-6.28,-5.50,2.52,2.49"
"210.02,-13.58,-16.86,2.50,2.50"
"210.23,-9.45,-12.02,2.52,2.49"
"210.44,-11.42,-19.27,2.51,2.49"
"210.64,-6.69,-5.99,2.51,2.46"
"210.85,-3.83,-8.37,2.53,2.49"
"211.06,-12.56,-14.14,2.51,2.49"
"211.27,-9.03,-11.25,2.51,2.48"
"211.48,-3.40,-6.90,2.51,2.49"
"211.69,-9.50,-10.37,2.52,2.49"
"211.89,-12.48,-15.26,2.51,2.50"
"212.10,-9.92,-11.67,2.53,2.50"
"212.31,-11.24,-17.13,2.54,2.47"
"212.52,-6.31,-8.66,2.53,2.50"
"212.73,-11.32,-12.54,2.53,2.49"
"212.94,-10.48,-11.98,2.53,2.50"
"213.14,-7.90,-9.14,2.52,2.49"
"213.35,-8.86,-11.08,2.52,2.48"
"213.56,-15.23,-12.72,2.52,2.48"
"213.77,-8.89,-4.69,2.53,2.49"
"213.98,-9.23,-8.15,2.53,2.48"
"214.19,-8.20,-9.38,2.53,2.48"
"214.39,-9.59,-10.80,2.50,2.49"
"214.60,-9.62,-7.07,2.52,2.49"
"214.81,-8.89,-11.38,2.53,2.48"
"215.02,-14.30,-12.40,2.51,2.50"
"215.23,-11.26,-9.82,2.53,2.49"
"215.44,-3.37,-5.12,2.51,2.50"
"215.64,-13.98,-12.30,2.52,2.49"
"215.85,-10.60,-7.10,2.51,2.49"
"216.06,-9.73,-11.41,2.52,2.50"
"216.27,-9.84,-6.92,2.52,2.48"
"216.48,-8.92,-10.72,2.50,2.47"
"216.69,-16.92,-11.94,2.52,2.49"
"216.89,-12.01,-10.35,2.52,2.48"
"217.10,-6.70,-6.11,2.53,2.50"
"217.31,-10.64,-10.80,2.51,2.48"
"217.52,-13.24,-15.05,2.51,2.51"
"217.73,-15.57,-11.22,2.52,2.48"
"217.94,-13.16,-11.34,2.53,2.49"
"218.14,-12.74,-8.85,2.50,2.47"
"218.35,-11.17,-10.34,2.53,2.50"
"218.56,-7.25,-12.11,2.53,2.49"
"218.77,-9.97,-5.67,2.52,2.49"
"218.98,-7.48,-11.01,2.52,2.48"
"219.19,-7.51,-11.34,2.53,2.48"
"219.40,-15.14,-11.99,2.53,2.49"
"219.60,-6.58,-10.92,2.51,2.49"
"219.81,-11.94,-9.21,2.52,2.48"
"220.02,-7.70,-10.45,2.52,2.48"
"220.23,-12.59,-9.01,2.53,2.48"
"220.44,-13.75,-13.16,2.52,2.49"
"220.65,-12.44,-9.16,2.51,2.49"
"220.85,-13.51,-11.25,2.52,2.49"
"221.06,-12.69,-13.22,2.53,2.48"
"221.27,-14.68,-12.93,2.53,2.50"
"221.48,-12.25,-10.38,2.51,2.50"
"221.69,-10.31,-7.26,2.51,2.48"
"221.90,-6.95,-3.65,2.53,2.49"
"222.10,-4.24,-4.89,2.53,2.50"
"222.31,-7.89,-9.06,2.52,2.49"
"222.52,-8.46,-14.63,2.53,2.50"
"222.73,-12.60,-5.03,2.53,2.47"
"222.94,-9.41,-7.53,2.51,2.47"
"223.15,-10.72,-6.77,2.52,2.49"
"223.35,-11.11,-9.73,2.55,2.51"
"223.56,-10.86,-8.71,2.48,2.47"
"223.77,-9.76,-6.55,2.47,2.44"
"223.98,-14.90,-11.39,2.52,2.49"
"224.19,-7.52,-9.01,2.54,2.50"
"224.40,-12.38,-9.65,2.51,2.50"
"224.61,-6.63,-6.86,2.51,2.48"
"224.81,-10.73,-8.39,2.52,2.52"
"225.02,-15.29,-9.52,2.52,2.48"
"225.23,-7.59,-3.98,2.51,2.50"
"225.44,-4.92,-7.15,2.52,2.49"
"225.65,-7.34,-10.34,2.52,2.49"
"225.86,-10.58,-11.63,2.52,2.48"
"226.06,-14.41,-8.49,2.52,2.48"
"226.27,-11.71,-13.52,2.52,2.49"
"226.48,-9.09,-10.77,2.52,2.50"
"226.69,-11.43,-8.56,2.52,2.47"
"226.90,-12.41,-9.20,2.53,2.49"
"227.11,-10.78,-5.86,2.52,2.50"
"227.31,-6.21,-11.98,2.50,2.49"
"227.52,-6.81,-7.30,2.52,2.50"
"227.73,-11.68,-13.93,2.52,2.49"
"227.94,-10.00,-13.37,2.52,2.49"
"228.15,-13.52,-11.95,2.51,2.48"
"228.36,-11.05,-14.91,2.53,2.50"
"228.56,-9.58,-5.40,2.53,2.49"
"228.77,-14.33,-15.17,2.52,2.49"
"228.98,-5.72,-8.64,2.51,2.48"
"229.19,-13.69,-6.49,2.53,2.51"
"229.40,-10.82,-7.95,2.52,2.47"
"229.61,-11.56,-6.31,2.52,2.48"
"229.82,-9.20,-8.29,2.52,2.50"
"230.02,-8.43,-11.49,2.52,2.48"
"230.23,-9.33,-10.48,2.53,2.49"
"230.44,-6.07,-5.15,2.53,2.49"
"230.65,-4.54,-7.86,2.52,2.49"
"230.86,-7.17,-10.87,2.53,2.50"
"231.07,-18.24,-11.88,2.53,2.48"
"231.27,-10.80,-8.81,2.53,2.49"
"231.48,-10.42,-12.95,2.52,2.47"
"231.69,-12.53,-9.65,2.53,2.48"
"231.90,-4.12,-11.48,2.52,2.49"
"232.11,-10.40,-9.71,2.52,2.48"
"232.32,-7.19,-6.58,2.51,2.47"
"232.52,-8.12,-12.21,2.51,2.49"
"232.73,-12.54,-12.84,2.53,2.48"
"232.94,-11.32,-12.40,2.52,2.49"
"233.15,-11.56,-11.20,2.51,2.49"
"233.36,-10.60,-8.72,2.53,2.48"
"233.57,-8.26,-8.13,2.53,2.49"
"233.77,-5.10,-13.85,2.53,2.48"
"233.98,-11.84,-9.01,2.52,2.46"
"234.19,-4.55,-9.38,2.52,2.49"
"234.40,-12.90,-8.40,2.52,2.50"
"234.61,-10.39,-5.75,2.53,2.49"
"234.82,-7.94,-9.38,2.53,2.49"
"235.02,-7.23,-6.95,2.52,2.49"
"235.23,-11.93,-11.32,2.52,2.47"
"235.44,-10.00,-9.87,2.52,2.49"
"235.65,-14.84,-7.79,2.52,2.48"
"235.86,-10.06,-10.65,2.51,2.50"
"236.07,-9.01,-12.86,2.54,2.49"
"236.27,-9.04,-9.27,2.51,2.48"
"236.48,-9.11,-9.84,2.50,2.49"
"236.69,-16.29,-16.31,2.51,2.48"
"236.90,-8.32,-7.47,2.53,2.49"
"237.11,-10.99,-9.62,2.53,2.49"
"237.32,-11.94,-9.67,2.53,2.47"
"237.52,-2.77,-6.16,2.53,2.49"
"237.73,-11.15,-9.20,2.51,2.47"
"237.94,-14.00,-14.96,2.53,2.48"
"238.15,-10.09,-10.64,2.52,2.48"
"238.36,-5.45,-7.36,2.52,2.49"
"238.57,-12.49,-13.93,2.52,2.48"
"238.77,-15.80,-12.86,2.51,2.48"
"238.98,-13.86,-17.01,2.53,2.48"
"239.19,-7.70,-10.60,2.52,2.48"
"239.40,-6.26,-8.17,2.52,2.50"
"239.61,-6.03,-7.71,2.51,2.47"
"239.82,-11.57,-14.05,2.51,2.49"
"240.02,-7.06,-11.32,2.51,2.49"
"240.23,-7.38,-10.32,2.53,2.47"
"240.44,-6.67,-8.86,2.51,2.49"
"240.65,-10.68,-11.86,2.52,2.49"
"240.86,-7.44,-7.36,2.55,2.49"
"241.07,-6.18,-9.54,2.53,2.48"
"241.27,-11.09,-6.61,2.51,2.47"
"241.48,-5.83,-13.20,2.52,2.49"
"241.69,-11.48,-9.22,2.52,2.50"
"241.90,-6.91,-8.05,2.53,2.50"
"242.11,-4.69,-6.79,2.53,2.49"
"242.32,-10.09,-9.74,2.53,2.49"
"242.53,-6.61,-8.54,2.52,2.48"
"242.73,-12.99,-8.57,2.52,2.47"
"242.94,-11.20,-11.33,2.53,2.49"
"243.15,-6.40,-7.74,2.52,2.48"
"243.36,-14.92,-14.66,2.52,2.49"
"243.57,-13.06,-9.74,2.53,2.49"
"243.78,-8.51,-12.71,2.52,2.48"
"243.99,-4.48,-10.58,2.51,2.48"
"244.19,-11.38,-12.53,2.50,2.47"
"244.40,-7.13,-6.82,2.53,2.50"
"244.61,-3.36,-7.93,2.52,2.48"
"244.82,-7.22,-12.40,2.51,2.47"
"245.03,-12.73,-11.68,2.53,2.49"
"245.24,-12.66,-13.74,2.54,2.48"
"245.44,-11.33,-2.83,2.53,2.48"
"245.65,-8.18,-15.03,2.52,2.48"
"245.86,-7.68,-8.62,2.52,2.48"
"246.07,-14.01,-7.19,2.52,2.48"
"246.28,-9.26,-3.54,2.53,2.50"
"246.49,-9.94,-10.20,2.50,2.48"
"246.69,-6.54,-7.91,2.51,2.48"
"246.90,-11.24,-10.03,2.51,2.48"
"247.11,-9.89,-10.67,2.52,2.49"
"247.32,-1.64,0.26,2.53,2.48"
"247.53,-6.03,-13.75,2.52,2.48"
"247.74,-7.84,-5.48,2.53,2.47"
"247.94,-12.33,-9.93,2.51,2.50"
"248.15,-13.85,-9.86,2.52,2.47"
"248.36,-8.85,-6.14,2.52,2.48"
"248.57,-8.33,-4.17,2.51,2.47"
"248.78,-6.44,-8.14,2.50,2.48"
"248.99,-4.55,-7.19,2.52,2.49"
"249.19,-7.49,-3.92,2.54,2.49"
"249.40,-11.79,-13.24,2.50,2.50"
"249.61,-7.02,-11.98,2.51,2.48"
"249.82,-11.92,-10.07,2.52,2.49"
"250.03,-13.35,-10.47,2.51,2.49"
"250.24,-8.48,-7.08,2.52,2.49"
"250.44,-5.96,-3.76,2.51,2.48"
"250.65,-10.36,-11.00,2.53,2.47"
"250.86,-17.25,-11.03,2.53,2.48"
"251.07,-13.19,-6.36,2.53,2.49"
"251.28,-10.22,-9.44,2.52,2.49"
"251.49,-6.05,-8.04,2.52,2.48"
"251.70,-8.71,-5.92,2.51,2.46"
"251.90,-6.15,-8.67,2.53,2.50"
"252.11,-9.42,-16.53,2.53,2.50"
"252.32,-10.64,-10.62,2.52,2.48"
"252.53,-9.80,-11.79,2.51,2.50"
"252.74,-13.18,-7.94,2.52,2.47"
"252.95,-12.70,-8.95,2.53,2.47"
"253.15,-7.90,-7.95,2.53,2.47"
"253.36,-9.06,-7.34,2.53,2.50"
"253.57,-9.05,-8.34,2.53,2.48"
"253.78,-11.38,-14.33,2.52,2.47"
"253.99,-8.78,-11.17,2.53,2.48"
"254.20,-8.34,-7.33,2.53,2.47"
"254.40,-13.06,-12.35,2.52,2.48"
"254.61,-9.26,-7.69,2.52,2.48"
"254.82,-10.03,-11.23,2.53,2.49"
"255.03,-8.65,-11.33,2.53,2.46"
"255.24,-4.75,-7.57,2.52,2.48"
"255.45,-6.06,-8.41,2.51,2.47"
"255.65,-6.32,-1.38,2.51,2.48"
"255.86,-8.56,-9.97,2.53,2.48"
"256.07,-9.47,-7.58,2.53,2.48"
"256.28,-14.20,-10.03,2.52,2.49"
"256.49,-4.26,-8.37,2.53,2.47"
"256.70,-10.81,-10.58,2.53,2.49"
"256.90,-5.88,-3.29,2.53,2.48"
"257.11,-10.40,-9.16,2.52,2.48"
"257.32,-8.90,-10.04,2.51,2.50"
"257.53,-8.76,-11.39,2.52,2.47"
"257.74,-7.38,-8.92,2.52,2.50"
"257.95,-11.12,-11.18,2.52,2.48"
"258.15,-7.87,-9.04,2.53,2.48"
"258.36,-11.45,-9.30,2.52,2.48"
"258.57,-12.03,-12.20,2.51,2.47"
"258.78,-14.48,-16.29,2.52,2.48"
"258.99,-13.74,-10.56,2.53,2.48"
"259.20,-12.81,-11.26,2.51,2.48"
"259.40,-9.96,-9.11,2.51,2.48"
"259.61,-5.77,-5.85,2.53,2.50"
"259.82,-11.98,-9.87,2.52,2.46"
"260.03,-9.64,-11.25,2.51,2.47"
"260.24,-5.17,-4.34,2.53,2.48"
"260.45,-5.15,-6.56,2.52,2.48"
"260.66,-14.96,-11.19,2.51,2.48"
"260.86,-3.10,-7.25,2.55,2.48"
"261.07,-13.18,-10.70,2.53,2.49"
"261.28,-7.71,-8.53,2.52,2.48"
"261.49,-6.68,-14.43,2.50,2.46"
"261.70,-9.84,-8.71,2.52,2.49"
"261.91,-9.13,-7.08,2.52,2.48"
"262.11,-6.46,-5.49,2.52,2.48"
"262.32,-13.15,-12.89,2.52,2.47"
"262.53,-8.63,-10.92,2.51,2.48"
"262.74,-13.14,-8.49,2.54,2.50"
"262.95,-15.08,-11.91,2.52,2.47"
"263.16,-6.06,-6.67,2.51,2.48"
"263.36,-6.35,-8.14,2.54,2.50"
"263.57,-12.27,-14.95,2.51,2.50"
"263.78,-8.91,-13.76,2.52,2.49"
"263.99,-6.51,-8.56,2.53,2.48"
"264.20,-6.81,-9.84,2.53,2.48"
"264.41,-10.07,-9.62,2.52,2.48"
"264.61,-5.61,-13.97,2.52,2.49"
"264.82,-3.95,-2.84,2.52,2.49"
"265.03,-11.43,-10.14,2.51,2.48"
"265.24,-9.28,-9.86,2.53,2.49"
"265.45,-10.07,-9.06,2.51,2.47"
"265.66,-7.73,-7.18,2.51,2.48"
"265.86,-14.22,-11.42,2.52,2.50"
"266.07,-11.62,-7.22,2.52,2.47"
"266.28,-9.47,-8.53,2.55,2.49"
"266.49,-11.47,-4.31,2.53,2.47"
"266.70,-9.13,-5.04,2.52,2.48"
"266.91,-4.11,-9.21,2.53,2.48"
"267.11,-3.51,-9.80,2.53,2.48"
"267.32,-7.35,-7.30,2.52,2.47"
"267.53,-14.03,-10.57,2.53,2.48"
"267.74,-9.54,-9.50,2.52,2.46"
"267.95,-10.83,-13.74,2.53,2.49"
"268.16,-13.03,-9.92,2.53,2.47"
"268.36,-13.69,-11.50,2.53,2.48"
"268.57,-10.45,-2.95,2.53,2.47"
"268.78,-12.02,-10.02,2.52,2.50"
"268.99,-9.70,-9.22,2.53,2.49"
"269.20,-4.81,-8.39,2.53,2.48"
"269.41,-4.49,-12.19,2.53,2.48"
"269.61,-9.58,-9.40,2.51,2.47"
"269.82,-8.88,-12.55,2.52,2.48"
"270.03,-11.60,-10.79,2.52,2.49"
"270.24,-14.01,-9.88,2.52,2.48"
"270.45,-13.91,-14.78,2.51,2.49"
"270.66,-5.85,-8.78,2.53,2.48"
"270.86,-11.33,-8.72,2.53,2.49"
"271.07,-17.71,-14.28,2.54,2.47"
"271.28,-11.99,-10.72,2.53,2.45"
"271.49,-9.10,-8.39,2.53,2.48"
"271.70,-9.82,-11.89,2.53,2.48"
"271.91,-10.03,-1.96,2.52,2.48"
"272.12,-10.68,-7.50,2.51,2.47"
"272.32,-7.81,-10.62,2.54,2.48"
"272.53,-10.11,-8.83,2.53,2.48"
"272.74,-10.33,-11.95,2.51,2.48"
"272.95,-13.18,-9.13,2.53,2.49"
"273.16,-18.67,-10.27,2.51,2.48"
"273.37,-12.95,-13.48,2.53,2.48"
"273.57,-10.45,-7.89,2.53,2.48"
"273.78,-11.76,-9.74,2.52,2.47"
"273.99,-7.89,-9.22,2.52,2.47"
"274.20,-8.24,-9.70,2.52,2.48"
"274.41,-17.85,-17.45,2.53,2.49"
"274.62,-6.44,-9.36,2.52,2.48"
"274.83,-6.75,-7.32,2.53,2.48"
"275.03,-10.04,-14.67,2.52,2.48"
"275.24,-9.32,-6.11,2.51,2.48"
"275.45,-3.57,-1.85,2.53,2.49"
"275.66,-5.10,-5.20,2.52,2.47"
"275.87,-5.40,-4.37,2.53,2.48"
"276.08,-8.95,-7.53,2.52,2.48"
"276.28,-7.20,-9.76,2.52,2.48"
"276.49,-9.78,-11.38,2.54,2.47"
"276.70,-10.28,-12.82,2.51,2.48"
"276.91,-6.28,-9.70,2.51,2.47"
"277.12,-9.93,-7.96,2.52,2.48"
"277.33,-2.61,-9.55,2.52,2.47"
"277.53,-9.66,-12.65,2.54,2.49"
"277.74,-13.22,-7.36,2.52,2.48"
"277.95,-6.80,-6.14,2.53,2.48"
"278.16,-9.41,-5.95,2.53,2.47"
"278.37,-10.62,-11.48,2.51,2.49"
"278.58,-5.91,-9.65,2.52,2.48"
"278.78,-8.40,-9.33,2.52,2.49"
"278.99,-8.48,-3.33,2.51,2.47"
"279.20,-8.75,-7.03,2.54,2.49"
"279.41,-13.30,-9.45,2.52,2.47"
"279.62,-7.82,-10.27,2.51,2.47"
"279.83,-6.05,-6.77,2.52,2.47"
"280.03,-6.56,-3.86,2.53,2.49"
"280.24,-8.28,-6.65,2.50,2.49"
"280.45,-8.70,-6.91,2.53,2.46"
"280.66,-10.40,-13.34,2.51,2.44"
"280.87,-15.44,-12.09,2.50,2.47"
"281.08,-11.66,-9.29,2.51,2.47"
"281.28,-10.92,-8.26,2.53,2.48"
"281.49,-4.04,-9.82,2.51,2.50"
"281.70,-11.92,-7.42,2.52,2.46"
"281.91,-14.33,-15.28,2.52,2.48"
"282.12,-9.01,-8.56,2.53,2.48"
"282.33,-7.06,-9.00,2.51,2.46"
"282.53,-7.21,-14.43,2.52,2.48"
"282.74,-8.22,-10.29,2.52,2.47"
"282.95,-8.23,-9.99,2.52,2.48"
"283.16,-9.88,-9.88,2.51,2.49"
"283.37,-8.81,-7.23,2.54,2.50"
"283.58,-15.96,-13.03,2.54,2.49"
"283.79,-13.32,-5.91,2.52,2.47"
"283.99,-6.70,-9.88,2.52,2.49"
"284.20,-8.55,-11.83,2.54,2.47"
"284.41,-10.99,-6.28,2.53,2.47"
"284.62,-8.81,-13.91,2.52,2.49"
"284.83,-11.43,-10.41,2.52,2.48"
"285.04,-10.88,-11.25,2.52,2.47"
"285.24,-8.65,-9.61,2.53,2.47"
"285.45,-6.13,-9.50,2.50,2.47"
"285.66,-6.93,-7.45,2.54,2.50"
"285.87,-11.02,-9.48,2.52,2.48"
"286.08,-11.74,-8.55,2.53,2.48"
"286.29,-2.69,-8.52,2.54,2.48"
"286.49,-12.07,-9.04,2.53,2.48"
"286.70,-9.43,-8.52,2.52,2.48"
"286.91,-15.15,-11.95,2.52,2.48"
"287.12,-9.31,-8.43,2.52,2.48"
"287.33,-9.16,-8.09,2.51,2.47"
"287.54,-8.75,-11.94,2.52,2.48"
"287.74,-13.06,-11.71,2.54,2.47"
"287.95,-8.27,-9.67,2.52,2.47"
"288.16,-9.58,-8.43,2.52,2.46"
"288.37,-13.81,-7.28,2.52,2.46"
"288.58,-16.33,-9.69,2.52,2.48"
"288.79,-8.25,-14.55,2.51,2.47"
"288.99,-9.24,-12.60,2.54,2.47"
"289.20,-12.57,-7.98,2.53,2.47"
"289.41,-11.34,-7.29,2.55,2.48"
"289.62,-12.61,-17.94,2.51,2.48"
"289.83,-12.13,-11.98,2.51,2.47"
"290.04,-9.01,-11.57,2.52,2.48"
"290.24,-8.63,-7.01,2.53,2.48"
"290.45,-4.78,-10.61,2.52,2.46"
"290.66,-3.34,-5.78,2.52,2.48"
"290.87,-5.91,-7.47,2.53,2.47"
"291.08,-11.23,-8.87,2.52,2.46"
"291.29,-9.07,-2.00,2.52,2.47"
"291.49,-11.97,-9.67,2.53,2.47"
"291.70,-7.01,-9.10,2.52,2.46"
"291.91,-9.19,-7.92,2.51,2.48"
"292.12,-10.70,-7.14,2.53,2.48"
"292.33,-11.23,-7.55,2.52,2.48"
"292.54,-6.46,-8.10,2.52,2.48"
"292.75,-12.01,-9.97,2.52,2.48"
"292.95,-11.08,-9.69,2.53,2.48"
"293.16,-4.51,-2.62,2.53,2.48"
"293.37,-4.62,-11.97,2.54,2.48"
"293.58,-7.18,-2.52,2.52,2.48"
"293.79,-8.21,-11.20,2.52,2.48"
"294.00,-18.54,-8.89,2.53,2.46"
"294.20,-6.83,-8.25,2.55,2.49"
"294.41,-8.76,-8.10,2.52,2.47"
"294.62,-7.37,-9.48,2.52,2.49"
"294.83,-7.96,-6.46,2.52,2.48"
"295.04,-11.43,-10.50,2.53,2.48"
"295.24,-6.96,-11.52,2.55,2.48"
"295.45,-15.56,-13.97,2.51,2.47"
"295.66,-14.27,-8.49,2.51,2.47"
"295.87,-9.93,-11.00,2.53,2.49"
"296.08,-4.80,-11.95,2.52,2.49"
"296.29,-12.00,-6.97,2.53,2.48"
"296.50,-7.28,-7.61,2.52,2.48"
"296.70,-5.71,-13.81,2.53,2.48"
"296.91,-14.60,-5.45,2.54,2.46"
"297.12,-9.15,-10.73,2.54,2.48"
"297.33,-6.31,-11.11,2.55,2.51"
"297.54,-3.93,-8.22,2.52,2.47"
"297.75,-10.99,-8.68,2.53,2.48"
"297.95,-15.10,-10.55,2.53,2.47"
"298.16,-4.82,-4.85,2.52,2.48"
"298.37,-11.68,-8.89,2.53,2.47"
"298.58,-15.48,-10.75,2.51,2.46"
"298.79,-6.99,-6.91,2.52,2.47"
"299.00,-8.22,-7.19,2.52,2.47"
"299.20,-8.03,-9.71,2.53,2.45"
"299.41,-4.47,-2.83,2.53,2.46"
"299.62,-8.30,-11.90,2.51,2.48"
"299.83,-12.22,-16.79,2.53,2.51"
"300.04,-8.72,-9.92,2.48,2.46"
"300.25,-7.55,-9.78,2.52,2.48"
"300.45,-14.52,-9.67,2.57,2.52"
"300.66,-12.39,-10.50,2.50,2.46"
"300.87,-2.03,-6.95,2.53,2.48"
"301.08,-4.66,-7.07,2.51,2.47"
"301.29,-3.08,-6.03,2.54,2.49"
"301.50,-8.43,-7.49,2.52,2.48"
"301.70,-10.17,-8.62,2.53,2.46"
"301.91,-11.77,-8.19,2.52,2.49"
"302.12,-13.97,-8.85,2.51,2.47"
"302.33,-3.19,-10.98,2.51,2.47"
"302.54,-10.45,-14.30,2.50,2.47"
"302.75,-1.83,-6.45,2.52,2.48"
"302.95,-9.64,-6.97,2.53,2.48"
"303.16,-8.66,-6.12,2.53,2.48"
"303.37,-7.61,-7.05,2.54,2.48"
"303.58,-10.12,-12.41,2.54,2.50"
"303.79,-10.21,-9.30,2.53,2.50"
"304.00,-12.89,-13.32,2.52,2.47"
"304.20,-3.26,-6.71,2.53,2.48"
"304.41,-8.32,-11.15,2.55,2.47"
"304.62,-8.70,-8.33,2.53,2.49"
"304.83,-9.74,-10.43,2.53,2.48"
"305.04,-11.35,-10.18,2.51,2.47"
"305.25,-8.63,-8.06,2.53,2.46"
"305.45,-12.62,-7.59,2.52,2.48"
"305.66,-11.31,-10.76,2.52,2.48"
"305.87,-3.82,-5.90,2.53,2.47"
"306.08,-12.74,-14.01,2.51,2.49"
"306.29,-15.97,-9.18,2.53,2.48"
"306.50,-7.52,-7.46,2.52,2.47"
"306.70,-8.56,-10.82,2.52,2.50"
"306.91,-13.46,-13.26,2.52,2.48"
"307.12,-8.81,-5.00,2.52,2.48"
"307.33,-6.17,-10.99,2.54,2.48"
"307.54,-7.23,-10.13,2.52,2.48"
"307.75,-14.29,-9.85,2.52,2.49"
"307.95,-6.53,-8.57,2.52,2.47"
"308.16,-12.46,-10.37,2.53,2.48"
"308.37,-9.85,-13.35,2.51,2.47"
"308.58,-13.32,-17.94,2.53,2.47"
"308.79,-9.34,-12.47,2.51,2.48"
"309.00,-9.55,-6.35,2.55,2.48"
"309.21,-6.77,-6.98,2.51,2.48"
"309.41,-8.86,-6.50,2.53,2.48"
"309.62,-4.97,-6.42,2.53,2.47"
"309.83,-11.42,-8.40,2.52,2.48"
"310.04,-13.89,-12.19,2.52,2.50"
"310.25,-14.61,-15.20,2.52,2.49"
"310.46,-10.81,-12.62,2.52,2.48"
"310.67,-14.46,-9.24,2.52,2.47"
"310.87,-11.78,-10.84,2.53,2.48"
"311.08,-12.43,-6.78,2.53,2.48"
"311.29,-13.41,-10.44,2.52,2.47"
"311.50,-8.16,-7.21,2.53,2.47"
"311.71,-11.67,-9.61,2.51,2.48"
"311.92,-12.53,-7.53,2.52,2.48"
"312.12,-13.88,-9.86,2.54,2.48"
"312.33,-7.93,-5.67,2.52,2.47"
"312.54,-9.04,-9.46,2.52,2.46"
"312.75,-10.48,-9.60,2.53,2.47"
"312.96,-16.61,-9.26,2.53,2.48"
"313.16,-5.04,-7.76,2.53,2.47"
"313.37,-9.19,-4.65,2.52,2.47"
"313.58,-6.11,-3.93,2.52,2.49"
"313.79,-7.17,-4.44,2.52,2.49"
"314.00,-9.65,-6.45,2.52,2.48"
"314.21,-10.79,-9.48,2.51,2.49"
"314.42,-15.72,-11.44,2.51,2.48"
"314.62,-6.67,-3.72,2.53,2.47"
"314.83,-6.83,-8.05,2.52,2.47"
"315.04,-15.02,-14.54,2.51,2.48"
"315.25,-8.25,-10.37,2.53,2.48"
"315.46,-10.34,-11.88,2.51,2.47"
"315.67,-6.93,-10.95,2.53,2.48"
"315.87,-9.58,-6.57,2.53,2.47"
"316.08,-8.01,-9.71,2.53,2.47"
"316.29,-9.19,-10.02,2.52,2.47"
"316.50,-8.32,-5.58,2.51,2.48"
"316.71,-10.67,-12.18,2.53,2.48"
"316.92,-9.27,-6.23,2.53,2.47"
"317.12,-8.85,-8.13,2.51,2.47"
"317.33,-12.82,-6.75,2.52,2.47"
"317.54,-7.99,-9.38,2.51,2.47"
"317.75,-12.68,-12.46,2.53,2.49"
"317.96,-10.18,-12.54,2.55,2.48"
"318.17,-13.93,-14.31,2.52,2.48"
"318.37,-5.81,-6.54,2.52,2.48"
"318.58,-12.00,-6.05,2.52,2.48"
"318.79,-11.60,-10.24,2.52,2.47"
"319.00,-9.97,-10.19,2.52,2.47"
"319.21,-8.48,-9.15,2.54,2.48"
"319.42,-8.60,-8.39,2.53,2.48"
"319.63,-10.92,-8.18,2.52,2.47"
"319.83,-5.36,-10.92,2.54,2.49"
"320.04,-8.22,-12.06,2.53,2.49"
"320.25,-13.91,-10.13,2.53,2.49"
"320.46,-9.00,-11.48,2.51,2.47"
"320.67,-9.66,-13.30,2.52,2.48"
"320.88,-12.57,-10.50,2.52,2.48"
"321.08,-4.72,-8.73,2.51,2.49"
"321.29,-13.42,-10.76,2.53,2.47"
"321.50,-10.32,-13.65,2.51,2.47"
"321.71,-4.73,-6.72,2.51,2.47"
"321.92,-7.83,-8.38,2.53,2.48"
"322.13,-7.03,-6.07,2.53,2.47"
"322.33,1.26,-6.22,2.53,2.48"
"322.54,-5.71,-7.59,2.52,2.48"
"322.75,-5.14,-9.49,2.52,2.49"
"322.96,-10.82,-9.87,2.52,2.47"
"323.17,-9.27,-9.58,2.53,2.47"
"323.38,-8.76,-7.34,2.52,2.48"
"323.58,-12.22,-10.39,2.53,2.49"
"323.79,-11.88,-8.02,2.52,2.47"
"324.00,-12.20,-10.59,2.54,2.49"
"324.21,-11.15,-11.05,2.53,2.49"
"324.42,-7.89,-3.00,2.51,2.47"
"324.63,-8.05,-9.80,2.52,2.48"
"324.83,-10.12,-10.51,2.52,2.47"
"325.04,-7.45,-2.89,2.53,2.48"
"325.25,-9.06,-13.30,2.52,2.49"
"325.46,-6.98,-10.04,2.53,2.48"
"325.67,-6.99,-11.07,2.51,2.47"
"325.88,-8.71,-12.89,2.52,2.47"
"326.08,-11.88,-10.58,2.54,2.49"
"326.29,-11.65,-8.11,2.51,2.47"
"326.50,-8.76,-12.02,2.52,2.48"
"326.71,-9.17,-5.59,2.53,2.48"
"326.92,-12.41,-14.89,2.51,2.49"
"327.13,-6.43,-4.10,2.53,2.48"
"327.33,-3.44,-7.98,2.52,2.48"
"327.54,-3.48,-4.47,2.51,2.47"
"327.75,-8.53,-7.03,2.53,2.48"
"327.96,-8.44,-10.03,2.52,2.47"
"328.17,-8.27,-11.57,2.53,2.48"
"328.38,-13.14,-15.54,2.51,2.48"
"328.58,-10.81,-10.13,2.54,2.48"
"328.79,-4.64,-8.78,2.53,2.47"
"329.00,-9.03,-8.44,2.51,2.47"
"329.21,-7.88,-10.35,2.52,2.50"
"329.42,-7.29,-8.55,2.53,2.49"
"329.63,-4.71,-5.00,2.55,2.50"
"329.83,-6.01,-8.74,2.52,2.47"
"330.04,-14.04,-12.21,2.53,2.49"
"330.25,-7.61,-10.96,2.53,2.49"
"330.46,-11.44,-13.13,2.53,2.48"
"330.67,-19.06,-12.40,2.51,2.47"
"330.88,-0.42,-2.50,2.53,2.48"
"331.08,-7.11,-16.23,2.53,2.49"
"331.29,-8.47,-7.59,2.53,2.47"
"331.50,-8.37,-9.21,2.53,2.48"
"331.71,-13.29,-13.35,2.52,2.48"
"331.92,-11.78,-10.96,2.54,2.50"
"332.13,-8.97,-8.50,2.53,2.48"
"332.34,-12.10,-14.25,2.52,2.48"
"332.54,-6.71,-6.30,2.54,2.47"
"332.75,-14.66,-19.31,2.53,2.46"
"332.96,-14.13,-10.07,2.52,2.47"
"333.17,-10.93,-13.97,2.52,2.48"
"333.38,-11.47,-7.66,2.54,2.49"
"333.59,-10.18,-9.03,2.53,2.48"
"333.79,-14.09,-9.76,2.51,2.47"
"334.00,-8.01,-10.53,2.52,2.48"
"334.21,-6.90,-5.62,2.51,2.48"
"334.42,-8.98,-9.02,2.54,2.49"
"334.63,-5.13,-8.32,2.52,2.48"
"334.84,-15.02,-14.27,2.51,2.48"
"335.04,-12.94,-6.58,2.54,2.49"
"335.25,-7.21,-7.73,2.53,2.49"
"335.46,-11.62,-12.72,2.52,2.48"
"335.67,-13.80,-9.62,2.55,2.49"
"335.88,-7.15,-6.56,2.53,2.47"
"336.09,-5.20,-11.82,2.53,2.50"
"336.29,-10.16,-15.75,2.53,2.49"
"336.50,-17.86,-17.80,2.53,2.49"
"336.71,-18.41,-9.65,2.52,2.50"
"336.92,-13.90,-9.67,2.52,2.46"
"337.13,-9.89,-10.09,2.53,2.47"
"337.34,-11.02,-9.07,2.52,2.48"
"337.55,-7.79,-7.42,2.52,2.48"
"337.75,-11.44,-5.93,2.50,2.48"
"337.96,-11.73,-13.69,2.51,2.48"
"338.17,-5.30,-3.52,2.52,2.49"
"338.38,-14.77,-8.44,2.52,2.47"
"338.59,-5.84,-6.66,2.51,2.47"
"338.80,-10.00,-7.28,2.52,2.49"
"339.00,-6.55,-5.20,2.51,2.48"
"339.21,-10.58,-11.00,2.53,2.48"
"339.42,-12.75,-7.40,2.52,2.49"
"339.63,-9.92,-5.36,2.53,2.47"
"339.84,-11.95,-7.24,2.54,2.49"
"340.05,-9.76,-5.68,2.54,2.49"
"340.25,-3.78,-3.21,2.52,2.47"
"340.46,-7.79,-6.39,2.52,2.49"
"340.67,-9.32,-13.40,2.53,2.49"
"340.88,-6.99,-15.06,2.53,2.47"
"341.09,-13.87,-12.44,2.52,2.48"
"341.30,-12.93,-9.79,2.52,2.50"
"341.50,-12.62,-9.83,2.52,2.48"
"341.71,-11.49,-12.31,2.53,2.49"
"341.92,-11.91,-13.96,2.52,2.49"
"342.13,-5.00,-8.76,2.52,2.47"
"342.34,-8.82,-11.09,2.52,2.48"
"342.55,-10.64,-4.69,2.53,2.46"
"342.75,-10.35,-8.54,2.53,2.48"
"342.96,-10.94,-7.70,2.52,2.47"
"343.17,-6.50,-9.32,2.52,2.48"
"343.38,-15.06,-9.69,2.52,2.49"
"343.59,-9.29,-9.32,2.55,2.48"
"343.80,-4.06,-5.20,2.52,2.48"
"344.00,-7.07,-6.09,2.53,2.48"
"344.21,-10.08,-8.17,2.53,2.48"
"344.42,-13.32,-13.72,2.52,2.45"
"344.63,-9.17,-9.06,2.52,2.48"
"344.84,-10.24,-11.44,2.53,2.47"
"345.05,-11.24,-7.30,2.51,2.47"
"345.25,-11.32,-12.24,2.53,2.48"
"345.46,-10.07,-9.44,2.54,2.47"
"345.67,-10.39,-9.22,2.52,2.48"
"345.88,-16.98,-12.83,2.53,2.48"
"346.09,-7.80,-10.14,2.52,2.50"
"346.30,-8.72,-8.67,2.53,2.47"
"346.51,-11.43,-10.84,2.52,2.48"
"346.71,-16.52,-15.05,2.53,2.47"
"346.92,-5.54,-7.21,2.54,2.48"
"347.13,-6.57,-7.23,2.51,2.48"
"347.34,-14.44,-15.53,2.51,2.48"
"347.55,-8.23,-4.41,2.54,2.48"
"347.76,-12.48,-8.85,2.53,2.47"
"347.96,-8.25,-4.21,2.53,2.47"
"348.17,-5.21,-7.15,2.52,2.49"
"348.38,-14.81,-11.77,2.54,2.49"
"348.59,-12.56,-13.11,2.53,2.47"
"348.80,-12.93,-7.73,2.54,2.48"
"349.01,-4.42,-9.31,2.54,2.49"
"349.21,-7.30,-13.12,2.52,2.49"
"349.42,-9.70,-12.59,2.54,2.48"
"349.63,-11.74,-5.80,2.52,2.48"
"349.84,-11.96,-8.53,2.53,2.48"
"350.05,-4.73,-6.09,2.53,2.48"
"350.26,-13.40,-10.13,2.53,2.49"
"350.47,-6.23,-10.52,2.50,2.48"
"350.67,-6.56,-8.20,2.53,2.48"
"350.88,-6.13,-7.42,2.53,2.49"
"351.09,-9.07,-15.41,2.52,2.48"
"351.30,-10.47,-13.70,2.54,2.48"
"351.51,-12.38,-8.74,2.52,2.48"
"351.72,-14.98,-15.42,2.53,2.45"
"351.92,-7.85,-9.61,2.54,2.49"
"352.13,-13.68,-12.95,2.52,2.47"
"352.34,-12.26,-12.07,2.52,2.47"
"352.55,-15.11,-12.74,2.53,2.49"
"352.76,-17.29,-10.51,2.53,2.49"
"352.97,-15.00,-14.91,2.53,2.48"
"353.17,-8.81,-8.47,2.52,2.49"
"353.38,-5.52,-9.43,2.53,2.48"
"353.59,-16.79,-12.67,2.53,2.49"
"353.80,-7.69,-7.60,2.52,2.48"
"354.01,-12.97,-14.35,2.53,2.47"
"354.22,-6.63,-10.50,2.54,2.49"
"354.42,-9.84,-5.82,2.53,2.47"
"354.63,-7.38,-9.54,2.53,2.47"
"354.84,-5.93,-13.87,2.53,2.49"
"355.05,-8.73,-12.12,2.52,2.48"
"355.26,-9.54,-8.60,2.54,2.48"
"355.47,-4.90,-3.87,2.51,2.47"
"355.67,-4.95,-9.80,2.50,2.48"
"355.88,-8.44,-10.46,2.52,2.48"
"356.09,-5.12,-6.17,2.52,2.48"
"356.30,-12.23,-13.19,2.52,2.49"
"356.51,-12.23,-13.24,2.52,2.47"
"356.72,-12.24,-5.36,2.53,2.48"
"356.92,-7.35,-7.58,2.52,2.49"
"357.13,-8.62,-14.01,2.53,2.47"
"357.34,-8.88,-10.47,2.53,2.47"
"357.55,-9.27,-10.41,2.52,2.48"
"357.76,-11.77,-13.31,2.53,2.47"
"357.97,-10.14,-13.20,2.52,2.50"
"358.17,-8.09,-6.29,2.52,2.48"
"358.38,-8.80,-11.96,2.53,2.48"
"358.59,-8.20,-12.15,2.50,2.49"
"358.80,-10.16,-8.22,2.53,2.50"
"359.01,-15.51,-6.49,2.52,2.48"
"359.22,-3.05,-7.64,2.55,2.49"
"359.42,-10.98,-12.80,2.52,2.48"
"359.63,-14.51,-7.85,2.52,2.48"
"359.84,-9.94,-10.69,2.53,2.48"
"360.05,-12.67,-7.69,2.52,2.48"
"360.26,-12.17,-13.75,2.52,2.48"
"360.47,-12.31,-13.96,2.52,2.48"
"360.67,-8.57,-12.74,2.53,2.47"
"360.88,-8.92,-9.54,2.52,2.48"
"361.09,-15.11,-9.24,2.52,2.47"
"361.30,-5.23,-10.57,2.54,2.48"
"361.51,-6.40,-5.83,2.52,2.48"
"361.72,-12.09,-14.25,2.53,2.49"
"361.92,-8.04,-9.80,2.53,2.48"
"362.13,-9.02,-5.56,2.51,2.49"
"362.34,-13.68,-7.70,2.54,2.48"
"362.55,-12.79,-10.61,2.53,2.47"
"362.76,-11.39,-11.54,2.52,2.47"
"362.97,-9.58,-9.37,2.52,2.48"
"363.17,-10.12,-10.76,2.52,2.48"
"363.38,-12.92,-14.27,2.51,2.49"
"363.59,-12.27,-8.50,2.53,2.47"
"363.80,-14.54,-15.78,2.55,2.49"
"364.01,-13.15,-8.38,2.53,2.48"
"364.22,-10.16,-4.92,2.52,2.47"
"364.43,-9.73,-9.06,2.51,2.47"
"364.64,-13.67,-16.25,2.52,2.48"
"364.84,-4.67,-11.75,2.53,2.46"
"365.05,-4.85,-8.08,2.54,2.49"
"365.26,-11.37,-10.99,2.50,2.46"
"365.47,-3.25,-4.12,2.53,2.48"
"365.68,-8.96,-11.05,2.54,2.47"
"365.89,-11.78,-12.24,2.50,2.49"
"366.09,-12.03,-8.33,2.53,2.48"
"366.30,-10.26,-8.78,2.54,2.50"
"366.51,-9.13,-15.10,2.52,2.48"
"366.72,-6.40,-5.24,2.52,2.46"
"366.93,-7.92,-5.92,2.53,2.49"
"367.14,-7.05,-6.59,2.53,2.47"
"367.34,-5.57,-8.49,2.54,2.50"
"367.55,-11.66,-15.55,2.52,2.49"
"367.76,-14.82,-10.74,2.55,2.48"
"367.97,-11.39,-18.48,2.53,2.48"
"368.18,-8.43,-3.96,2.52,2.47"
"368.39,-2.24,-5.16,2.53,2.49"
"368.59,-17.37,-10.79,2.52,2.48"
"368.80,-6.79,-5.00,2.53,2.48"
"369.01,-8.32,-6.15,2.53,2.48"
"369.22,-11.37,-10.84,2.52,2.49"
"369.43,-11.48,-10.11,2.52,2.47"
"369.64,-8.88,-6.74,2.55,2.49"
"369.84,-6.37,-4.31,2.52,2.48"
"370.05,-2.24,-6.26,2.53,2.48"
"370.26,-16.61,-16.50,2.54,2.49"
"370.47,-9.30,-15.26,2.51,2.48"
"370.68,-15.67,-17.54,2.52,2.48"
"370.89,-9.02,-12.50,2.53,2.48"
"371.09,-6.18,-12.73,2.53,2.49"
"371.30,-13.36,-10.85,2.53,2.49"
"371.51,-8.10,-9.52,2.52,2.48"
"371.72,-8.63,-7.05,2.53,2.48"
"371.93,-8.60,-16.97,2.52,2.49"
"372.14,-11.29,-11.91,2.51,2.48"
"372.34,-10.03,-12.99,2.54,2.48"
"372.55,-11.67,-3.49,2.53,2.47"
"372.76,-8.86,-10.48,2.52,2.49"
"372.97,-13.69,-12.96,2.52,2.49"
"373.18,-3.68,-8.85,2.52,2.47"
"373.39,-2.41,-1.89,2.53,2.48"
"373.60,-6.73,-4.31,2.52,2.47"
"373.80,-7.13,-9.69,2.52,2.47"
"374.01,-12.63,-16.23,2.51,2.46"
"374.22,-13.60,-12.82,2.52,2.49"
"374.43,-10.57,-15.64,2.53,2.47"
"374.64,-11.07,-14.88,2.52,2.49"
"374.85,-10.41,-14.41,2.52,2.48"
"375.05,-12.97,-7.56,2.53,2.51"
"375.26,-7.25,-4.61,2.51,2.49"
"375.47,-7.65,-1.72,2.52,2.48"
"375.68,-10.16,-11.99,2.53,2.48"
"375.89,-9.49,-15.41,2.54,2.49"
"376.10,-4.01,-6.44,2.52,2.48"
"376.30,-14.76,-16.40,2.52,2.50"
"376.51,-11.83,-10.66,2.52,2.47"
"376.72,-12.11,-9.25,2.53,2.49"
"376.93,-8.22,-9.43,2.53,2.48"
"377.14,-10.13,-1.75,2.54,2.49"
"377.35,-10.56,-12.18,2.52,2.48"
"377.55,-14.86,-13.99,2.51,2.49"
"377.76,-9.89,-11.22,2.52,2.47"
"377.97,-9.10,-10.68,2.53,2.49"
"378.18,-6.65,-11.48,2.53,2.48"
"378.39,-9.52,-7.33,2.53,2.48"
"378.60,-17.77,-12.02,2.52,2.47"
"378.80,-8.55,-10.42,2.52,2.47"
"379.01,-4.88,-4.98,2.52,2.46"
"379.22,-10.34,-9.39,2.51,2.49"
"379.43,-11.67,-8.26,2.50,2.49"
"379.64,-12.48,-12.58,2.53,2.49"
"379.85,-10.66,-11.69,2.52,2.50"
"380.05,-8.04,-9.93,2.51,2.47"
"380.26,-4.30,-6.33,2.52,2.50"
"380.47,-10.15,-6.24,2.52,2.47"
"380.68,-6.35,-7.74,2.53,2.49"
"380.89,-9.20,-12.19,2.52,2.49"
"381.10,-9.93,-10.09,2.51,2.48"
"381.30,-12.25,-12.94,2.53,2.46"
"381.51,-15.17,-4.97,2.52,2.48"
"381.72,-14.50,-9.08,2.51,2.47"
"381.93,-6.57,-6.04,2.52,2.47"
"382.14,-18.63,-15.91,2.52,2.48"
"382.35,-16.70,-14.46,2.52,2.47"
"382.56,-10.74,-12.78,2.53,2.48"
"382.77,-8.35,-8.74,2.52,2.49"
"382.97,-6.27,-14.42,2.51,2.49"
"383.18,-11.27,-9.00,2.53,2.47"
"383.39,-7.83,-7.66,2.53,2.48"
"383.60,-9.45,-6.17,2.51,2.47"
"383.81,-13.70,-10.06,2.51,2.47"
"384.02,-6.17,-7.25,2.53,2.48"
"384.22,-9.43,-10.31,2.52,2.49"
"384.43,-8.59,-10.34,2.53,2.48"
"384.64,-11.98,-12.96,2.51,2.47"
"384.85,-9.88,-9.96,2.52,2.48"
"385.06,-10.94,-10.73,2.51,2.47"
"385.27,-10.74,-8.53,2.52,2.48"
"385.47,-13.48,-6.65,2.53,2.50"
"385.68,-3.45,-8.09,2.52,2.48"
"385.89,-12.99,-7.69,2.52,2.49"
"386.10,-11.97,-12.88,2.53,2.50"
"386.31,-15.48,-10.78,2.52,2.48"
"386.52,-12.50,-10.50,2.51,2.49"
"386.72,-8.26,-14.61,2.52,2.49"
"386.93,-9.85,-10.07,2.53,2.48"
"387.14,-8.63,-11.04,2.51,2.47"
"387.35,-9.61,-10.12,2.53,2.48"
"387.56,-10.16,-8.41,2.52,2.49"
"387.77,-9.15,-16.68,2.51,2.50"
"387.97,-8.94,-8.04,2.51,2.47"
"388.18,-8.26,-12.21,2.51,2.47"
"388.39,-11.55,-12.45,2.52,2.47"
"388.60,-4.67,-8.37,2.54,2.47"
"388.81,-11.53,-10.78,2.50,2.49"
"389.02,-16.29,-17.77,2.53,2.48"
"389.22,-5.06,-2.94,2.54,2.49"
"389.43,-6.66,-9.34,2.52,2.48"
"389.64,-12.34,-16.98,2.53,2.48"
"389.85,-17.86,-15.26,2.53,2.48"
"390.06,-12.80,-10.98,2.52,2.49"
"390.27,-11.41,-12.56,2.52,2.49"
"390.47,-7.68,-10.86,2.51,2.48"
"390.68,-11.31,-6.88,2.53,2.49"
"390.89,-4.04,-7.59,2.51,2.49"
"391.10,-11.10,-7.85,2.52,2.47"
"391.31,-9.59,-13.75,2.51,2.47"
"391.52,-11.74,-10.88,2.52,2.48"
"391.73,-7.47,-8.87,2.52,2.48"
"391.93,-14.85,-8.54,2.53,2.47"
"392.14,-9.26,-13.19,2.51,2.47"
"392.35,-4.30,-11.23,2.52,2.48"
"392.56,-5.73,-7.46,2.51,2.49"
"392.77,-5.33,-8.92,2.53,2.47"
"392.98,-11.15,-10.45,2.53,2.50"
"393.18,-12.28,-13.75,2.52,2.49"
"393.39,-7.64,-13.25,2.52,2.49"
"393.60,-7.52,-11.84,2.53,2.48"
"393.81,-7.83,-5.89,2.52,2.48"
"394.02,-7.02,-10.74,2.53,2.48"
"394.23,-5.93,-4.32,2.52,2.49"
"394.43,-6.79,-4.28,2.52,2.47"
"394.64,-2.55,-5.42,2.53,2.50"
"394.85,-10.34,-8.68,2.53,2.49"
"395.06,-11.36,-9.85,2.52,2.47"
"395.27,-8.25,-10.44,2.51,2.48"
"395.48,-9.37,-4.59,2.52,2.47"
"395.68,-5.70,-11.60,2.52,2.49"
"395.89,-8.39,-9.60,2.52,2.48"
"396.10,-11.81,-8.32,2.52,2.49"
"396.31,-9.36,-8.88,2.53,2.47"
"396.52,-10.31,-12.28,2.52,2.48"
"396.73,-9.58,-7.18,2.52,2.48"
"396.94,-13.94,-7.43,2.52,2.49"
"397.14,-12.18,-16.98,2.52,2.49"
"397.35,-8.61,-3.59,2.53,2.49"
"397.56,-9.46,-6.75,2.52,2.49"
"397.77,-13.20,-15.52,2.52,2.48"
"397.98,-4.51,-1.18,2.51,2.49"
"398.19,-7.51,-6.90,2.52,2.48"
"398.39,-7.49,-5.37,2.51,2.50"
"398.60,-7.02,-9.62,2.53,2.47"
"398.81,-15.76,-7.64,2.51,2.48"
"399.02,-6.77,-9.15,2.52,2.48"
"399.23,-11.27,-10.99,2.52,2.49"
"399.44,-9.29,-7.42,2.52,2.47"
"399.64,-11.03,-12.90,2.53,2.48"
"399.85,-10.65,-9.91,2.55,2.49"
"400.06,-9.43,-8.59,2.54,2.48"
"400.27,-3.97,-11.74,2.52,2.49"
"400.48,-11.71,-14.44,2.52,2.49"
"400.69,-6.48,-8.80,2.51,2.47"
"400.89,-18.09,-14.37,2.51,2.49"
"401.10,-5.55,-7.34,2.55,2.49"
"401.31,-7.47,-10.90,2.51,2.46"
"401.52,-9.30,-13.60,2.53,2.49"
"401.73,-9.22,-8.41,2.53,2.49"
"401.94,-13.99,-6.98,2.52,2.48"
"402.14,-6.07,-9.37,2.51,2.48"
"402.35,-9.82,-13.30,2.52,2.48"
"402.56,-6.47,-6.11,2.52,2.48"
"402.77,-9.70,-17.00,2.51,2.49"
"402.98,-4.58,-3.06,2.53,2.48"
"403.19,-10.76,-5.16,2.53,2.48"
"403.39,-13.15,-13.17,2.54,2.49"
"403.60,-12.34,-9.25,2.52,2.47"
"403.81,-6.32,-14.15,2.51,2.48"
"404.02,-9.47,-12.37,2.52,2.48"
"404.23,-8.65,-12.84,2.52,2.49"
"404.44,-10.55,-10.40,2.51,2.49"
"404.64,-8.67,-9.80,2.51,2.49"
"404.85,-9.11,-9.21,2.53,2.48"
"405.06,-11.01,-5.26,2.53,2.48"
"405.27,-12.91,-10.61,2.51,2.49"
"405.48,-15.65,-8.40,2.52,2.48"
"405.69,-14.19,-14.39,2.53,2.49"
"405.89,-9.53,-11.20,2.51,2.48"
"406.10,-10.44,-12.73,2.53,2.49"
"406.31,-5.75,-9.28,2.53,2.48"
"406.52,-8.40,-10.22,2.52,2.48"
"406.73,-13.13,-10.75,2.51,2.47"
"406.94,-9.36,-8.53,2.52,2.48"
"407.14,-13.96,-16.37,2.54,2.51"
"407.35,-10.71,-16.84,2.53,2.49"
"407.56,-7.10,-10.54,2.51,2.46"
"407.77,-14.40,-12.56,2.51,2.48"
"407.98,-8.07,-9.84,2.54,2.49"
"408.19,-9.33,-5.01,2.51,2.47"
"408.39,-1.72,-5.39,2.54,2.48"
"408.60,-14.52,-11.67,2.51,2.50"
"408.81,-10.73,-6.65,2.52,2.50"
"409.02,-6.61,-8.79,2.51,2.49"
"409.23,-6.97,-11.64,2.51,2.48"
"409.44,-10.44,-7.28,2.52,2.49"
"409.65,-9.63,-10.42,2.52,2.49"
"409.85,-10.55,-9.89,2.50,2.47"
"410.06,-10.58,-10.74,2.52,2.48"
"410.27,-7.97,-6.35,2.53,2.48"
"410.48,-8.81,-10.68,2.51,2.48"
"410.69,-9.65,-9.16,2.52,2.47"
"410.90,-5.75,-4.43,2.52,2.49"
"411.11,-7.07,-12.73,2.52,2.49"
"411.31,-10.22,-6.80,2.54,2.49"
"411.52,-9.81,-4.65,2.50,2.50"
"411.73,-4.78,-7.67,2.52,2.48"
"411.94,-12.20,-9.54,2.53,2.48"
"412.15,-7.23,-5.06,2.52,2.48"
"412.36,-13.82,-17.04,2.52,2.47"
"412.56,-6.55,-11.83,2.53,2.49"
"412.77,-5.38,-2.60,2.51,2.47"
"412.98,-10.44,-6.79,2.52,2.48"
"413.19,-11.61,-9.71,2.52,2.49"
"413.40,-5.94,-9.41,2.52,2.48"
"413.61,-8.22,-11.13,2.52,2.48"
"413.81,-11.63,-8.77,2.51,2.47"
"414.02,-10.64,-7.11,2.52,2.48"
"414.23,-17.12,-8.48,2.51,2.48"
"414.44,-6.83,-12.51,2.53,2.49"
"414.65,-9.81,-10.49,2.52,2.49"
"414.86,-9.36,-7.17,2.50,2.47"
"415.06,-9.73,-11.58,2.53,2.47"
"415.27,-8.89,-11.88,2.51,2.49"
"415.48,-9.36,-9.87,2.52,2.50"
"415.69,-14.84,-10.86,2.52,2.49"
"415.90,-11.78,-8.23,2.51,2.49"
"416.11,-12.42,-6.26,2.52,2.47"
"416.31,-9.96,-9.44,2.52,2.47"
"416.52,-7.53,-9.58,2.51,2.48"
"416.73,-9.77,-12.20,2.51,2.48"
"416.94,-12.79,-10.50,2.52,2.49"
"417.15,-7.91,-10.47,2.52,2.48"
"417.36,-10.55,-13.33,2.52,2.48"
"417.56,-13.35,-6.37,2.52,2.47"
"417.77,-2.68,-10.23,2.51,2.48"
"417.98,-9.21,-10.08,2.52,2.47"
"418.19,-7.54,-12.88,2.52,2.49"
"418.40,-15.99,-11.72,2.51,2.47"
"418.61,-13.20,-8.88,2.52,2.49"
"418.81,-9.54,-5.16,2.52,2.48"
"419.02,-12.69,-8.90,2.51,2.48"
"419.23,-5.64,-6.22,2.54,2.48"
"419.44,-9.27,-10.45,2.51,2.49"
"419.65,-9.45,-14.84,2.52,2.49"
"419.86,-4.44,-12.92,2.52,2.49"
"420.07,-8.60,-10.16,2.52,2.49"
"420.27,-10.83,-7.84,2.51,2.46"
"420.48,-11.98,-10.74,2.51,2.49"
"420.69,-8.09,-7.23,2.52,2.49"
"420.90,-5.31,-15.54,2.51,2.49"
"421.11,-6.66,-5.91,2.53,2.49"
"421.32,-16.27,-11.22,2.52,2.48"
"421.52,-10.64,-14.24,2.51,2.48"
"421.73,-11.02,-15.05,2.52,2.50"
"421.94,-4.88,-7.43,2.52,2.49"
"422.15,-10.14,-9.79,2.52,2.49"
"422.36,-9.76,-10.37,2.52,2.47"
"422.57,-8.61,-9.19,2.51,2.49"
"422.77,-11.78,-9.28,2.55,2.49"
"422.98,-9.55,-8.55,2.52,2.46"
"423.19,-11.94,-11.87,2.49,2.48"
"423.40,-8.75,-8.64,2.53,2.48"
"423.61,-9.18,-2.73,2.52,2.50"
"423.82,-8.80,-12.86,2.51,2.49"
"424.02,-8.54,-7.93,2.51,2.49"
"424.23,-8.19,-4.39,2.51,2.48"
"424.44,-9.66,-6.73,2.53,2.50"
"424.65,-9.44,-18.18,2.52,2.49"
"424.86,-9.67,-9.04,2.52,2.48"
"425.07,-8.88,-6.65,2.51,2.47"
"425.27,-7.15,-9.13,2.53,2.48"
"425.48,-7.39,-14.04,2.53,2.49"
"425.69,-9.36,-4.41,2.52,2.47"
"425.90,-10.77,-18.01,2.52,2.50"
"426.11,-9.71,-7.59,2.53,2.49"
"426.32,-6.01,-10.22,2.51,2.50"
"426.52,-10.50,-7.40,2.52,2.48"
"426.73,-8.10,-11.79,2.52,2.48"
"426.94,-12.49,-11.44,2.52,2.47"
"427.15,-13.20,-9.93,2.52,2.47"
"427.36,-12.51,-10.71,2.52,2.48"
"427.57,-3.77,-3.62,2.53,2.48"
"427.78,-7.84,-6.86,2.52,2.48"
"427.98,-8.75,-7.94,2.52,2.48"
"428.19,-4.56,-9.45,2.51,2.47"
"428.40,-11.12,-7.59,2.51,2.48"
"428.61,-5.44,-11.89,2.52,2.48"
"428.82,-13.08,-11.19,2.51,2.48"
"429.03,-11.35,-13.74,2.51,2.50"
"429.23,-8.72,-9.19,2.51,2.48"
"429.44,-9.84,-9.09,2.51,2.48"
"429.65,-13.54,-9.73,2.53,2.49"
"429.86,-4.00,-10.53,2.52,2.50"
"430.07,-7.43,-12.26,2.51,2.48"
"430.28,-7.58,-9.24,2.50,2.49"
"430.48,-8.73,-6.15,2.52,2.49"
"430.69,-8.41,-8.68,2.51,2.47"
"430.90,-14.05,-10.90,2.52,2.49"
"431.11,-10.62,-13.06,2.52,2.48"
"431.32,-7.37,-12.76,2.50,2.47"
"431.53,-8.66,-7.18,2.51,2.48"
"431.73,-11.91,-10.51,2.53,2.48"
"431.94,-9.72,-8.34,2.52,2.48"
"432.15,-5.02,-12.70,2.52,2.48"
"432.36,-7.02,-10.95,2.51,2.47"
"432.57,-7.85,-13.28,2.54,2.48"
"432.78,-9.66,-1.27,2.50,2.49"
"432.98,-7.50,-6.05,2.52,2.48"
"433.19,-8.90,-5.97,2.51,2.49"
"433.40,-8.49,-11.19,2.52,2.48"
"433.61,-12.79,-11.24,2.52,2.48"
"433.82,-7.47,-9.79,2.51,2.48"
"434.03,-7.83,-7.34,2.51,2.47"
"434.23,-10.07,-7.93,2.56,2.50"
"434.44,-14.45,-13.14,2.51,2.49"
"434.65,-5.87,-4.36,2.51,2.48"
"434.86,-12.36,-8.79,2.52,2.49"
"435.07,-9.52,-14.93,2.51,2.48"
"435.28,-8.29,-5.20,2.52,2.48"
"435.48,-7.28,-5.11,2.52,2.50"
"435.69,-8.47,-10.33,2.52,2.48"
"435.90,-9.22,-10.92,2.52,2.49"
"436.11,-8.12,-3.02,2.53,2.47"
"436.32,-7.08,-3.26,2.52,2.48"
"436.53,-12.74,-4.05,2.52,2.48"
"436.74,-14.42,-13.80,2.51,2.50"
"436.94,-11.90,-14.81,2.51,2.49"
"437.15,-11.12,-10.92,2.51,2.49"
"437.36,-7.75,-12.22,2.51,2.48"
"437.57,-5.48,-4.42,2.51,2.49"
"437.78,-11.33,-8.12,2.51,2.47"
"437.99,-6.14,-5.24,2.53,2.48"
"438.19,-8.13,-8.47,2.51,2.49"
"438.40,-7.65,-6.11,2.52,2.47"
"438.61,-10.97,-12.82,2.52,2.48"
"438.82,-11.25,-8.92,2.52,2.48"
"439.03,-10.14,-8.57,2.53,2.50"
"439.24,-12.87,-15.31,2.52,2.50"
"439.45,-8.23,-9.88,2.52,2.48"
"439.65,-8.50,-14.01,2.51,2.49"
"439.86,-11.35,-13.64,2.52,2.51"
"440.07,-16.73,-13.67,2.52,2.48"
"440.28,-11.93,-9.30,2.53,2.48"
"440.49,-6.28,-10.91,2.52,2.48"
"440.70,-7.41,-9.50,2.51,2.47"
"440.90,-15.09,-11.33,2.52,2.48"
"441.11,-4.89,-1.88,2.52,2.48"
"441.32,-10.72,-12.70,2.51,2.48"
"441.53,-10.80,-11.48,2.52,2.49"
"441.74,-11.45,-7.95,2.53,2.47"
"441.95,-9.38,-10.43,2.50,2.48"
"442.15,-2.67,-8.02,2.51,2.48"
"442.36,-10.70,-16.85,2.52,2.48"
"442.57,-7.24,-6.45,2.51,2.49"
"442.78,-14.99,-15.08,2.52,2.47"
"442.99,-8.04,-11.36,2.52,2.49"
"443.20,-5.07,-12.57,2.50,2.48"
"443.40,-12.92,-8.29,2.51,2.49"
"443.61,-9.34,-11.92,2.52,2.47"
"443.82,-5.80,-8.78,2.54,2.51"
"444.03,-13.49,-12.39,2.52,2.48"
"444.24,-8.86,-8.52,2.52,2.48"
"444.45,-9.54,-7.86,2.53,2.49"
"444.65,-11.05,-10.14,2.52,2.48"
"444.86,-7.34,-4.81,2.52,2.49"
"445.07,-9.09,-6.77,2.52,2.48"
"445.28,-16.21,-6.30,2.52,2.48"
"445.49,-9.17,-5.19,2.52,2.48"
"445.70,-14.76,-9.29,2.52,2.47"
"445.90,-6.24,-10.46,2.51,2.47"
"446.11,-9.79,-12.40,2.51,2.49"
"446.32,-7.86,-8.00,2.52,2.49"
"446.53,-7.05,-6.05,2.52,2.45"
"446.74,-9.18,-8.53,2.51,2.51"
"446.95,-11.16,-13.72,2.51,2.48"
"447.16,-9.59,-10.78,2.52,2.48"
"447.36,-13.63,-5.43,2.51,2.47"
"447.57,-7.21,-10.08,2.52,2.49"
"447.78,-8.39,-10.17,2.52,2.48"
"447.99,-8.10,-9.68,2.51,2.49"
"448.20,-8.47,-11.34,2.53,2.48"
"448.41,-6.48,-9.03,2.52,2.49"
"448.61,-9.69,-6.15,2.51,2.48"
"448.82,-15.67,-4.14,2.51,2.48"
"449.03,-2.28,-8.46,2.52,2.49"
"449.24,-14.95,-15.88,2.51,2.48"
"449.45,-10.56,-6.72,2.51,2.49"
"449.66,-6.05,-11.94,2.52,2.49"
"449.86,-13.46,-12.68,2.53,2.48"
"450.07,-16.14,-13.91,2.52,2.49"
"450.28,-11.98,-5.87,2.51,2.49"
"450.49,-8.31,-12.02,2.50,2.48"
"450.70,-11.73,-13.04,2.53,2.49"
"450.91,-14.94,-10.51,2.52,2.47"
"451.11,-9.71,-16.28,2.51,2.50"
"451.32,-15.41,-16.22,2.50,2.50"
"451.53,-5.44,-8.81,2.50,2.49"
"451.74,-8.17,-9.30,2.52,2.48"
"451.95,-9.34,-8.01,2.51,2.50"
"452.16,-12.95,-9.54,2.52,2.48"
"452.36,-15.57,-12.39,2.53,2.49"
"452.57,-6.63,-10.04,2.53,2.50"
"452.78,-10.67,-12.50,2.52,2.48"
"452.99,-10.52,-7.59,2.50,2.47"
"453.20,-11.00,-12.21,2.50,2.50"
"453.41,-8.20,-7.30,2.52,2.48"
"453.61,-13.15,-10.30,2.52,2.48"
"453.82,-9.01,-8.11,2.53,2.47"
"454.03,-8.00,-6.82,2.52,2.48"
"454.24,-6.11,-12.11,2.52,2.48"
"454.45,-12.08,-12.60,2.52,2.49"
"454.66,-10.88,-12.70,2.52,2.48"
"454.86,-10.89,-15.24,2.52,2.49"
"455.07,-12.55,-7.84,2.52,2.49"
"455.28,-10.06,-9.54,2.52,2.48"
"455.49,-10.54,-9.23,2.52,2.48"
"455.70,-8.09,-6.28,2.53,2.48"
"455.91,-11.34,-12.37,2.51,2.48"
"456.12,-10.39,-3.96,2.52,2.49"
"456.32,-8.49,-7.86,2.51,2.48"
"456.53,-8.16,-8.06,2.51,2.48"
"456.74,-9.92,-6.99,2.50,2.49"
"456.95,-15.82,-11.91,2.52,2.49"
"457.16,-13.01,-14.83,2.52,2.48"
"457.37,-12.21,-12.28,2.51,2.48"
"457.57,-9.70,-9.77,2.51,2.48"
"457.78,-7.94,-11.76,2.51,2.48"
"457.99,-14.65,-10.16,2.51,2.49"
"458.20,-14.56,-9.05,2.52,2.48"
"458.41,-11.30,-11.62,2.51,2.49"
"458.62,-14.86,-8.84,2.51,2.48"
"458.82,-10.76,-13.41,2.52,2.48"
"459.03,-11.42,-10.12,2.53,2.48"
"459.24,-11.37,-9.93,2.52,2.47"
"459.45,-9.28,-9.43,2.53,2.50"
"459.66,-3.92,-4.31,2.52,2.49"
"459.87,-4.52,-10.75,2.50,2.48"
"460.08,-4.28,-9.53,2.52,2.51"
"460.28,-9.10,-9.48,2.52,2.50"
"460.49,-4.05,-8.39,2.51,2.47"
"460.70,-9.70,-6.63,2.51,2.47"
"460.91,-11.59,-7.36,2.50,2.50"
"461.12,-10.24,-7.95,2.51,2.48"
"461.33,-5.48,-3.65,2.52,2.48"
"461.53,-9.69,-8.83,2.50,2.48"
"461.74,-9.54,-11.43,2.52,2.48"
"461.95,-4.40,-4.48,2.52,2.48"
"462.16,-7.68,-4.51,2.51,2.48"
"462.37,-4.47,-2.66,2.52,2.49"
"462.58,-11.27,-10.64,2.52,2.49"
"462.78,-9.26,-10.04,2.52,2.48"
"462.99,-11.53,-7.96,2.52,2.50"
"463.20,-8.80,-4.93,2.51,2.48"
"463.41,-7.96,-10.14,2.51,2.48"
"463.62,-5.52,-12.57,2.52,2.49"
"463.83,-12.66,-10.71,2.51,2.48"
"464.03,-9.85,-12.24,2.52,2.49"
"464.24,-4.85,-3.94,2.51,2.50"
"464.45,-5.46,-5.98,2.52,2.48"
"464.66,-9.20,-7.72,2.53,2.48"
"464.87,-13.13,-13.03,2.52,2.48"
"465.08,-3.99,-10.13,2.51,2.49"
"465.29,-10.06,-10.36,2.51,2.48"
"465.49,-10.36,-12.68,2.54,2.48"
"465.70,-7.66,-7.07,2.51,2.49"
"465.91,-3.34,-8.88,2.51,2.47"
"466.12,-10.04,-8.02,2.52,2.50"
"466.33,-12.15,-13.53,2.51,2.49"
"466.54,-12.24,-15.39,2.52,2.48"
"466.74,-9.90,-2.78,2.53,2.50"
"466.95,-5.55,-8.23,2.51,2.48"
"467.16,-8.59,-3.92,2.50,2.47"
"467.37,-4.78,-7.08,2.51,2.50"
"467.58,-11.96,-12.23,2.52,2.48"
"467.79,-12.31,-17.97,2.51,2.49"
"467.99,-2.61,-5.24,2.51,2.48"
"468.20,-8.64,-5.09,2.51,2.47"
"468.41,-14.24,-12.89,2.51,2.50"
"468.62,-10.20,-9.36,2.51,2.50"
"468.83,-5.94,-5.07,2.52,2.48"
"469.04,-11.54,-10.93,2.51,2.49"
"469.24,-7.00,-11.08,2.53,2.48"
"469.45,-10.87,-8.26,2.53,2.49"
"469.66,-11.65,-8.06,2.53,2.49"
"469.87,-3.34,-1.58,2.53,2.48"
"470.08,-9.43,-11.94,2.51,2.49"
"470.29,-9.39,-8.39,2.52,2.48"
"470.49,-8.06,-8.56,2.51,2.48"
"470.70,-9.84,-12.32,2.52,2.48"
"470.91,-5.49,-10.72,2.52,2.47"
"471.12,-5.66,-9.36,2.52,2.49"
"471.33,-13.68,-12.25,2.52,2.48"
"471.54,-11.42,-12.75,2.51,2.48"
"471.74,-5.18,-12.37,2.52,2.49"
"471.95,-5.86,-8.51,2.51,2.46"
"472.16,-10.92,-9.76,2.52,2.48"
"472.37,-10.69,-6.79,2.52,2.49"
"472.58,-11.42,-5.49,2.50,2.46"
"472.79,-12.61,-9.15,2.52,2.48"
"472.99,-8.15,-9.48,2.52,2.50"
"473.20,-12.99,-13.24,2.51,2.49"
"473.41,-5.87,-7.95,2.51,2.48"
"473.62,-7.31,-7.94,2.52,2.47"
"473.83,-11.41,-14.00,2.52,2.48"
"474.04,-10.14,-9.32,2.53,2.50"
"474.25,-8.75,-4.04,2.52,2.47"
"474.45,-10.28,-9.49,2.52,2.48"
"474.66,-4.71,-10.28,2.50,2.48"
"474.87,-9.95,-12.33,2.51,2.48"
"475.08,-8.08,-5.62,2.52,2.49"
"475.29,-13.98,-14.28,2.51,2.47"
"475.50,-16.49,-14.84,2.51,2.48"
"475.70,-7.36,-7.79,2.51,2.49"
"475.91,-14.88,-11.80,2.52,2.48"
"476.12,-12.94,-8.05,2.51,2.49"
"476.33,-13.77,-12.52,2.53,2.48"
"476.54,-7.76,-11.65,2.52,2.48"
"476.75,-11.28,-12.49,2.51,2.49"
"476.95,-15.14,-13.69,2.49,2.48"
"477.16,-6.58,-11.94,2.50,2.48"
"477.37,-14.86,-8.39,2.51,2.48"
"477.58,-12.37,-9.67,2.51,2.48"
"477.79,-15.64,-15.07,2.52,2.48"
"478.00,-13.30,-7.89,2.52,2.48"
"478.20,-10.38,-9.71,2.51,2.47"
"478.41,-8.65,-7.07,2.51,2.49"
"478.62,-6.36,-10.70,2.53,2.49"
"478.83,-10.12,-12.68,2.52,2.50"
"479.04,-7.70,-12.38,2.51,2.48"
"479.25,-6.53,-12.17,2.52,2.48"
"479.45,-4.86,-10.17,2.50,2.49"
"479.66,-7.52,-9.70,2.51,2.47"
"479.87,-13.54,-12.72,2.51,2.48"
"480.08,-7.13,-8.38,2.51,2.47"
"480.29,-10.39,-11.75,2.52,2.49"
"480.50,-8.31,-7.13,2.54,2.48"
"480.70,-10.54,-17.21,2.52,2.49"
"480.91,-6.89,-4.91,2.51,2.48"
"481.12,-12.63,-11.29,2.52,2.49"
"481.33,-12.15,-8.60,2.53,2.48"
"481.54,-9.67,-3.69,2.52,2.47"
"481.75,-8.22,-8.27,2.54,2.48"
"481.95,-8.35,-6.78,2.51,2.48"
"482.16,-14.76,-17.60,2.50,2.47"
"482.37,-8.84,-11.74,2.51,2.49"
"482.58,-4.34,-5.45,2.50,2.48"
"482.79,-8.94,-11.37,2.52,2.48"
"483.00,-1.45,-10.27,2.51,2.48"
"483.21,-12.26,-12.67,2.53,2.48"
"483.41,-12.84,-11.03,2.52,2.49"
"483.62,-6.90,-7.88,2.50,2.49"
"483.83,-8.92,-13.00,2.52,2.47"
"484.04,-9.64,-14.83,2.53,2.49"
"484.25,-9.78,-8.07,2.51,2.49"
"484.46,-12.73,-8.99,2.51,2.48"
"484.67,-8.95,-10.08,2.52,2.49"
"484.87,-3.08,-10.59,2.52,2.49"
"485.08,-7.11,-9.56,2.53,2.47"
"485.29,-3.92,-4.25,2.54,2.48"
"485.50,-10.24,-5.40,2.52,2.46"
"485.71,-6.03,-2.90,2.52,2.49"
"485.91,-14.78,-12.69,2.51,2.49"
"486.12,-4.52,-4.06,2.51,2.47"
"486.33,-5.10,-9.85,2.51,2.48"
"486.54,-9.31,-9.02,2.52,2.48"
"486.75,-6.49,-9.47,2.50,2.48"
"486.96,-13.39,-11.30,2.52,2.48"
"487.16,-10.15,-0.37,2.52,2.49"
"487.37,-11.96,-10.15,2.52,2.48"
"487.58,-12.14,-9.63,2.52,2.48"
"487.79,-10.98,-10.17,2.50,2.47"
"488.00,-6.91,-11.15,2.52,2.49"
"488.21,-8.00,-11.65,2.52,2.48"
"488.42,-12.64,-13.44,2.52,2.47"
"488.62,-11.12,-10.60,2.53,2.49"
"488.83,-8.79,-4.73,2.52,2.48"
"489.04,-4.84,-11.73,2.51,2.48"
"489.25,-10.46,-5.71,2.51,2.49"
"489.46,-9.22,-8.01,2.51,2.49"
"489.67,-2.13,-0.98,2.52,2.50"
"489.87,-14.13,-14.30,2.52,2.49"
"490.08,-12.10,-10.79,2.50,2.48"
"490.29,-10.19,-12.22,2.52,2.49"
"490.50,-8.87,-11.46,2.52,2.49"
"490.71,-8.43,-9.77,2.51,2.48"
"490.92,-11.77,-9.79,2.51,2.50"
"491.12,-7.54,-8.52,2.51,2.47"
"491.33,-8.81,-10.15,2.52,2.48"
"491.54,-11.16,-9.94,2.52,2.50"
"491.75,-8.61,-6.83,2.52,2.48"
"491.96,-5.76,-8.16,2.51,2.50"
"492.17,-8.20,-8.71,2.50,2.48"
"492.38,-13.60,-8.69,2.51,2.47"
"492.58,-8.23,-12.02,2.52,2.49"
"492.79,-12.00,-8.83,2.52,2.48"
"493.00,-15.44,-12.58,2.52,2.48"
"493.21,-10.39,-8.67,2.52,2.49"
"493.42,-4.48,-10.44,2.52,2.49"
"493.63,-10.23,-9.24,2.51,2.47"
"493.83,-10.79,-11.87,2.51,2.49"
"494.04,-12.23,-11.39,2.51,2.48"
"494.25,-12.51,-11.03,2.52,2.49"
"494.46,-11.77,-6.53,2.51,2.48"
"494.67,-11.88,-10.12,2.51,2.47"
"494.88,-6.92,-10.71,2.51,2.49"
"495.08,-10.18,-8.41,2.52,2.49"
"495.29,-7.99,-11.04,2.50,2.48"
"495.50,-5.22,-4.04,2.52,2.48"
"495.71,-9.06,-7.32,2.51,2.48"
"495.92,-14.79,-15.42,2.52,2.49"
"496.13,-7.73,-7.78,2.52,2.49"
"496.33,-8.96,-15.02,2.52,2.49"
"496.54,-11.43,-11.56,2.52,2.49"
"496.75,-10.90,-17.40,2.51,2.48"
"496.96,-13.01,-9.45,2.51,2.48"
"497.17,-8.14,-10.64,2.51,2.48"
"497.38,-8.77,-7.28,2.52,2.49"
"497.58,-12.62,-7.22,2.50,2.48"
"497.79,-14.63,-7.31,2.51,2.47"
"498.00,-2.44,-6.80,2.52,2.48"
"498.21,-11.53,-15.81,2.51,2.47"
"498.42,-9.64,-7.85,2.52,2.50"
"498.63,-9.19,-11.06,2.51,2.47"
"498.83,-5.67,-14.36,2.51,2.48"
"499.04,-11.93,-9.34,2.52,2.47"
"499.25,-13.22,-17.54,2.50,2.49"
"499.46,-15.41,-19.18,2.52,2.48"
"499.67,-11.80,-11.70,2.51,2.48"
"499.88,-7.11,-5.62,2.50,2.50"
"500.08,-6.05,-10.20,2.50,2.48"
"500.29,-10.54,-14.80,2.50,2.49"
"500.50,-9.65,-7.27,2.51,2.49"
"500.71,-6.50,-10.97,2.52,2.48"
"500.92,-3.53,-4.98,2.52,2.49"
"501.13,-8.15,-7.71,2.52,2.50"
"501.34,-10.77,-8.08,2.51,2.48"
"501.54,-13.00,-11.55,2.51,2.47"
"501.75,-9.29,-8.72,2.54,2.48"
"501.96,-5.07,-9.47,2.51,2.47"
"502.17,-15.94,-16.65,2.50,2.49"
"502.38,-11.22,-14.73,2.50,2.48"
"502.59,-6.65,-9.30,2.53,2.50"
"502.80,-13.78,-13.33,2.52,2.50"
"503.00,-8.38,-13.19,2.51,2.49"
"503.21,-6.74,-6.51,2.52,2.48"
"503.42,-5.17,-12.31,2.50,2.49"
"503.63,-10.86,-8.17,2.51,2.48"
"503.84,-6.26,-10.29,2.53,2.48"
"504.05,-10.37,-10.24,2.51,2.48"
"504.25,-9.13,-8.67,2.52,2.49"
"504.46,-10.57,-11.60,2.51,2.48"
"504.67,-11.21,-5.96,2.52,2.49"
"504.88,-13.49,-11.64,2.52,2.48"
"505.09,-4.76,-13.52,2.50,2.49"
"505.30,-7.97,-12.86,2.52,2.48"
"505.50,-9.87,-7.67,2.52,2.49"
"505.71,-3.45,-7.90,2.51,2.48"
"505.92,-8.98,-11.18,2.53,2.47"
"506.13,-6.69,-11.55,2.51,2.48"
"506.34,-5.83,-10.41,2.52,2.49"
"506.55,-8.04,-11.12,2.53,2.50"
"506.75,-16.24,-6.84,2.51,2.48"
"506.96,-9.67,-10.15,2.49,2.49"
"507.17,1.58,-3.53,2.51,2.47"
"507.38,-7.88,-8.46,2.52,2.49"
"507.59,-7.43,-4.31,2.52,2.48"
"507.80,0.27,-4.66,2.51,2.48"
"508.00,-13.60,-15.54,2.51,2.49"
"508.21,-14.72,-7.51,2.53,2.48"
"508.42,-2.49,-5.49,2.50,2.48"
"508.63,-5.20,-13.85,2.50,2.49"
"508.84,-8.07,-8.42,2.53,2.48"
"509.05,-10.81,-5.23,2.52,2.47"
"509.25,-9.62,-7.01,2.50,2.49"
"509.46,-7.90,-10.10,2.52,2.48"
"509.67,-12.63,-11.07,2.51,2.50"
"509.88,-5.22,-7.70,2.50,2.48"
"510.09,-9.17,-16.62,2.50,2.48"
"510.30,-9.53,-13.11,2.51,2.47"
"510.50,-1.49,-13.45,2.50,2.47"
"510.71,-9.37,-11.04,2.52,2.49"
"510.92,-5.00,-9.67,2.52,2.48"
"511.13,-12.07,-15.90,2.52,2.49"
"511.34,-10.13,-8.96,2.50,2.48"
"511.55,-16.43,-8.61,2.51,2.49"
"511.76,-9.47,-7.93,2.52,2.50"
"511.96,-1.31,-4.73,2.52,2.48"
"512.17,-4.53,-7.74,2.50,2.48"
"512.38,-5.81,-6.01,2.51,2.48"
"512.59,-3.14,-9.13,2.53,2.49"
"512.80,-3.77,-7.77,2.51,2.48"
"513.01,-13.00,-13.29,2.51,2.49"
"513.21,-13.72,-15.82,2.51,2.49"
"513.42,-13.86,-14.47,2.52,2.48"
"513.63,-6.09,-11.24,2.49,2.47"
"513.84,-13.71,-7.08,2.52,2.51"
"514.05,-12.33,-10.70,2.51,2.50"
"514.26,-8.26,-10.72,2.52,2.48"
"514.46,-10.14,-10.94,2.53,2.48"
"514.67,-14.80,-10.79,2.52,2.50"
"514.88,-12.18,-15.45,2.50,2.48"
"515.09,-14.05,-9.61,2.51,2.47"
"515.30,-13.18,-15.73,2.51,2.48"
"515.51,-18.00,-17.33,2.49,2.47"
"515.72,-14.64,-14.23,2.51,2.47"
"515.92,-6.06,-3.00,2.53,2.48"
"516.13,-9.32,-10.55,2.52,2.48"
"516.34,-10.44,-16.94,2.51,2.48"
"516.55,-3.40,-5.73,2.51,2.49"
"516.76,-10.37,-7.17,2.52,2.48"
"516.97,-7.28,-10.86,2.51,2.49"
"517.17,-6.63,-9.90,2.50,2.48"
"517.38,-15.30,-13.49,2.49,2.49"
"517.59,-15.17,-12.86,2.50,2.49"
"517.80,-9.20,-12.05,2.52,2.49"
"518.01,-11.77,-14.45,2.51,2.47"
"518.22,-5.10,-9.78,2.50,2.47"
"518.42,-7.57,-7.53,2.53,2.48"
"518.63,-13.29,-10.30,2.51,2.47"
"518.84,-15.33,-16.90,2.51,2.48"
"519.05,-18.75,-15.00,2.53,2.49"
"519.26,-12.29,-8.54,2.51,2.49"
"519.47,-14.47,-11.17,2.51,2.50"
"519.67,-5.71,-9.49,2.51,2.47"
"519.88,-9.13,-8.85,2.52,2.48"
"520.09,-5.52,-3.79,2.52,2.49"
"520.30,-17.10,-11.13,2.50,2.49"
"520.51,-11.82,-12.47,2.52,2.49"
"520.72,-9.85,-8.80,2.51,2.50"
"520.92,-5.37,-1.77,2.52,2.50"
"521.13,-10.24,-9.13,2.50,2.47"
"521.34,-10.86,-10.76,2.50,2.48"
"521.55,-11.26,-15.28,2.51,2.49"
"521.76,-8.45,-11.74,2.51,2.48"
"521.97,-9.40,-12.02,2.52,2.49"
"522.17,-10.24,-13.32,2.51,2.50"
"522.38,-6.39,-6.46,2.50,2.47"
"522.59,-10.22,-11.81,2.51,2.49"
"522.80,-3.79,-6.09,2.52,2.47"
"523.01,-12.10,-11.22,2.53,2.48"
"523.22,-14.66,-11.49,2.51,2.49"
"523.42,-7.79,-10.95,2.51,2.49"
"523.63,-9.83,-11.22,2.51,2.49"
"523.84,-16.73,-14.43,2.50,2.49"
"524.05,-4.03,-6.91,2.51,2.47"
"524.26,-10.62,-11.87,2.50,2.48"
"524.47,-10.75,-9.65,2.49,2.48"
"524.68,-10.65,-8.21,2.51,2.50"
"524.88,-9.25,-7.32,2.52,2.50"
"525.09,-11.82,-10.56,2.52,2.48"
"525.30,-13.18,-11.17,2.52,2.48"
"525.51,-9.80,-8.73,2.51,2.47"
"525.72,-4.99,-3.75,2.51,2.49"
"525.93,-9.41,-4.47,2.50,2.48"
"526.13,-6.14,-5.00,2.52,2.48"
"526.34,-14.01,-14.94,2.53,2.47"
"526.55,-13.66,-9.82,2.51,2.47"
"526.76,-11.02,-9.14,2.50,2.46"
"526.97,-9.83,-12.10,2.52,2.49"
"527.18,-14.82,-14.47,2.51,2.48"
"527.38,-6.17,-9.50,2.50,2.44"
"527.59,-8.16,-15.09,2.53,2.48"
"527.80,-8.86,-7.77,2.51,2.47"
"528.01,-11.15,-12.25,2.51,2.48"
"528.22,-7.64,-6.62,2.51,2.49"
"528.43,-9.52,-11.30,2.51,2.48"
"528.63,-13.28,-11.28,2.52,2.48"
"528.84,-9.47,-4.80,2.52,2.49"
"529.05,-15.15,-13.00,2.51,2.50"
"529.26,-10.97,-11.78,2.51,2.48"
"529.47,-9.65,-9.45,2.52,2.50"
"529.68,-11.23,-8.63,2.52,2.49"
"529.89,-12.33,-9.07,2.52,2.48"
"530.09,-9.84,-9.91,2.51,2.48"
"530.30,-9.86,-12.32,2.51,2.48"
"530.51,-12.78,-9.61,2.51,2.48"
"530.72,-3.73,-3.24,2.51,2.49"
"530.93,-7.13,-7.55,2.52,2.48"
"531.14,-13.28,-8.09,2.51,2.47"
"531.34,-11.15,-9.59,2.52,2.51"
"531.55,-10.06,-10.48,2.50,2.49"
"531.76,-9.71,-11.73,2.51,2.48"
"531.97,-17.95,-10.70,2.53,2.49"
"532.18,-10.53,-9.43,2.51,2.49"
"532.39,-10.38,-11.47,2.50,2.48"
"532.59,-9.56,-10.20,2.51,2.49"
"532.80,-7.53,-11.87,2.50,2.48"
"533.01,-9.60,-11.75,2.51,2.48"
"533.22,-9.87,-15.82,2.51,2.48"
"533.43,-10.45,-11.14,2.51,2.49"
"533.64,-7.07,-7.98,2.52,2.49"
"533.84,-0.10,-4.20,2.51,2.48"
"534.05,-8.04,-7.14,2.51,2.49"
"534.26,-11.27,-13.67,2.52,2.48"
"534.47,-11.85,-12.63,2.51,2.48"
"534.68,-9.25,-12.64,2.52,2.49"
"534.89,-5.36,-15.65,2.51,2.47"
"535.09,-11.55,-9.81,2.51,2.49"
"535.30,-11.15,-13.61,2.51,2.49"
"535.51,-17.53,-13.77,2.51,2.48"
"535.72,-13.39,-10.75,2.51,2.49"
"535.93,-9.56,-6.43,2.51,2.48"
"536.14,-6.05,-8.00,2.52,2.49"
"536.34,-10.62,-10.83,2.52,2.48"
"536.55,-4.71,-6.32,2.51,2.48"
"536.76,-10.05,-11.59,2.51,2.48"
"536.97,-6.05,-6.18,2.52,2.48"
"537.18,-11.32,-9.63,2.51,2.47"
"537.39,-5.08,-9.23,2.52,2.50"
"537.59,-4.68,-10.19,2.51,2.47"
"537.80,-11.83,-9.17,2.50,2.48"
"538.01,-15.38,-10.99,2.52,2.48"
"538.22,-10.58,-10.60,2.51,2.49"
"538.43,-6.66,-2.71,2.52,2.48"
"538.64,-8.17,-7.06,2.49,2.49"
"538.85,-9.97,-7.91,2.51,2.48"
"539.05,-6.31,-5.79,2.51,2.48"
"539.26,-7.30,-8.26,2.53,2.48"
"539.47,-8.58,-7.64,2.51,2.49"
"539.68,-4.14,-7.78,2.50,2.49"
"539.89,-6.90,-6.83,2.52,2.50"
"540.09,-3.18,-8.84,2.52,2.49"
"540.30,-7.13,-6.01,2.51,2.49"
"540.51,-8.28,-8.85,2.49,2.47"
"540.72,-13.91,-9.83,2.50,2.48"
"540.93,-7.41,-8.21,2.51,2.48"
"541.14,-10.85,-12.96,2.52,2.49"
"541.34,-7.12,-6.02,2.51,2.48"
"541.55,-4.40,-7.70,2.52,2.49"
"541.76,-7.02,-7.74,2.52,2.49"
"541.97,-9.18,-6.66,2.52,2.49"
"542.18,-4.42,-6.20,2.51,2.49"
"542.39,-11.23,-14.41,2.51,2.49"
"542.60,-10.76,-9.85,2.53,2.48"
"542.80,-12.75,-10.62,2.53,2.48"
"543.01,-5.70,-5.43,2.50,2.47"
"543.22,-6.37,-7.23,2.51,2.49"
"543.43,-7.75,-9.00,2.54,2.49"
"543.64,-13.97,-10.77,2.50,2.48"
"543.85,-9.25,-10.81,2.50,2.47"
"544.05,-6.96,-7.47,2.51,2.47"
"544.26,-7.21,-14.61,2.53,2.49"
"544.47,-5.61,-4.53,2.52,2.48"
"544.68,-10.84,-12.18,2.50,2.47"
"544.89,-12.11,-9.40,2.52,2.48"
"545.10,-10.61,-10.03,2.52,2.48"
"545.30,-16.73,-14.50,2.50,2.50"
"545.51,-11.34,-9.08,2.49,2.47"
"545.72,-6.46,-8.90,2.52,2.49"
"545.93,-8.53,-13.55,2.51,2.50"
"546.14,-10.99,-7.28,2.52,2.47"
"546.35,-12.24,-13.30,2.50,2.50"
"546.55,-9.00,-10.56,2.51,2.48"
"546.76,-9.55,-14.37,2.50,2.50"
"546.97,-11.61,-9.85,2.51,2.49"
"547.18,-7.75,-10.42,2.52,2.48"
"547.39,-11.19,-13.45,2.50,2.48"
"547.60,-7.90,-10.40,2.52,2.48"
"547.81,-10.87,-13.63,2.50,2.47"
"548.01,-6.68,-6.68,2.50,2.48"
"548.22,-11.79,-10.42,2.52,2.48"
"548.43,-10.43,-9.10,2.50,2.50"
"548.64,-11.26,-7.94,2.50,2.48"
"548.85,-4.11,-2.39,2.50,2.48"
"549.06,-6.21,-5.04,2.51,2.48"
"549.26,-8.20,-12.97,2.52,2.50"
"549.47,-7.76,-10.61,2.52,2.47"
"549.68,-7.74,-9.95,2.50,2.48"
"549.89,-9.09,-11.49,2.51,2.49"
"550.10,-16.81,-13.60,2.50,2.48"
"550.31,-10.03,-8.60,2.51,2.47"
"550.51,-4.04,-12.18,2.52,2.49"
"550.72,-7.51,-8.26,2.51,2.48"
"550.93,-15.64,-15.10,2.51,2.50"
"551.14,-10.67,-6.69,2.51,2.49"
"551.35,-11.03,-8.14,2.50,2.49"
"551.56,-12.80,-13.85,2.51,2.48"
"551.76,-14.74,-16.73,2.51,2.50"
"551.97,-16.18,-9.08,2.52,2.48"
"552.18,-12.12,-13.27,2.52,2.48"
"552.39,-8.90,-9.14,2.52,2.48"
"552.60,-5.05,-13.81,2.50,2.48"
"552.81,-10.74,-11.94,2.52,2.49"
"553.02,-9.72,-8.37,2.51,2.48"
"553.22,-7.58,-9.45,2.52,2.49"
"553.43,-12.96,-13.91,2.50,2.48"
"553.64,-11.45,-11.30,2.51,2.48"
"553.85,-12.61,-4.97,2.51,2.49"
"554.06,-14.59,-13.77,2.53,2.48"
"554.27,-6.86,-9.72,2.51,2.50"
"554.47,-8.93,-7.47,2.51,2.47"
"554.68,-11.38,-8.13,2.50,2.48"
"554.89,-18.12,-9.23,2.50,2.49"
"555.10,-10.60,-13.34,2.52,2.49"
"555.31,-5.19,-6.15,2.51,2.49"
"555.52,-7.19,-3.87,2.49,2.47"
"555.72,-4.51,-7.88,2.54,2.50"
"555.93,-9.91,-8.28,2.49,2.48"
"556.14,-12.46,-7.48,2.52,2.49"
"556.35,-6.85,-11.64,2.51,2.50"
"556.56,-6.79,-7.07,2.52,2.48"
"556.77,-6.93,-8.00,2.50,2.48"
"556.97,-11.80,-10.90,2.50,2.49"
"557.18,-16.00,-10.45,2.51,2.50"
"557.39,-8.26,-10.33,2.51,2.48"
"557.60,-5.46,-9.35,2.51,2.48"
"557.81,-8.94,-6.23,2.52,2.49"
"558.02,-6.65,-6.29,2.51,2.51"
"558.22,-9.55,-13.98,2.50,2.50"
"558.43,-9.79,-5.27,2.49,2.48"
"558.64,-9.03,-13.23,2.50,2.47"
"558.85,-9.00,-7.37,2.51,2.49"
"559.06,-8.74,-8.24,2.53,2.48"
"559.27,-10.36,-11.18,2.51,2.47"
"559.47,-5.56,-5.52,2.51,2.49"
"559.68,-9.59,-11.84,2.52,2.49"
"559.89,-13.45,-5.98,2.51,2.47"
"560.10,-9.96,-7.47,2.51,2.48"
"560.31,-6.11,-8.58,2.51,2.49"
"560.52,-9.35,-9.28,2.52,2.49"
"560.72,-13.18,-9.16,2.50,2.49"
"560.93,-10.98,-10.33,2.52,2.46"
"561.14,-12.78,-10.30,2.51,2.48"
"561.35,-10.13,-6.51,2.52,2.49"
"561.56,-16.55,-7.64,2.52,2.48"
"561.77,-15.78,-10.01,2.52,2.49"
"561.98,-9.87,-9.03,2.50,2.48"
"562.18,-11.24,-16.35,2.52,2.47"
"562.39,-9.36,-10.01,2.53,2.49"
"562.60,-7.39,-9.87,2.51,2.48"
"562.81,-11.03,-6.41,2.51,2.48"
"563.02,-9.97,-9.45,2.51,2.49"
"563.23,-9.55,-15.43,2.52,2.50"
"563.43,-9.87,-9.62,2.51,2.48"
"563.64,-10.64,-10.42,2.52,2.49"
"563.85,-7.96,-10.23,2.49,2.50"
"564.06,-10.28,-11.14,2.52,2.49"
"564.27,-14.59,-10.68,2.51,2.48"
"564.48,-13.41,-7.72,2.51,2.50"
"564.68,-13.77,-9.07,2.52,2.48"
"564.89,-10.46,-8.06,2.49,2.49"
"565.10,-9.86,-11.16,2.52,2.48"
"565.31,-12.10,-9.62,2.50,2.48"
"565.52,-7.90,-6.63,2.51,2.50"
"565.73,-8.27,-6.39,2.50,2.49"
"565.94,-9.58,-6.44,2.51,2.49"
"566.14,-8.61,-7.64,2.52,2.48"
"566.35,-9.21,-11.86,2.52,2.49"
"566.56,-6.31,-5.22,2.50,2.47"
"566.77,-7.99,-7.17,2.50,2.47"
"566.98,-6.65,-8.82,2.52,2.48"
"567.19,-10.13,-8.98,2.51,2.48"
"567.39,-2.20,-12.53,2.50,2.49"
"567.60,-11.25,-9.23,2.51,2.48"
"567.81,-10.01,-12.94,2.49,2.49"
"568.02,-5.13,-4.35,2.50,2.48"
"568.23,-7.73,-5.77,2.51,2.49"
"568.44,-5.19,-1.67,2.49,2.47"
"568.64,-7.97,-9.30,2.50,2.50"
"568.85,-13.06,-8.15,2.53,2.49"
"569.06,-6.88,-7.26,2.51,2.49"
"569.27,-8.98,-5.37,2.51,2.47"
"569.48,-5.85,-9.84,2.51,2.48"
"569.69,-4.10,-6.85,2.50,2.48"
"569.89,-3.50,-8.21,2.50,2.48"
"570.10,-13.43,-14.39,2.52,2.48"
"570.31,-8.99,-6.90,2.51,2.47"
"570.52,-7.71,-5.45,2.51,2.48"
"570.73,-6.12,-7.85,2.51,2.48"
"570.94,-11.41,-13.07,2.52,2.49"
"571.14,-7.02,-10.23,2.52,2.49"
"571.35,-7.63,-2.64,2.52,2.48"
"571.56,-10.01,-8.52,2.52,2.49"
"571.77,-11.82,-10.36,2.51,2.49"
"571.98,-7.99,-8.83,2.52,2.48"
"572.19,-13.05,-12.56,2.51,2.47"
"572.39,-5.81,-9.73,2.51,2.50"
"572.60,-14.45,-9.97,2.49,2.47"
"572.81,-17.82,-8.99,2.51,2.49"
"573.02,-13.49,-9.67,2.50,2.48"
"573.23,-12.33,-10.58,2.51,2.49"
"573.44,-14.57,-12.03,2.52,2.48"
"573.65,-10.60,-7.23,2.52,2.49"
"573.85,-8.19,-5.19,2.51,2.48"
"574.06,-11.39,-8.31,2.52,2.47"
"574.27,-16.18,-10.13,2.51,2.48"
"574.48,-9.92,-12.97,2.51,2.50"
"574.69,-10.27,-13.93,2.51,2.48"
"574.90,-9.43,-8.31,2.50,2.49"
"575.10,-6.67,-4.36,2.53,2.50"
"575.31,-11.57,-8.61,2.51,2.49"
"575.52,-10.39,-5.36,2.52,2.48"
"575.73,-10.96,-13.07,2.51,2.49"
"575.94,-5.36,-3.59,2.51,2.48"
"576.15,-11.79,-7.97,2.51,2.48"
"576.35,-6.27,-9.20,2.51,2.48"
"576.56,-13.43,-15.74,2.51,2.50"
"576.77,-7.62,-12.50,2.53,2.48"
"576.98,-12.69,-11.52,2.52,2.48"
"577.19,-9.12,-8.57,2.51,2.49"
"577.40,-3.65,-16.18,2.52,2.49"
"577.60,-13.43,-13.80,2.48,2.48"
"577.81,-10.46,-11.54,2.51,2.50"
"578.02,-10.50,-9.94,2.50,2.50"
"578.23,-9.36,-13.03,2.51,2.49"
"578.44,-11.24,-8.30,2.51,2.48"
"578.65,-5.24,-3.24,2.52,2.49"
"578.85,-11.43,-10.17,2.52,2.49"
"579.06,-11.38,-9.28,2.52,2.48"
"579.27,-13.13,-16.27,2.50,2.49"
"579.48,-8.93,-13.17,2.51,2.49"
"579.69,-12.99,-12.49,2.50,2.47"
"579.90,-14.87,-13.08,2.52,2.48"
"580.10,-13.09,-7.98,2.49,2.50"
"580.31,-8.16,-3.29,2.51,2.49"
"580.52,-9.26,-12.01,2.52,2.48"
"580.73,-10.31,-11.99,2.52,2.48"
"580.94,-11.08,-10.54,2.52,2.47"
"581.15,-12.39,-14.00,2.52,2.48"
"581.35,-11.45,-10.49,2.52,2.50"
"581.56,-9.36,-7.09,2.52,2.48"
"581.77,-12.11,-8.80,2.52,2.48"
"581.98,-11.26,-9.75,2.50,2.48"
"582.19,-16.72,-14.89,2.48,2.49"
"582.40,-9.91,-9.82,2.51,2.48"
"582.61,-9.79,-10.07,2.52,2.50"
"582.81,-9.10,-11.20,2.51,2.47"
"583.02,-7.61,-12.12,2.52,2.49"
"583.23,-8.91,-11.00,2.51,2.49"
"583.44,-18.91,-17.82,2.52,2.48"
"583.65,-8.54,-9.24,2.52,2.48"
"583.86,-11.65,-9.67,2.50,2.49"
"584.07,-10.63,-11.90,2.52,2.48"
"584.27,-14.13,-11.07,2.51,2.49"
"584.48,-11.36,-8.72,2.51,2.48"
"584.69,-9.91,-10.22,2.51,2.48"
"584.90,-5.40,-4.34,2.52,2.48"
"585.11,-6.42,-5.44,2.52,2.48"
"585.32,-1.61,-6.92,2.51,2.47"
"585.52,-6.64,-8.14,2.50,2.49"
"585.73,-11.30,-11.69,2.52,2.49"
"585.94,-8.06,-9.93,2.51,2.49"
"586.15,-10.18,-12.35,2.51,2.49"
"586.36,-8.83,-9.96,2.50,2.46"
"586.57,-2.42,-7.12,2.51,2.49"
"586.77,-14.70,-12.93,2.51,2.49"
"586.98,-14.88,-13.30,2.52,2.51"
"587.19,-9.90,-9.89,2.50,2.49"
"587.40,-13.07,-8.72,2.52,2.49"
"587.61,-7.30,-10.90,2.49,2.49"
"587.82,-11.38,-10.69,2.52,2.47"
"588.02,-17.20,-14.77,2.52,2.48"
"588.23,-13.41,-10.90,2.51,2.47"
"588.44,-8.24,-11.20,2.52,2.49"
"588.65,-16.06,-16.88,2.52,2.49"
"588.86,-5.67,-7.16,2.51,2.49"
"589.07,-11.41,-12.09,2.51,2.48"
"589.28,-10.23,-11.28,2.52,2.49"
"589.48,-5.05,-11.73,2.50,2.48"
"589.69,-10.99,-15.35,2.50,2.50"
"589.90,-14.53,-13.13,2.51,2.47"
"590.11,-15.88,-12.33,2.51,2.49"
"590.32,-14.70,-10.20,2.51,2.48"
"590.53,-12.28,-4.22,2.49,2.50"
"590.73,-10.07,-7.53,2.52,2.49"
"590.94,-8.77,-4.25,2.50,2.47"
"591.15,-3.49,-12.24,2.51,2.50"
"591.36,-15.78,-14.97,2.51,2.50"
"591.57,-6.17,-7.55,2.51,2.50"
"591.78,-11.36,-11.14,2.51,2.47"
"591.98,-9.22,-9.84,2.52,2.48"
"592.19,-3.08,-8.76,2.51,2.49"
"592.40,-7.81,-8.11,2.50,2.49"
"592.61,-7.92,-10.71,2.51,2.50"
"592.82,-7.84,-8.11,2.51,2.48"
"593.03,-8.66,-12.25,2.52,2.48"
"593.23,-6.97,-7.87,2.50,2.47"
"593.44,-13.13,-7.91,2.51,2.49"
"593.65,-9.36,-14.04,2.51,2.48"
"593.86,-7.55,-7.76,2.51,2.49"
"594.07,-4.47,-6.32,2.51,2.47"
"594.28,-6.04,-11.67,2.51,2.50"
"594.48,-4.09,-8.31,2.50,2.50"
"594.69,-3.58,-4.82,2.51,2.48"
"594.90,-7.82,-6.99,2.50,2.48"
"595.11,-9.79,-10.11,2.51,2.48"
"595.32,-9.22,-8.11,2.49,2.48"
"595.53,-7.53,-6.37,2.51,2.48"
"595.73,-13.80,-9.41,2.51,2.48"
"595.94,-6.88,-7.81,2.50,2.49"
"596.15,-8.99,-7.35,2.52,2.47"
"596.36,-6.53,-7.13,2.51,2.48"
"596.57,-8.68,-10.98,2.52,2.49"
"596.78,-11.00,-12.10,2.51,2.49"
"596.98,-3.96,-4.73,2.50,2.49"
"597.19,-8.74,-8.25,2.53,2.48"
"597.40,-10.80,-9.33,2.51,2.49"
"597.61,-10.77,-8.27,2.50,2.47"
"597.82,-2.28,-2.50,2.51,2.50"
"598.03,-12.98,-10.73,2.51,2.49"
"598.23,-16.39,-13.28,2.49,2.48"
"598.44,-15.24,-11.37,2.52,2.51"
"598.65,-10.61,-9.20,2.52,2.48"
"598.86,-9.50,-9.04,2.51,2.48"
"599.07,-9.28,-9.24,2.50,2.48"
"599.28,-11.76,-7.40,2.50,2.49"
"599.48,-4.27,-10.01,2.51,2.49"
"599.69,-3.86,-11.17,2.51,2.48"
"599.90,-9.63,-11.89,2.51,2.49"
"600.11,-12.28,-9.81,2.52,2.48"
"600.32,-3.61,-8.14,2.49,2.47"
"600.53,-9.00,-17.08,2.51,2.48"
"600.73,-7.84,-7.55,2.49,2.49"
"600.94,-10.70,-8.64,2.52,2.49"
"601.15,-11.62,-7.04,2.52,2.48"
"601.36,-6.72,-8.91,2.50,2.49"
"601.57,-13.04,-8.65,2.51,2.50"
"601.78,-5.64,-6.71,2.52,2.50"
"601.99,-10.94,-10.68,2.51,2.48"
"602.19,-4.64,-9.37,2.51,2.49"
"602.40,-10.57,-12.59,2.53,2.49"
"602.61,-11.80,-15.12,2.53,2.48"
"602.82,-8.24,-8.68,2.53,2.51"
"603.03,-11.73,-13.07,2.50,2.47"
"603.24,-10.52,-9.46,2.52,2.48"
"603.45,-15.05,-11.93,2.51,2.48"
"603.65,-9.80,-5.62,2.52,2.48"
"603.86,-7.63,-5.42,2.52,2.49"
"604.07,-5.73,-12.80,2.52,2.49"
"604.28,-24.80,-15.92,2.50,2.48"
"604.49,-10.75,-7.39,2.52,2.47"
"604.70,-7.93,-6.33,2.48,2.48"
"604.90,-8.94,-12.23,2.52,2.49"
"605.11,-9.83,-8.04,2.51,2.48"
"605.32,-11.04,-7.93,2.52,2.49"
"605.53,-10.95,-2.98,2.51,2.48"
"605.74,-8.82,-8.44,2.50,2.49"
"605.94,-9.82,-9.22,2.51,2.48"
"606.15,-7.06,-6.44,2.52,2.51"
"606.36,-9.71,-9.81,2.53,2.48"
"606.57,-14.82,-11.71,2.51,2.48"
"606.78,-6.44,-11.50,2.52,2.49"
"606.99,-8.38,-11.71,2.51,2.47"
"607.20,-12.00,-10.43,2.51,2.49"
"607.40,-11.82,-11.47,2.51,2.49"
"607.61,-16.19,-11.49,2.52,2.49"
"607.82,-9.19,-7.24,2.53,2.49"
"608.03,-10.09,-5.26,2.50,2.48"
"608.24,-12.79,-8.84,2.52,2.49"
"608.45,-17.73,-14.77,2.50,2.46"
"608.65,-4.17,-10.27,2.52,2.49"
"608.86,-9.82,-7.60,2.51,2.48"
"609.07,-8.87,-13.74,2.50,2.49"
"609.28,-9.20,-7.13,2.53,2.49"
"609.49,-9.22,-9.79,2.52,2.47"
"609.70,-8.60,-6.03,2.51,2.48"
"609.90,-6.72,-14.81,2.50,2.49"
"610.11,-6.15,-10.35,2.51,2.48"
"610.32,-9.75,-9.62,2.51,2.50"
"610.53,-8.52,-4.51,2.51,2.48"
"610.74,-6.27,-8.62,2.51,2.46"
"610.95,-12.63,-11.59,2.52,2.48"
"611.15,-13.15,-9.57,2.51,2.49"
"611.36,-7.74,-10.98,2.50,2.48"
"611.57,-11.76,-10.98,2.50,2.49"
"611.78,-10.80,-6.82,2.53,2.49"
"611.99,-5.10,-5.35,2.50,2.50"
"612.20,-5.83,-12.11,2.52,2.47"
"612.41,-7.58,-10.48,2.51,2.49"
"612.61,-11.86,-10.23,2.51,2.49"
"612.82,-7.45,-11.75,2.51,2.49"
"613.03,-13.45,-11.89,2.54,2.49"
"613.24,-19.25,-15.32,2.50,2.48"
"613.45,-7.80,-7.55,2.52,2.47"
"613.66,-14.37,-12.62,2.52,2.49"
"613.86,-11.62,-13.06,2.51,2.48"
"614.07,-10.09,-8.36,2.49,2.46"
"614.28,-10.46,-8.53,2.52,2.49"
"614.49,-11.43,-15.77,2.50,2.49"
"614.70,-11.54,-8.79,2.52,2.49"
"614.91,-9.32,-10.05,2.51,2.47"
"615.11,-9.77,-10.74,2.51,2.49"
"615.32,-3.30,-6.54,2.51,2.47"
"615.53,-13.32,-12.61,2.53,2.48"
"615.74,-6.85,-12.94,2.50,2.49"
"615.95,-10.62,-8.02,2.53,2.48"
"616.16,-11.43,-9.28,2.51,2.51"
"616.36,-7.58,-5.81,2.50,2.48"
"616.57,-12.37,-11.02,2.51,2.47"
"616.78,-12.40,-9.23,2.52,2.49"
"616.99,-9.89,-14.28,2.50,2.49"
"617.20,-12.58,-12.13,2.50,2.49"
"617.41,-15.37,-12.98,2.50,2.48"
"617.61,-10.46,-11.41,2.53,2.48"
"617.82,-10.31,-7.92,2.51,2.48"
"618.03,-9.03,-7.33,2.51,2.48"
"618.24,-12.41,-11.81,2.52,2.48"
"618.45,-5.73,-8.36,2.52,2.49"
"618.66,-11.20,-7.61,2.50,2.48"
"618.86,-11.31,-10.06,2.52,2.49"
"619.07,-10.66,-9.25,2.50,2.47"
"619.28,-11.82,-14.02,2.53,2.49"
"619.49,-7.25,-10.20,2.52,2.48"
"619.70,-0.25,0.10,2.52,2.49"
"619.91,-5.80,-8.83,2.51,2.49"
"620.11,-11.66,-10.90,2.50,2.48"
"620.32,-8.79,-7.69,2.51,2.47"
"620.53,-10.22,-16.81,2.49,2.48"
"620.74,-11.17,-7.80,2.52,2.49"
"620.95,-5.65,-8.83,2.50,2.48"
"621.16,-11.84,-13.46,2.52,2.48"
"621.37,-11.28,-12.61,2.49,2.49"
"621.58,-8.87,-15.13,2.51,2.48"
"621.78,-8.12,-7.80,2.50,2.48"
"621.99,-8.08,-0.86,2.52,2.48"
"622.20,-9.92,-9.44,2.51,2.48"
"622.41,-5.39,-6.06,2.51,2.49"
"622.62,-5.33,-4.43,2.53,2.50"
"622.82,-10.75,-9.23,2.50,2.48"
"623.03,-8.12,-5.44,2.54,2.50"
"623.24,-6.94,-12.33,2.48,2.47"
"623.45,-9.58,-11.33,2.50,2.48"
"623.66,-10.61,-7.01,2.53,2.49"
"623.87,-8.42,-15.13,2.50,2.48"
"624.07,-10.75,-14.42,2.51,2.49"
"624.28,-18.34,-14.35,2.50,2.49"
"624.49,-8.82,-5.22,2.52,2.49"
"624.70,-7.55,-6.01,2.52,2.50"
"624.91,-10.87,-2.62,2.51,2.47"
"625.12,-10.45,-3.48,2.52,2.48"
"625.33,-8.32,-3.14,2.51,2.50"
"625.53,-11.71,-11.51,2.52,2.49"
"625.74,-13.04,-10.73,2.50,2.45"
"625.95,-13.24,-8.32,2.52,2.49"
"626.16,-6.97,-11.28,2.50,2.48"
"626.37,-5.54,-8.57,2.51,2.48"
"626.58,-13.47,-8.89,2.51,2.49"
"626.78,-11.62,-8.21,2.51,2.49"
"626.99,-7.20,-9.79,2.49,2.48"
"627.20,-10.40,-12.54,2.51,2.49"
"627.41,-11.96,-10.77,2.51,2.48"
"627.62,-9.59,-10.75,2.51,2.48"
"627.83,-6.73,-8.65,2.50,2.48"
"628.03,-11.95,-8.27,2.53,2.48"
"628.24,-6.45,-13.07,2.52,2.48"
"628.45,-9.09,-11.40,2.52,2.47"
"628.66,-12.62,-8.91,2.51,2.48"
"628.87,-10.51,-6.42,2.49,2.49"
"629.08,-10.66,-12.96,2.49,2.46"
"629.28,-7.14,-7.22,2.50,2.48"
"629.49,-9.27,-9.84,2.52,2.48"
"629.70,-11.09,-11.00,2.51,2.47"
"629.91,-6.65,-15.13,2.51,2.47"
"630.12,-9.70,-11.66,2.51,2.48"
"630.33,-10.80,-9.62,2.51,2.47"
"630.53,-11.18,-10.86,2.52,2.49"
"630.74,-8.35,-7.06,2.50,2.48"
"630.95,-13.17,-12.42,2.50,2.49"
"631.16,-6.75,-11.29,2.50,2.48"
"631.37,-5.20,-5.17,2.51,2.48"
"631.58,-6.09,-8.78,2.52,2.48"
"631.78,-8.05,-9.69,2.52,2.49"
"631.99,-8.32,-10.59,2.49,2.48"
"632.20,-15.05,-8.82,2.51,2.48"
"632.41,-7.03,-10.74,2.52,2.49"
"632.62,-9.91,-13.33,2.51,2.49"
"632.83,-12.07,-13.93,2.50,2.48"
"633.03,-10.45,-7.55,2.51,2.48"
"633.24,-12.68,-10.01,2.52,2.50"
"633.45,-7.21,-8.74,2.54,2.49"
"633.66,-5.33,-9.01,2.52,2.50"
"633.87,-3.86,-6.44,2.51,2.49"
"634.08,-12.33,-11.96,2.50,2.49"
"634.29,-13.44,-8.09,2.52,2.48"
"634.49,-13.02,-11.62,2.52,2.50"
"634.70,-4.61,-7.00,2.52,2.49"
"634.91,-16.78,-9.54,2.51,2.49"
"635.12,-8.66,-13.54,2.51,2.47"
"635.33,-11.86,-11.80,2.52,2.47"
"635.54,-14.88,-14.32,2.51,2.48"
"635.75,-10.96,-7.17,2.51,2.48"
"635.95,-10.02,-13.71,2.51,2.48"
"636.16,-11.45,-13.46,2.53,2.49"
"636.37,-9.62,-4.67,2.50,2.48"
"636.58,-6.83,-10.81,2.50,2.49"
"636.79,-14.40,-11.45,2.48,2.47"
"637.00,-10.45,-12.65,2.51,2.48"
"637.20,-16.21,-10.64,2.50,2.49"
"637.41,-8.39,-5.38,2.52,2.48"
"637.62,-9.96,-8.16,2.52,2.48"
"637.83,-14.71,-12.39,2.51,2.47"
"638.04,-10.76,-7.94,2.50,2.48"
"638.25,-7.74,-6.22,2.51,2.49"
"638.45,-9.02,-10.91,2.51,2.48"
"638.66,-12.40,-14.01,2.51,2.49"
"638.87,-11.12,-10.03,2.49,2.47"
"639.08,-11.16,-9.97,2.51,2.49"
"639.29,-10.04,-9.17,2.52,2.47"
"639.50,-10.63,-8.69,2.52,2.50"
"639.70,-12.61,-14.03,2.52,2.51"
"639.91,-6.74,-11.24,2.52,2.49"
"640.12,-10.49,-4.73,2.49,2.48"
"640.33,-8.55,-10.60,2.50,2.48"
"640.54,-6.67,-8.50,2.53,2.49"
"640.75,-4.95,-5.33,2.51,2.48"
"640.95,-10.14,-10.73,2.52,2.48"
"641.16,-8.46,-8.50,2.51,2.50"
"641.37,-11.14,-12.18,2.51,2.49"
"641.58,-11.14,-14.62,2.53,2.48"
"641.79,-16.28,-11.32,2.51,2.49"
"642.00,-11.58,-4.24,2.51,2.48"
"642.21,-10.98,-6.22,2.52,2.47"
"642.41,-10.89,-7.23,2.51,2.49"
"642.62,-10.56,-11.17,2.52,2.48"
"642.83,-9.48,-9.69,2.50,2.47"
"643.04,-8.13,-12.14,2.50,2.47"
"643.25,-9.34,-5.77,2.52,2.48"
"643.46,-10.85,-8.12,2.52,2.48"
"643.66,-6.62,-4.26,2.51,2.48"
"643.87,-9.18,-6.74,2.53,2.48"
"644.08,-13.62,-10.13,2.51,2.48"
"644.29,-10.51,-8.49,2.51,2.48"
"644.50,-10.85,-9.32,2.51,2.48"
"644.71,-9.01,-13.74,2.52,2.49"
"644.91,-7.00,-9.53,2.50,2.49"
"645.12,-12.96,-13.51,2.50,2.48"
"645.33,-8.68,-11.49,2.51,2.49"
"645.54,-8.50,-7.19,2.51,2.48"
"645.75,-6.62,-9.29,2.52,2.47"
"645.96,-13.22,-11.91,2.51,2.49"
"646.16,-2.79,-10.40,2.51,2.47"
"646.37,-11.10,-15.33,2.50,2.48"
"646.58,-13.32,-8.71,2.50,2.48"
"646.79,-13.04,-14.51,2.50,2.47"
"647.00,-5.58,-5.76,2.51,2.48"
"647.21,-13.28,-8.05,2.51,2.49"
"647.41,-3.32,-8.42,2.52,2.48"
"647.62,-12.56,-12.05,2.51,2.50"
"647.83,-9.12,-7.89,2.52,2.47"
"648.04,-10.65,-9.91,2.52,2.49"
"648.25,-9.68,-9.98,2.52,2.48"
"648.46,-9.68,-9.63,2.51,2.48"
"648.66,-9.78,-9.85,2.51,2.49"
"648.87,-9.68,-9.84,2.51,2.48"
"649.08,-9.50,-9.48,2.51,2.50"
"649.29,-9.63,-9.45,2.51,2.48"
"649.50,-10.13,-9.97,2.52,2.48"
"649.71,-10.12,-9.93,2.50,2.48"
"649.91,-8.84,-7.99,2.50,2.48"
"650.12,-9.29,-9.26,2.51,2.49"
"650.33,-9.87,-10.25,2.51,2.48"
"650.54,-9.56,-9.67,2.52,2.49"
"650.75,-9.70,-9.75,2.52,2.49"
"650.96,-9.66,-9.97,2.52,2.49"
"651.16,-9.68,-9.70,2.51,2.49"
"651.37,-9.81,-9.85,2.52,2.48"
"651.58,-9.67,-9.79,2.51,2.49"
"651.79,-9.78,-9.78,2.51,2.48"
"652.00,-9.84,-9.67,2.51,2.48"
"652.21,-9.74,-9.59,2.51,2.48"
"652.41,-9.90,-9.82,2.51,2.48"
"652.62,-9.69,-9.69,2.52,2.49"
"652.83,-9.67,-9.72,2.51,2.48"
"653.04,-9.72,-9.71,2.52,2.48"
"653.25,-9.68,-9.64,2.51,2.48"
"653.46,-9.72,-9.69,2.51,2.49"
"653.66,-9.74,-9.70,2.50,2.48"
"653.87,-9.65,-9.78,2.52,2.49"
"654.08,-9.69,-9.78,2.51,2.47"
"654.29,-9.71,-9.79,2.51,2.48"
"654.50,-9.73,-9.75,2.50,2.49"
"654.71,-9.73,-9.61,2.51,2.48"
