"0.62,2.16,-38.99,-0.14,-9.64,2.53,2.50"
"1.63,0.54,-9.76,-0.08,-9.70,2.52,2.49"
"2.64,0.81,-9.56,-0.19,-9.75,2.52,2.51"
"3.65,0.37,-10.13,-0.28,-9.34,2.52,2.50"
"4.66,1.17,-9.70,0.04,-8.76,2.52,2.50"
"5.66,0.90,-10.21,0.17,-9.58,2.52,2.50"
"6.67,0.92,-9.72,0.11,-9.20,2.52,2.50"
"7.68,0.56,-9.11,-0.33,-9.85,2.52,2.50"
"8.69,0.71,-10.41,-0.05,-9.05,2.52,2.50"
"9.70,0.57,-8.74,-0.23,-10.42,2.52,2.50"
"10.71,0.53,-9.56,0.01,-9.90,2.51,2.49"
"11.72,0.83,-9.82,0.18,-9.92,2.52,2.50"
"12.73,0.98,-9.63,0.02,-9.87,2.53,2.50"
"13.73,0.36,-10.47,-0.32,-8.56,2.52,2.50"
"14.74,0.73,-9.58,-0.12,-9.76,2.51,2.49"
"15.75,0.69,-9.66,-0.10,-9.95,2.51,2.51"
"16.76,0.73,-9.70,-0.09,-9.85,2.52,2.50"
"17.77,0.69,-9.74,-0.11,-9.85,2.52,2.50"
"18.78,0.73,-9.80,-0.01,-9.95,2.52,2.49"
"19.79,0.60,-9.53,-0.09,-9.81,2.52,2.50"
"20.80,-1.61,-9.97,0.58,-3.65,2.50,2.47"
"21.81,-0.32,-6.99,-0.90,-5.98,2.52,2.52"
"22.81,0.27,-10.72,0.06,-8.77,2.52,2.49"
"23.82,1.79,-11.94,-0.67,-11.06,2.52,2.49"
"24.83,2.82,-8.88,2.63,-13.23,2.54,2.50"
"25.84,1.02,-10.06,0.11,-8.37,2.52,2.50"
"26.85,1.47,-10.49,-0.38,-11.23,2.54,2.51"
"27.86,1.92,-8.05,-0.22,-10.75,2.53,2.51"
"28.87,-0.24,-9.52,0.13,-10.37,2.52,2.50"
"29.88,0.99,-10.59,-1.45,-8.12,2.51,2.50"
"30.89,-0.37,-15.46,0.55,-14.44,2.53,2.50"
"31.90,2.31,-7.36,0.15,-11.15,2.53,2.50"
"32.91,-0.69,-13.51,-0.70,-8.41,2.52,2.51"
"33.92,-0.31,-14.57,-2.76,-12.25,2.51,2.48"
"34.92,6.24,-8.20,3.63,-13.56,2.51,2.50"
"35.93,2.99,-5.24,2.87,-10.60,2.51,2.50"
"36.94,2.70,-8.86,-1.19,-9.98,2.52,2.50"
"37.95,3.84,-11.82,3.57,-13.41,2.52,2.50"
"38.96,0.78,-8.50,-1.32,-6.08,2.52,2.51"
"39.97,-3.03,-12.11,2.36,-9.03,2.53,2.50"
"40.98,-3.13,-10.70,-5.20,-7.42,2.51,2.50"
"41.99,1.36,-12.04,-1.89,-12.07,2.51,2.50"
"43.00,1.35,-4.18,0.09,-6.85,2.52,2.50"
"44.01,2.49,-14.14,-0.40,-7.02,2.52,2.50"
"45.02,0.50,-9.03,-1.51,-7.82,2.52,2.50"
"46.02,2.68,-8.55,3.33,-6.15,2.51,2.50"
"47.03,2.09,-7.46,1.26,-11.34,2.52,2.50"
"48.04,2.88,-12.91,4.98,-12.58,2.53,2.51"
"49.05,0.71,-8.36,0.28,-11.86,2.52,2.49"
"50.06,0.80,-11.94,6.17,-6.94,2.53,2.49"
"51.07,0.06,-8.81,-1.72,-7.31,2.53,2.49"
"52.08,4.04,-7.10,3.69,-7.69,2.52,2.51"
"53.09,-0.09,-7.70,0.48,-10.85,2.52,2.51"
"54.10,-1.30,-6.90,-0.48,-10.43,2.52,2.50"
"55.11,2.07,-7.47,-0.67,-9.91,2.52,2.52"
"56.11,2.40,-10.02,0.32,-10.82,2.52,2.50"
"57.12,3.43,-8.79,1.66,-6.51,2.50,2.51"
"58.13,4.10,-10.27,2.79,-18.24,2.52,2.49"
"59.14,2.31,-9.14,2.30,-6.84,2.52,2.49"
"60.15,2.28,-8.29,-3.07,-11.15,2.50,2.50"
"61.16,3.28,-4.67,1.47,-7.79,2.52,2.50"
"62.17,-0.73,-9.54,-1.74,-7.69,2.51,2.50"
"63.18,-2.58,-9.59,-0.51,-5.79,2.51,2.50"
"64.19,-0.59,-4.24,-1.50,-4.92,2.52,2.51"
"65.19,0.96,-6.92,-1.92,-8.07,2.52,2.49"
"66.20,1.64,-7.16,1.09,-9.92,2.52,2.50"
"67.21,-1.53,-5.87,-0.25,-4.31,2.51,2.50"
"68.22,-1.82,-8.74,-0.68,-9.15,2.52,2.50"
"69.23,1.79,-6.60,-0.72,-12.94,2.51,2.49"
"70.24,-0.95,-8.25,-1.52,-8.07,2.51,2.51"
"71.25,-5.67,-12.27,-8.37,-9.21,2.50,2.50"
"72.26,2.03,-9.86,1.62,-9.04,2.52,2.50"
"73.27,0.58,-10.36,0.99,-6.63,2.52,2.51"
"74.28,-3.12,-7.21,0.68,-8.95,2.52,2.51"
"75.29,-0.27,-13.14,-1.53,-8.47,2.51,2.49"
"76.29,0.23,-6.71,-2.06,-9.89,2.50,2.49"
"77.30,1.65,-8.53,-1.37,-13.53,2.51,2.50"
"78.31,5.17,-11.15,1.68,-12.14,2.51,2.50"
"79.32,3.04,-7.04,5.60,-7.95,2.52,2.50"
"80.33,-0.15,-12.99,-4.46,-6.86,2.50,2.50"
"81.34,0.69,-11.77,-0.47,-6.56,2.52,2.50"
"82.35,0.09,-8.35,-0.73,-8.07,2.52,2.50"
"83.36,1.93,-4.51,-0.15,-5.46,2.51,2.52"
"84.37,-3.92,-5.32,-2.83,-6.91,2.52,2.49"
"85.38,-0.79,-11.95,-2.56,-9.83,2.51,2.49"
"86.38,0.97,-5.54,0.80,-13.11,2.52,2.51"
"87.39,-1.64,-14.12,0.66,-11.30,2.52,2.50"
"88.40,-2.90,-8.52,-1.32,-3.04,2.53,2.50"
"89.41,0.53,-7.85,-0.77,-9.47,2.52,2.50"
"90.42,0.20,-13.28,0.95,-10.88,2.52,2.49"
"91.43,2.25,-15.22,1.93,-15.31,2.51,2.49"
"92.44,2.44,-8.85,1.97,-9.82,2.52,2.49"
"93.45,0.09,-7.06,0.08,-12.00,2.50,2.50"
"94.46,-2.72,-7.14,-0.25,-4.32,2.52,2.49"
"95.46,2.60,-8.21,3.35,-16.55,2.51,2.51"
"96.47,-0.70,-14.88,0.56,-9.93,2.50,2.50"
"97.48,4.72,0.38,1.87,-4.52,2.49,2.50"
"98.49,-1.50,-5.42,-1.86,-4.95,2.51,2.51"
"99.50,-0.19,-9.44,-1.91,-11.50,2.51,2.50"
"100.51,-1.02,-12.75,-3.21,-11.35,2.51,2.52"
"101.52,-1.82,-7.45,-3.53,-10.95,2.51,2.50"
"102.53,5.94,-10.42,4.51,-14.16,2.52,2.51"
"103.54,-4.20,-12.09,-4.13,-6.14,2.51,2.49"
"104.55,6.18,-7.07,6.06,-21.78,2.51,2.51"
"105.55,4.68,-5.70,1.39,-4.62,2.51,2.51"
"106.56,1.98,-9.48,1.02,-8.62,2.51,2.49"
"107.57,0.80,-13.09,-1.74,-11.29,2.53,2.51"
"108.58,2.95,-12.95,-0.48,-13.92,2.50,2.50"
"109.59,0.12,-8.00,2.26,-7.25,2.54,2.48"
"110.60,-1.38,-12.57,-2.86,-9.36,2.51,2.51"
"111.61,-5.10,-16.41,-2.25,-7.09,2.50,2.50"
"112.62,1.27,-10.90,0.95,-11.55,2.51,2.50"
"113.63,0.39,-9.18,-1.35,-7.81,2.52,2.50"
"114.64,1.58,-10.76,0.83,-6.63,2.50,2.50"
"115.65,-3.91,-9.64,-1.48,-3.55,2.52,2.51"
"116.66,1.62,-8.79,-3.47,-13.08,2.49,2.49"
"117.66,1.88,-8.69,1.24,-7.89,2.50,2.51"
"118.67,-2.12,-7.76,-0.85,-6.72,2.51,2.50"
"119.68,5.24,-7.11,1.60,-14.74,2.52,2.51"
"120.69,-1.73,-12.10,-0.46,-13.24,2.50,2.50"
"121.70,1.53,-8.88,-0.62,-5.97,2.51,2.49"
"122.71,2.94,-12.92,6.74,-12.26,2.51,2.51"
"123.72,-0.57,-11.09,-2.70,-10.70,2.51,2.50"
"124.73,2.65,-8.00,0.60,-9.20,2.51,2.49"
"125.74,2.28,-1.62,0.74,-1.61,2.52,2.48"
"126.75,-0.32,-12.66,0.88,-12.67,2.52,2.50"
"127.76,2.35,-4.50,-0.02,-3.47,2.51,2.51"
"128.76,2.65,-11.17,3.41,-11.86,2.52,2.52"
"129.77,0.69,-10.62,1.27,-10.69,2.51,2.49"
"130.78,-2.24,-11.87,-1.99,-14.53,2.49,2.50"
"131.79,0.38,-9.58,-1.91,-8.27,2.51,2.49"
"132.80,-3.75,-14.86,-1.84,-9.78,2.52,2.49"
"133.81,-1.37,-11.31,-1.51,-8.77,2.51,2.49"
"134.82,-2.59,-13.72,-0.62,-8.16,2.51,2.51"
"135.83,-0.96,-9.83,-2.49,-12.39,2.50,2.50"
"136.84,3.62,-8.53,1.89,-9.13,2.52,2.50"
"137.85,1.67,-8.60,1.84,-9.96,2.52,2.50"
"138.86,0.21,-12.59,3.34,-10.21,2.52,2.49"
"139.87,0.33,-9.73,-0.84,-11.40,2.51,2.50"
"140.87,-1.35,-7.15,-0.42,-13.47,2.50,2.49"
"141.88,1.02,-14.87,-1.60,-10.89,2.52,2.50"
"142.89,0.14,-5.30,1.21,-10.75,2.50,2.50"
"143.90,-1.02,-12.83,-2.22,-8.85,2.52,2.51"
"144.91,2.15,-8.02,3.91,-7.41,2.51,2.50"
"145.92,-0.34,-14.31,0.04,-11.88,2.50,2.51"
"146.93,4.78,-11.54,1.73,-11.48,2.51,2.49"
"147.94,1.97,-7.10,1.47,-10.00,2.52,2.50"
"148.95,2.49,-10.12,2.60,-13.18,2.50,2.50"
"149.96,3.14,-8.17,0.59,-12.95,2.51,2.50"
"150.97,-0.84,-12.70,-3.03,-5.11,2.53,2.50"
"151.97,2.23,-9.75,-0.02,-10.62,2.51,2.50"
"152.98,3.04,-12.00,0.91,-12.06,2.51,2.51"
"153.99,3.01,-10.13,0.88,-12.83,2.52,2.50"
"155.00,4.51,-7.81,0.80,-16.42,2.50,2.50"
"156.01,-2.33,-10.37,-1.89,-11.84,2.52,2.49"
"157.02,-0.24,-9.98,2.20,-7.68,2.51,2.49"
"158.03,-1.79,-11.58,-1.60,-9.33,2.51,2.50"
"159.04,3.68,-6.86,-0.47,-14.84,2.51,2.50"
"160.05,3.01,-8.53,2.00,-9.76,2.51,2.49"
"161.05,-0.11,-11.15,0.50,-10.48,2.52,2.49"
"162.06,-0.56,-8.74,-0.77,-10.47,2.51,2.51"
"163.07,2.93,-5.72,2.12,-7.55,2.51,2.50"
"164.08,1.79,-11.17,0.11,-13.78,2.53,2.51"
"165.09,1.52,-8.13,-1.03,-9.45,2.51,2.50"
"166.10,-0.58,-6.98,0.95,-10.11,2.52,2.51"
"167.11,3.81,-5.00,3.34,-7.18,2.50,2.51"
"168.12,3.06,-7.34,0.50,-9.08,2.52,2.50"
"169.13,0.46,-7.73,0.91,-3.46,2.51,2.51"
"170.14,0.30,-10.20,1.10,-8.52,2.51,2.52"
"171.15,2.42,-8.09,0.75,-8.13,2.51,2.51"
"172.15,-0.53,-11.32,-0.21,-11.93,2.52,2.50"
"173.16,1.91,-13.08,2.98,-9.38,2.52,2.50"
"174.17,0.50,-7.70,-2.20,-13.25,2.52,2.50"
"175.18,0.86,-9.64,0.61,-10.82,2.51,2.53"
"176.19,3.85,-10.64,-1.05,-11.15,2.50,2.51"
"177.20,2.60,-9.19,-0.57,-7.99,2.52,2.51"
"178.21,3.48,-5.37,2.31,-5.57,2.51,2.51"
"179.22,1.11,-10.04,-0.94,-8.85,2.51,2.50"
"180.23,-0.71,-8.85,-0.14,-10.48,2.51,2.51"
"181.24,0.94,-8.37,1.09,-12.65,2.51,2.51"
"182.25,-2.57,-8.49,0.59,-5.72,2.53,2.49"
"183.26,-1.61,-10.41,-1.81,-6.07,2.51,2.50"
"184.26,4.57,-0.21,0.39,-8.40,2.52,2.51"
"185.27,-1.12,-8.92,1.38,-13.49,2.51,2.51"
"186.28,4.15,-11.03,-0.30,-8.22,2.51,2.50"
"187.29,2.10,-13.41,0.46,-14.04,2.50,2.49"
"188.30,1.40,-12.85,3.13,-10.87,2.53,2.50"
"189.31,0.31,-11.37,-2.28,-9.81,2.51,2.50"
"190.32,-1.81,-9.37,-2.02,-7.38,2.53,2.52"
"191.33,-0.48,-7.10,1.74,-5.08,2.51,2.50"
"192.34,-1.43,-7.47,-1.16,-9.98,2.53,2.50"
"193.35,-2.06,-10.76,-0.56,-7.02,2.52,2.50"
"194.36,-0.95,-7.62,-2.83,-5.55,2.50,2.49"
"195.36,0.58,-8.14,-0.95,-8.00,2.51,2.51"
"196.37,3.15,-8.83,1.82,-10.31,2.51,2.50"
"197.38,2.63,-11.57,3.79,-12.52,2.53,2.51"
"198.39,-1.05,-6.31,-1.87,-11.87,2.51,2.49"
"199.40,-0.05,-11.13,-2.63,-12.72,2.49,2.50"
"200.41,-0.41,-14.68,2.05,-9.85,2.51,2.50"
"201.42,-1.30,-7.33,-1.56,-12.96,2.51,2.50"
"202.43,2.24,-4.66,2.15,-9.14,2.51,2.51"
"203.44,-0.22,-7.43,-0.86,-7.88,2.51,2.50"
"204.45,0.10,-10.92,-2.66,-11.93,2.50,2.50"
"205.45,0.57,-12.80,-2.16,-12.45,2.51,2.50"
"206.46,-2.04,-9.37,-1.80,-6.88,2.53,2.50"
"207.47,2.01,-10.48,1.05,-12.82,2.53,2.50"
"208.48,-0.03,-8.76,-1.33,-13.72,2.51,2.50"
"209.49,1.50,-6.71,0.48,-4.10,2.52,2.50"
"210.50,1.10,-12.05,-0.19,-9.15,2.51,2.51"
"211.51,-0.41,-8.53,-0.56,-6.84,2.52,2.50"
"212.52,2.83,-9.05,-0.68,-11.26,2.50,2.49"
"213.53,1.29,-6.87,-0.76,-7.15,2.51,2.49"
"214.54,0.79,-9.71,-1.61,-9.89,2.50,2.49"
"215.54,0.65,-14.26,-1.10,-10.26,2.50,2.50"
"216.55,1.07,-8.68,0.92,-10.66,2.51,2.49"
"217.56,1.36,-11.54,-0.41,-11.62,2.52,2.51"
"218.57,0.90,-9.10,-0.36,-12.84,2.50,2.49"
"219.58,1.68,-7.82,-0.57,-8.01,2.52,2.51"
"220.59,-2.13,-15.10,0.22,-11.79,2.51,2.51"
"221.60,0.56,-10.33,2.77,-9.26,2.51,2.49"
"222.61,-0.28,-8.68,-2.55,-10.27,2.51,2.49"
"223.62,-1.48,-13.82,-0.48,-13.28,2.52,2.50"
"224.63,0.76,-9.37,1.36,-12.27,2.52,2.48"
"225.64,1.73,-7.41,1.22,-5.62,2.52,2.51"
"226.64,-1.53,-6.37,-0.99,-7.02,2.51,2.49"
"227.65,-3.47,-12.52,0.29,-7.37,2.52,2.50"
"228.66,4.12,-7.54,-2.21,-6.07,2.50,2.50"
"229.67,-1.20,-11.14,-0.19,-6.69,2.52,2.50"
"230.68,2.69,-9.08,0.52,-12.00,2.50,2.49"
"231.69,-3.43,-12.82,-1.79,-9.69,2.50,2.48"
"232.70,0.87,-11.52,0.12,-10.55,2.52,2.48"
"233.71,2.27,-8.13,0.30,-19.46,2.50,2.50"
"234.72,1.92,-9.00,0.91,-9.19,2.51,2.49"
"235.73,0.67,-10.78,-1.15,-6.32,2.49,2.49"
"236.74,-0.16,-10.03,-0.67,-6.14,2.51,2.49"
"237.75,0.53,-4.41,-1.20,-6.70,2.51,2.50"
"238.75,2.32,-9.33,-0.19,-15.37,2.51,2.51"
"239.76,1.14,-2.60,2.67,-6.15,2.52,2.52"
"240.77,0.75,-11.70,3.10,-13.26,2.51,2.48"
"241.78,-0.21,-7.56,1.16,-6.21,2.51,2.51"
"242.79,-2.20,-10.23,-1.65,-4.03,2.51,2.50"
"243.80,2.29,-7.72,-1.67,-13.13,2.51,2.50"
"244.81,-0.80,-5.87,-1.58,-13.77,2.52,2.48"
"245.82,-0.52,-10.15,0.19,-6.68,2.51,2.47"
"246.83,-0.70,-18.06,-0.40,-11.24,2.50,2.48"
"247.84,1.27,-6.92,1.04,-11.78,2.51,2.49"
"248.84,1.10,-10.10,-0.53,-11.05,2.52,2.49"
"249.85,1.00,-9.02,-1.51,-8.60,2.50,2.49"
"250.86,0.71,-10.52,2.34,-8.68,2.50,2.51"
"251.87,0.52,-8.77,0.38,-14.41,2.51,2.50"
"252.88,-3.32,-16.55,0.03,-10.77,2.52,2.49"
"253.89,1.23,-3.40,-0.40,-9.98,2.52,2.48"
"254.90,-2.24,-11.13,-0.54,-10.49,2.52,2.48"
"255.91,-0.60,-7.71,-0.97,-5.47,2.51,2.49"
"256.92,1.50,-8.70,1.46,-9.59,2.50,2.49"
"257.93,1.64,-11.47,0.69,-8.45,2.51,2.50"
"258.94,1.28,-10.02,-0.90,-12.57,2.53,2.47"
"259.94,2.71,-10.90,0.84,-13.04,2.52,2.47"
"260.95,1.33,-8.62,0.80,-6.28,2.52,2.49"
"261.96,-0.54,-10.14,-2.39,-10.02,2.52,2.50"
"262.97,3.43,-10.84,2.94,-10.25,2.52,2.47"
"263.98,1.55,-12.33,-0.23,-14.79,2.52,2.48"
"264.99,0.92,-10.78,1.02,-7.12,2.53,2.49"
"266.00,5.33,-7.23,3.81,-9.18,2.50,2.49"
"267.01,-0.92,-10.94,-2.35,-7.91,2.49,2.47"
"268.02,1.35,-11.83,-0.01,-11.88,2.50,2.50"
"269.03,-0.71,-5.85,-1.54,-9.85,2.51,2.48"
"270.03,-0.37,-5.58,1.50,-6.95,2.53,2.49"
"271.04,1.08,-7.78,-2.44,-8.42,2.49,2.49"
"272.05,-0.74,-12.56,-0.55,-8.90,2.50,2.47"
"273.06,4.09,-9.07,3.55,-14.62,2.51,2.50"
"274.07,4.13,-12.26,4.08,-12.19,2.52,2.50"
"275.08,4.64,-10.97,3.27,-14.68,2.55,2.47"
"0.62,-0.90,-41.14,-9.70,-12.08,2.51,2.48"
"1.63,-0.50,-7.72,-0.87,-2.26,2.52,2.48"
"2.64,2.97,-10.12,-0.89,-14.92,2.52,2.48"
"3.65,1.38,-4.09,-0.78,-4.61,2.51,2.48"
"4.66,1.06,-7.96,-1.51,-12.64,2.49,2.48"
"5.66,0.04,-9.43,-1.07,-9.89,2.50,2.49"
"6.67,0.68,-11.48,1.90,-12.78,2.51,2.48"
"7.68,1.32,-12.59,1.13,-12.12,2.53,2.50"
"8.69,1.64,-7.48,-3.90,-10.10,2.51,2.49"
"9.70,-0.41,-6.59,0.11,-10.72,2.50,2.48"
"10.71,0.91,-11.39,2.22,-14.29,2.52,2.47"
"11.72,-0.45,-8.41,-2.41,-7.03,2.51,2.48"
"12.73,0.59,-12.55,-0.96,-11.81,2.51,2.47"
"13.73,-0.36,-13.86,0.18,-12.58,2.53,2.49"
"14.74,1.60,-11.01,-1.44,-6.25,2.52,2.50"
"15.75,-1.41,-9.62,-1.24,-9.55,2.52,2.49"
"16.76,0.49,-9.79,0.26,-5.57,2.53,2.48"
"17.77,-0.08,-7.25,3.52,-4.89,2.52,2.48"
"18.78,-1.50,-11.42,-0.52,-7.98,2.51,2.48"
"19.79,0.74,-11.34,-1.70,-7.22,2.53,2.47"
"20.80,2.07,-8.31,4.40,-9.67,2.52,2.50"
"21.81,0.96,-5.55,4.49,-4.24,2.53,2.49"
"22.82,4.32,-11.62,3.34,-16.46,2.51,2.47"
"23.83,1.38,-11.48,-0.29,-8.29,2.51,2.48"
"24.83,1.05,-8.00,-0.16,-7.09,2.52,2.48"
"25.84,-2.20,-9.84,0.76,-4.84,2.51,2.46"
"26.85,2.47,-11.15,3.21,-16.71,2.52,2.49"
"27.86,0.05,-9.68,-1.80,-10.34,2.50,2.47"
"28.87,0.15,-11.19,-0.57,-9.30,2.51,2.48"
"29.88,3.34,-4.93,-1.80,-3.93,2.51,2.44"
"30.89,2.88,-11.27,2.42,-11.28,2.51,2.49"
"31.90,0.99,-6.82,-0.37,-9.75,2.49,2.48"
"32.91,2.38,-9.27,3.27,-8.75,2.53,2.48"
"33.92,-0.41,-6.60,2.35,-6.85,2.51,2.50"
"34.93,-2.16,-13.30,-2.84,-13.00,2.50,2.48"
"35.93,3.14,-8.70,-0.86,-6.70,2.51,2.49"
"36.94,-0.93,-9.16,0.12,-8.15,2.51,2.47"
"37.95,0.42,-7.90,-1.33,-9.18,2.51,2.48"
"38.96,1.08,-9.15,0.21,-11.62,2.52,2.48"
"39.97,-4.44,-9.40,-3.23,-4.26,2.51,2.48"
"40.98,1.93,-4.81,-0.18,-12.86,2.52,2.47"
"41.99,-2.16,-13.53,-0.86,-9.48,2.52,2.47"
"43.00,0.88,-10.26,1.81,-6.45,2.51,2.48"
"44.01,2.67,-7.32,1.16,-8.39,2.51,2.48"
"45.02,-2.59,-5.24,-3.00,-10.61,2.51,2.48"
"46.02,0.91,-9.48,-2.43,-10.53,2.51,2.48"
"47.03,-0.43,-9.28,-2.63,-11.40,2.51,2.48"
"48.04,-3.33,-10.30,-1.70,-4.71,2.51,2.47"
"49.05,4.54,-10.81,2.27,-10.09,2.52,2.49"
"50.06,0.97,-7.71,-2.26,-3.86,2.50,2.48"
"51.07,-0.93,-5.86,-0.69,-2.50,2.52,2.48"
"52.08,-1.74,-14.49,-3.08,-12.58,2.51,2.48"
"53.09,6.28,-7.42,1.50,-12.09,2.51,2.48"
"54.10,3.98,-7.19,2.25,-11.48,2.50,2.48"
"55.11,1.49,-12.95,-1.87,-17.73,2.50,2.49"
"56.12,1.40,-12.91,2.81,-10.22,2.53,2.49"
"57.12,-0.13,-9.11,0.45,-10.47,2.53,2.48"
"58.13,0.62,-11.26,-0.95,-9.82,2.50,2.49"
"59.14,2.49,-10.39,0.56,-8.57,2.54,2.48"
"60.15,1.31,-9.16,-0.20,-12.75,2.52,2.51"
"61.16,-0.51,-9.03,-4.30,-9.91,2.51,2.49"
"62.17,-0.53,-7.79,-1.73,-11.84,2.50,2.48"
"63.18,-1.09,-10.27,-1.86,-14.07,2.52,2.47"
"64.19,4.18,-10.94,4.81,-11.09,2.52,2.47"
"65.20,0.82,-10.38,-1.14,-10.58,2.51,2.49"
"66.20,3.79,-7.02,2.03,-7.38,2.53,2.47"
"67.21,0.22,-10.57,-1.38,-6.51,2.52,2.49"
"68.22,-1.08,-9.73,-1.53,-5.59,2.50,2.48"
"69.23,-0.75,-9.91,-2.25,-12.06,2.52,2.49"
"70.24,-3.45,-9.47,-3.49,-12.09,2.52,2.49"
"71.25,0.17,-11.81,-2.45,-10.81,2.51,2.47"
"72.26,1.57,-9.54,-1.25,-8.45,2.52,2.48"
"73.27,1.25,-6.86,4.06,-7.51,2.53,2.47"
"74.28,3.86,-13.39,2.53,-15.39,2.52,2.50"
"75.29,2.05,-9.97,0.47,-9.17,2.50,2.48"
"76.29,-0.93,-8.98,-2.45,-9.06,2.51,2.47"
"77.30,-0.45,-15.05,-4.88,-12.84,2.51,2.47"
"78.31,1.89,-4.61,0.76,-9.40,2.53,2.48"
"79.32,2.06,-7.96,3.10,-7.47,2.51,2.48"
"80.33,0.65,-12.09,0.68,-7.62,2.52,2.48"
"81.34,-0.08,-10.07,-0.15,-10.59,2.52,2.48"
"82.35,0.09,-11.49,-0.32,-11.98,2.52,2.47"
"83.36,3.24,-5.65,2.04,-8.84,2.52,2.49"
"84.37,-1.44,-17.80,-3.21,-7.73,2.52,2.46"
"85.38,-0.08,-7.71,-0.45,-9.40,2.52,2.47"
"86.38,0.70,-9.34,-0.68,-9.17,2.52,2.48"
"87.39,-3.01,-10.03,0.70,-8.29,2.53,2.46"
"88.40,0.11,-6.04,-2.99,-8.13,2.51,2.46"
"89.41,-3.26,-13.23,-3.92,-14.34,2.51,2.48"
"90.42,2.05,-7.59,-1.05,-5.89,2.53,2.48"
"91.43,4.73,-6.91,3.45,-4.08,2.52,2.48"
"92.44,0.41,-4.47,0.67,-3.54,2.50,2.46"
"93.45,0.53,-11.99,-1.68,-12.99,2.52,2.47"
"94.46,1.68,-12.26,-0.60,-9.46,2.52,2.48"
"95.47,-0.99,-10.78,-0.17,-11.19,2.53,2.50"
"96.48,4.52,-9.11,1.36,-8.30,2.52,2.49"
"97.48,2.15,-8.39,-1.14,-10.92,2.53,2.48"
"98.49,-1.19,-17.08,1.47,-9.04,2.52,2.49"
"99.50,-1.32,-10.03,1.13,-7.80,2.53,2.47"
"100.51,-0.10,-6.96,-1.03,-8.68,2.51,2.47"
"101.52,3.53,-10.75,-0.51,-16.11,2.51,2.47"
"102.53,3.16,-11.14,5.33,-11.37,2.52,2.49"
"103.54,-0.14,-10.67,0.54,-11.26,2.51,2.47"
"104.55,1.26,-9.68,-1.48,-10.07,2.51,2.47"
"105.56,0.08,-8.87,0.25,-3.48,2.52,2.48"
"106.57,4.44,-6.82,3.79,-11.89,2.53,2.48"
"107.57,-1.85,-10.45,-0.39,-4.71,2.51,2.47"
"108.58,1.09,-6.68,2.64,-8.28,2.51,2.47"
"109.59,-0.47,-9.64,1.42,-5.50,2.52,2.49"
"110.60,-0.52,-11.50,0.12,-13.64,2.52,2.48"
"111.61,0.26,-9.30,1.17,-8.19,2.52,2.47"
"112.62,0.40,-13.65,-1.40,-9.49,2.52,2.47"
"113.63,-1.59,-7.14,-0.28,-7.47,2.50,2.49"
"114.64,-1.08,-11.52,0.33,-8.14,2.53,2.48"
"115.65,2.77,-5.39,1.43,-2.22,2.55,2.47"
"116.66,1.37,-5.23,1.31,-9.27,2.52,2.47"
"117.66,1.28,-10.51,3.10,-8.93,2.54,2.48"
"118.68,-0.12,-13.57,3.02,-13.80,2.51,2.49"
"119.68,3.95,-9.64,3.04,-12.45,2.52,2.47"
"120.69,1.00,-9.80,-1.31,-9.87,2.52,2.48"
"121.70,-3.07,-13.34,-3.23,-11.40,2.52,2.48"
"122.71,-1.45,-13.29,-3.71,-10.31,2.51,2.50"
"123.72,-1.31,-6.33,-0.68,-6.35,2.52,2.46"
"124.73,0.59,-12.19,-1.10,-8.86,2.51,2.48"
"125.74,-0.49,-9.00,-0.44,-8.75,2.51,2.46"
"126.75,2.35,-6.71,1.09,-11.37,2.51,2.48"
"127.76,0.87,-12.54,0.05,-7.86,2.52,2.46"
"128.77,0.46,-13.41,-1.31,-15.01,2.53,2.47"
"129.77,0.96,-12.39,-2.10,-8.61,2.51,2.47"
"130.78,0.95,-8.67,-1.80,-11.88,2.53,2.48"
"131.79,2.62,-4.15,0.15,-7.27,2.51,2.47"
"132.80,-1.96,-12.68,-2.95,-12.97,2.51,2.49"
"133.81,-0.24,-13.86,-1.03,-11.43,2.50,2.49"
"134.82,1.92,-20.47,2.04,-11.97,2.51,2.49"
"135.83,-2.20,-14.32,-2.58,-8.82,2.52,2.48"
"136.84,-1.26,-3.60,-1.59,-3.82,2.52,2.47"
"137.85,-1.50,-11.07,1.85,-12.55,2.53,2.48"
"138.86,1.22,-8.54,0.26,-9.35,2.51,2.49"
"139.87,2.49,-12.29,-0.06,-10.97,2.52,2.47"
"140.87,0.36,-9.80,0.52,-11.62,2.51,2.48"
"141.88,0.06,-9.24,-2.67,-12.32,2.51,2.48"
"142.89,3.37,-7.19,0.37,-8.70,2.51,2.48"
"143.90,0.79,-14.77,0.62,-11.56,2.52,2.51"
"144.91,0.65,-8.31,0.85,-10.58,2.51,2.48"
"145.92,-2.03,-10.46,-2.42,-9.02,2.52,2.48"
"146.93,1.02,-13.21,-2.28,-13.56,2.52,2.48"
"147.94,-1.56,-12.28,-1.84,-9.14,2.52,2.47"
"148.95,-0.95,-10.74,-2.10,-10.67,2.51,2.48"
"149.96,0.54,-4.53,-0.51,-7.62,2.53,2.47"
"150.97,2.21,-11.94,0.25,-12.48,2.52,2.47"
"151.97,0.37,-12.22,1.89,-9.30,2.52,2.48"
"152.98,0.60,-11.93,1.05,-10.43,2.52,2.46"
"153.99,0.58,-6.41,-0.34,-9.08,2.52,2.49"
"155.00,0.73,-12.93,0.55,-13.20,2.51,2.48"
"156.01,1.98,-5.73,-1.11,-5.61,2.52,2.48"
"157.02,1.44,-11.47,1.47,-11.19,2.52,2.48"
"158.03,0.21,-7.67,-0.08,-9.58,2.51,2.49"
"159.04,0.11,-7.43,0.68,-3.83,2.53,2.48"
"160.05,1.69,-8.56,-0.35,-12.80,2.49,2.47"
"161.06,0.70,-10.35,-1.88,-7.06,2.52,2.45"
"162.07,-0.91,-9.80,-4.77,-9.71,2.51,2.49"
"163.08,1.20,-13.85,2.53,-7.22,2.53,2.48"
"164.08,-1.72,-7.13,-0.35,-11.71,2.52,2.47"
"165.09,4.14,-9.36,3.18,-10.64,2.49,2.46"
"166.10,-1.49,-10.10,-0.13,-6.55,2.51,2.47"
"167.11,-0.16,-11.95,0.79,-8.89,2.50,2.46"
"168.12,0.99,-5.78,1.93,-4.70,2.53,2.48"
"169.13,4.11,-15.17,0.28,-13.56,2.53,2.51"
"170.14,1.39,-12.79,1.64,-7.94,2.51,2.48"
"171.15,1.16,-7.16,-1.37,-13.81,2.52,2.48"
"172.16,0.90,-6.08,0.33,-7.51,2.51,2.48"
"173.16,-0.46,-6.07,0.04,-6.46,2.51,2.47"
"174.17,0.64,-6.71,0.21,-7.36,2.51,2.48"
"175.18,-3.51,-14.22,-2.83,-8.39,2.51,2.47"
"176.19,2.74,-11.75,2.50,-12.03,2.51,2.47"
"177.20,1.78,-12.99,-2.24,-8.99,2.50,2.48"
"178.21,4.42,-12.99,3.78,-19.81,2.52,2.49"
"179.22,1.12,-16.99,0.80,-13.45,2.53,2.48"
"180.23,0.70,-11.61,1.46,-13.18,2.51,2.46"
"181.24,1.28,-11.21,-1.71,-4.88,2.51,2.49"
"182.25,1.79,-8.84,1.01,-7.03,2.52,2.49"
"183.26,1.88,-8.51,-0.28,-12.49,2.51,2.47"
"184.27,1.61,-11.54,-0.45,-10.84,2.51,2.49"
"185.27,0.72,-6.72,-1.93,-8.77,2.51,2.48"
"186.28,-0.56,-7.81,-0.12,-8.35,2.50,2.47"
"187.29,-1.64,-9.49,-1.67,-5.74,2.51,2.49"
"188.30,-1.94,-15.04,-2.62,-3.18,2.53,2.46"
"189.31,2.08,-7.58,1.19,-9.75,2.51,2.49"
"190.32,-0.73,-8.42,-0.18,-9.43,2.50,2.49"
"191.33,1.28,-10.36,0.70,-14.81,2.51,2.47"
"192.34,4.11,-9.59,3.34,-11.34,2.50,2.48"
"193.35,4.12,-2.95,-0.74,-6.57,2.51,2.48"
"194.36,3.41,-12.75,1.67,-10.74,2.51,2.48"
"195.36,-0.60,-11.73,-2.65,-12.83,2.50,2.47"
"196.37,0.96,-11.15,1.49,-11.50,2.51,2.47"
"197.38,2.41,-14.69,-1.89,-6.99,2.51,2.47"
"198.39,1.69,-9.15,-2.68,-14.88,2.50,2.50"
"199.40,1.00,-11.77,0.82,-8.19,2.51,2.46"
"200.41,0.74,-11.22,-0.65,-11.35,2.51,2.47"
"201.42,1.21,-8.58,0.50,-6.02,2.50,2.49"
"202.43,-1.82,-13.65,-3.97,-10.57,2.52,2.49"
"203.44,3.08,-13.07,-3.19,-8.59,2.52,2.48"
"204.45,1.49,-10.21,3.08,-12.09,2.51,2.48"
"205.46,-1.40,-8.89,0.05,-10.45,2.52,2.46"
"206.47,2.71,-10.22,0.82,-10.80,2.50,2.47"
"207.47,0.51,-13.63,0.66,-13.95,2.50,2.48"
"208.48,1.47,-9.72,1.59,-9.42,2.52,2.48"
"209.49,1.46,-5.67,-0.30,-7.63,2.50,2.49"
"210.50,-0.75,-8.69,-0.14,-4.73,2.53,2.46"
"211.51,1.35,-7.72,0.07,-6.79,2.52,2.49"
"212.52,-0.84,-7.45,0.83,-10.33,2.53,2.47"
"213.53,1.10,-12.61,-2.16,-8.72,2.52,2.47"
"214.54,0.90,-10.75,0.82,-9.13,2.53,2.47"
"215.55,0.11,-9.16,0.28,-9.50,2.50,2.47"
"216.55,2.97,-8.38,0.18,-13.31,2.50,2.48"
"217.57,-2.02,-9.63,-1.62,-6.23,2.51,2.47"
"218.57,1.37,-8.55,-1.19,-12.43,2.51,2.48"
"219.58,3.58,-11.17,2.86,-11.78,2.52,2.48"
"220.59,-0.85,-7.67,-1.41,-12.42,2.51,2.48"
"221.60,-0.41,-5.24,1.54,-8.89,2.51,2.48"
"222.61,1.21,-9.16,2.33,-14.36,2.52,2.45"
"223.62,-1.81,-11.37,-3.02,-7.52,2.50,2.48"
"224.63,1.14,-11.63,1.51,-10.95,2.52,2.47"
"225.64,0.08,-12.27,-0.48,-11.43,2.51,2.50"
"226.65,-0.16,-9.70,-0.40,-9.21,2.51,2.48"
"227.66,0.02,-13.73,0.41,-9.23,2.52,2.46"
"228.66,-2.03,-7.52,-2.31,-7.56,2.51,2.47"
"229.67,5.15,-10.55,0.29,-12.67,2.50,2.49"
"230.68,2.05,-5.29,-0.74,-11.43,2.51,2.46"
"231.69,-0.17,-4.45,2.10,-8.42,2.51,2.47"
"232.70,-0.57,-12.52,2.25,-10.63,2.52,2.48"
"233.71,0.47,-18.54,-2.33,-10.04,2.52,2.48"
"234.72,-1.54,-8.16,-1.01,-5.16,2.50,2.46"
"235.73,-0.85,-16.08,0.02,-12.73,2.52,2.45"
"236.74,0.66,-12.63,-1.07,-9.00,2.52,2.48"
"237.75,-3.58,-12.45,-1.10,-6.78,2.51,2.48"
"238.76,-1.42,-8.37,0.00,-10.64,2.51,2.47"
"239.76,1.97,-4.48,-0.48,-4.22,2.52,2.48"
"240.77,-1.74,-11.17,-1.74,-9.99,2.50,2.46"
"241.78,0.46,-10.28,3.15,-8.65,2.51,2.49"
"242.79,-2.77,-7.60,-2.66,-7.87,2.51,2.50"
"243.80,1.17,-7.30,1.47,-7.52,2.52,2.47"
"244.81,2.55,-14.19,1.87,-12.15,2.50,2.47"
"245.82,1.44,-10.43,-1.09,-12.28,2.51,2.48"
"246.83,-0.61,-8.40,4.14,-7.72,2.51,2.48"
"247.84,2.27,-12.06,2.26,-7.97,2.52,2.46"
"248.85,3.09,-5.73,1.11,-7.17,2.51,2.47"
"249.85,2.82,-9.47,0.74,-9.50,2.52,2.47"
"250.86,2.95,-8.96,-0.60,-10.64,2.51,2.50"
"251.87,1.40,-12.97,0.20,-8.56,2.48,2.48"
"252.88,-0.14,-12.58,0.86,-7.36,2.51,2.46"
"253.89,1.19,-5.92,-1.36,-10.22,2.51,2.49"
"254.90,4.85,-8.01,3.97,-6.95,2.51,2.48"
"255.91,2.13,-7.08,0.24,-8.92,2.52,2.49"
"256.92,-2.59,-9.77,-2.64,-6.81,2.51,2.47"
"257.93,1.34,-9.34,0.14,-12.53,2.51,2.48"
"258.94,0.86,-12.43,-0.19,-12.01,2.53,2.47"
"259.95,0.23,-11.08,-0.16,-7.47,2.52,2.46"
"260.95,0.70,-13.67,-1.71,-10.40,2.52,2.50"
"261.96,0.24,-7.22,0.10,-8.55,2.52,2.47"
"262.97,-0.66,-12.85,-2.42,-14.95,2.50,2.47"
"263.98,2.04,-7.68,-0.56,-13.63,2.50,2.48"
"264.99,-0.18,-10.31,2.05,-9.34,2.51,2.48"
"266.00,3.73,-5.19,4.30,-7.75,2.51,2.47"
"267.01,0.46,-11.38,-3.60,-7.45,2.52,2.47"
"268.02,-0.23,-12.38,-0.80,-16.02,2.51,2.48"
"269.03,1.91,-5.52,0.85,-14.31,2.51,2.48"
"270.04,-1.30,-9.51,-0.62,-8.88,2.51,2.46"
"271.05,4.77,-6.58,2.97,-10.39,2.50,2.47"
"272.05,0.26,-9.14,-0.31,-14.68,2.50,2.47"
"273.06,-0.53,-7.24,-0.21,-6.96,2.51,2.46"
"274.07,3.66,-8.18,1.30,-9.39,2.53,2.47"
"275.08,3.44,-5.43,-0.44,-10.77,2.50,2.48"
"276.09,-1.16,-12.57,0.01,-6.76,2.52,2.47"
"277.10,0.97,-8.83,1.98,-11.20,2.50,2.47"
"278.11,-0.66,-10.17,-0.36,-12.55,2.52,2.48"
"279.12,2.19,-9.67,2.09,-10.90,2.52,2.48"
"280.13,-0.35,-6.73,0.10,-9.22,2.50,2.47"
"281.14,-1.81,-9.06,-1.92,-9.02,2.50,2.47"
"282.14,2.02,-11.39,0.78,-11.53,2.52,2.47"
"283.15,0.01,-8.77,1.05,-8.87,2.51,2.48"
"284.16,-0.65,-8.93,-1.38,-7.70,2.50,2.48"
"285.17,-1.09,-9.55,0.86,-9.60,2.53,2.48"
"286.18,-0.07,-10.73,-1.11,-11.07,2.51,2.47"
"287.19,0.94,-11.12,1.27,-9.74,2.52,2.48"
"288.20,-1.91,-2.69,-0.06,-4.53,2.52,2.47"
"289.21,2.32,-9.40,-1.10,-9.18,2.51,2.48"
"290.22,2.39,-5.20,1.07,-11.56,2.50,2.48"
"291.23,2.87,-8.55,0.18,-12.45,2.51,2.47"
"292.24,-1.01,-13.72,1.25,-10.74,2.51,2.49"
"293.25,-1.76,-5.10,-3.02,-11.01,2.51,2.46"
"294.25,0.96,-9.12,0.96,-8.87,2.51,2.49"
"295.26,1.69,-9.59,1.04,-7.05,2.52,2.48"
"296.27,1.70,-7.86,-0.13,-10.81,2.49,2.47"
"297.28,-0.40,-13.14,-1.44,-8.23,2.50,2.49"
"298.29,1.64,-10.73,0.58,-12.04,2.51,2.50"
"299.30,4.14,-10.06,3.18,-12.66,2.51,2.47"
"300.31,2.93,-10.85,-0.74,-12.38,2.51,2.48"
"301.32,-1.68,-12.60,-0.29,-10.70,2.51,2.45"
"302.33,0.81,-9.53,0.09,-9.11,2.52,2.48"
"303.34,-1.15,-11.60,-0.74,-12.82,2.53,2.48"
"304.35,0.93,-3.36,1.05,-3.94,2.52,2.48"
"305.35,1.31,-11.40,-1.01,-13.56,2.51,2.48"
"306.36,0.91,-13.66,0.00,-6.79,2.49,2.48"
"307.37,1.61,-16.26,0.28,-8.65,2.51,2.49"
"308.38,0.25,-7.06,-0.20,-9.30,2.51,2.48"
"309.39,1.51,-14.21,1.50,-15.31,2.51,2.47"
"310.40,-3.18,-4.48,-3.24,-8.25,2.51,2.48"
"311.41,-0.88,-11.34,-2.06,-6.63,2.51,2.46"
"312.42,-3.88,-9.33,-0.05,-9.36,2.50,2.48"
"313.43,1.95,-9.81,0.14,-13.98,2.50,2.47"
"314.44,1.25,-8.62,-3.16,-9.62,2.49,2.47"
"315.45,0.43,-12.85,-2.26,-9.67,2.52,2.47"
"316.45,-1.95,-12.35,-1.05,-12.26,2.52,2.48"
"317.46,0.80,-11.51,-0.42,-10.44,2.51,2.47"
"318.47,-2.98,-15.51,-1.91,-5.83,2.50,2.47"
"319.48,3.91,-8.23,2.34,-11.46,2.52,2.51"
"320.49,0.72,-10.44,1.36,-13.28,2.51,2.47"
"321.50,0.74,-4.10,0.80,-4.78,2.51,2.46"
"322.51,3.03,-13.14,1.24,-7.81,2.53,2.49"
"323.52,6.41,-10.18,0.63,-11.35,2.52,2.50"
"324.53,1.13,-6.77,0.20,-5.82,2.50,2.48"
"325.54,1.97,-7.38,0.85,-6.16,2.50,2.47"
"326.55,0.39,-7.44,0.06,-10.72,2.52,2.47"
"327.55,0.72,-9.03,3.62,-11.73,2.51,2.49"
"328.56,-1.76,-10.89,-1.52,-7.51,2.50,2.49"
"329.57,-0.18,-8.01,-1.86,-6.52,2.51,2.47"
"330.58,-1.90,-1.76,0.34,-7.98,2.52,2.47"
"331.59,-0.46,-16.63,0.58,-5.43,2.50,2.49"
"332.60,3.31,-9.09,3.06,-8.38,2.51,2.49"
"333.61,3.57,-6.98,0.33,-15.18,2.49,2.47"
"334.62,-0.63,-9.11,-0.11,-9.79,2.51,2.47"
"335.63,-1.20,-7.47,-0.96,-9.26,2.51,2.47"
"336.64,3.38,-6.27,-1.66,-9.55,2.49,2.49"
"337.64,2.28,-9.89,3.62,-16.52,2.52,2.48"
"338.65,1.94,-9.72,2.70,-11.38,2.53,2.48"
"339.66,2.83,-12.99,-0.37,-9.07,2.53,2.48"
"340.67,2.11,-10.23,1.80,-9.95,2.51,2.49"
"341.68,0.19,-6.57,-0.17,-5.84,2.51,2.49"
"342.69,5.04,-8.11,3.41,-8.05,2.52,2.48"
"343.70,0.25,-11.01,0.68,-0.62,2.53,2.47"
"344.71,3.12,-10.94,-1.07,-8.95,2.52,2.49"
"345.72,0.90,-10.19,-0.08,-11.10,2.52,2.49"
"346.73,0.40,-16.08,-2.25,-13.54,2.52,2.47"
"347.74,0.91,-15.15,-1.95,-8.75,2.50,2.48"
"348.74,1.17,-10.32,1.88,-12.45,2.52,2.47"
"349.75,0.38,-13.48,0.60,-7.29,2.52,2.48"
"350.76,-0.18,-4.81,0.27,-11.87,2.51,2.48"
"351.77,0.96,-12.28,-0.05,-12.09,2.50,2.47"
"352.78,0.38,-8.58,-1.66,-14.04,2.50,2.48"
"353.79,5.52,-8.91,6.65,-3.96,2.52,2.48"
"354.80,-2.52,-10.16,-1.58,-9.82,2.52,2.48"
"355.81,4.93,-3.55,0.92,-12.44,2.49,2.48"
"356.82,0.37,-12.48,0.53,-7.48,2.53,2.50"
"357.83,-2.84,-8.63,-1.80,-8.20,2.51,2.48"
"358.83,-1.65,-10.86,-2.46,-8.18,2.52,2.49"
"359.84,-0.00,-4.81,0.50,-11.48,2.50,2.49"
"360.85,0.52,-4.78,-1.33,-11.72,2.50,2.48"
"361.86,1.94,-6.89,-0.68,-12.19,2.51,2.49"
"362.87,2.03,-7.93,2.79,-5.92,2.53,2.47"
"363.88,3.00,-11.55,1.16,-9.69,2.52,2.48"
"364.89,-1.63,-11.99,-5.98,-12.74,2.50,2.48"
"365.90,2.00,-13.60,2.92,-10.10,2.54,2.49"
"366.91,0.96,-7.40,-1.53,-5.04,2.53,2.50"
"367.92,-3.22,-13.78,2.51,-5.62,2.53,2.47"
"368.93,3.00,-6.57,2.75,-8.41,2.52,2.47"
"369.94,0.66,-6.71,1.17,-8.86,2.51,2.48"
"370.94,1.36,-10.19,-3.81,-8.66,2.51,2.47"
"371.95,3.94,-7.16,-1.25,-10.76,2.50,2.46"
"372.96,1.13,-8.79,1.30,-7.27,2.51,2.47"
"373.97,-1.09,-15.03,-4.66,-11.37,2.51,2.48"
"374.98,1.18,-15.72,2.02,-13.94,2.52,2.46"
"375.99,-4.09,-11.55,-3.50,-15.03,2.51,2.49"
"377.00,1.16,-10.28,-1.31,-6.38,2.52,2.47"
"378.01,0.77,-7.41,-1.72,-10.09,2.50,2.48"
"379.02,3.18,-9.66,-1.24,-9.63,2.52,2.48"
"380.02,-3.19,-12.27,-0.35,-12.38,2.52,2.48"
"381.04,1.77,-10.57,-0.72,-12.29,2.52,2.46"
"382.04,2.59,-10.35,2.89,-10.91,2.52,2.49"
"383.05,-0.30,-13.54,-1.43,-9.38,2.53,2.47"
"384.06,1.28,-8.88,0.03,-10.47,2.53,2.48"
"385.07,-1.32,-7.07,-3.48,-8.27,2.52,2.47"
"386.08,-0.56,-8.29,-0.37,-8.46,2.52,2.49"
"387.09,-2.19,-5.54,-3.03,-8.15,2.52,2.47"
"388.10,1.43,-7.68,0.93,-6.59,2.52,2.45"
"389.11,0.75,-9.54,-0.34,-9.71,2.52,2.47"
"390.12,2.58,-5.65,0.14,-10.11,2.52,2.48"
"391.13,1.35,-8.11,-0.23,-12.19,2.52,2.47"
"392.13,0.01,-16.15,1.02,-15.86,2.52,2.46"
"393.14,-0.12,-9.95,-0.10,-13.27,2.53,2.48"
"394.15,1.23,-7.94,1.65,-4.38,2.52,2.47"
"395.16,2.27,-12.59,1.56,-10.24,2.52,2.48"
"396.17,3.06,-12.59,-2.61,-11.85,2.50,2.49"
"397.18,-0.38,-10.02,0.25,-10.70,2.52,2.47"
"398.19,4.13,-7.03,1.45,-15.84,2.52,2.49"
"399.20,2.82,-8.72,1.09,-5.86,2.52,2.48"
"400.21,-0.96,-8.18,0.79,-5.02,2.53,2.47"
"401.22,4.28,-4.15,1.51,-10.49,2.52,2.48"
"402.23,1.55,-9.53,-0.04,-11.94,2.51,2.48"
"403.23,2.04,-10.48,-0.56,-9.60,2.51,2.47"
"404.24,-0.05,-10.66,1.39,-5.88,2.52,2.49"
"405.25,2.96,-9.89,3.09,-11.28,2.52,2.49"
"406.26,1.47,-12.44,0.82,-9.98,2.51,2.46"
"407.27,2.66,-9.00,1.92,-3.21,2.53,2.49"
"408.28,-1.70,-13.97,-2.37,-10.05,2.52,2.48"
"409.29,1.28,-6.71,3.50,-15.67,2.52,2.49"
"410.30,-0.42,-12.36,1.60,-10.23,2.53,2.47"
"411.31,2.63,-11.05,-4.17,-13.39,2.50,2.47"
"412.32,-2.79,-10.98,-0.75,-8.54,2.51,2.48"
"413.33,1.08,-10.19,0.19,-8.75,2.52,2.48"
"414.33,-3.76,-10.07,-1.00,-9.33,2.52,2.48"
"415.34,-2.85,-10.42,3.75,-5.27,2.51,2.47"
"416.35,1.26,-11.55,-1.91,-9.30,2.50,2.46"
"417.36,-1.49,-8.90,-2.04,-5.83,2.52,2.48"
"418.37,-0.94,-0.90,-0.12,-10.80,2.52,2.51"
"419.38,0.52,-8.60,-2.10,-8.05,2.52,2.47"
"420.39,-1.64,-8.03,0.05,-10.63,2.51,2.46"
"421.40,-0.61,-6.51,-2.85,-6.71,2.53,2.48"
"422.41,3.02,-10.76,3.10,-11.38,2.52,2.48"
"423.42,3.57,-12.21,-2.95,-10.43,2.50,2.50"
"424.42,1.22,-9.19,2.30,-7.59,2.53,2.49"
"425.44,-0.16,-10.18,-0.95,-9.21,2.52,2.48"
"426.44,3.31,-10.41,0.93,-14.32,2.51,2.48"
"427.45,0.21,-9.71,-0.29,-8.69,2.53,2.47"
"428.46,5.92,-6.17,4.48,-8.51,2.52,2.47"
"429.47,0.96,-10.54,0.39,-13.81,2.51,2.48"
"430.48,-0.85,-17.82,-3.09,-12.67,2.52,2.47"
"431.49,1.54,-15.29,1.87,-12.45,2.52,2.48"
"432.50,0.94,-8.52,0.11,-8.61,2.51,2.49"
"433.51,-0.95,-12.96,-0.30,-9.16,2.51,2.49"
"434.52,0.71,1.12,0.71,-4.01,2.51,2.47"
"435.52,0.34,-9.43,-0.23,-8.41,2.50,2.49"
"436.53,0.22,-6.81,-0.10,-7.30,2.53,2.50"
"437.54,0.34,-14.87,-1.67,-8.30,2.51,2.48"
"438.55,-1.47,-1.78,0.03,-1.67,2.50,2.48"
"439.56,-0.71,-15.63,-0.75,-9.57,2.52,2.48"
"440.57,0.76,-14.48,-0.40,-14.79,2.52,2.49"
"441.58,-3.78,-12.43,1.33,-3.68,2.53,2.49"
"442.59,2.78,-9.84,-0.02,-10.62,2.50,2.48"
"443.60,0.61,-6.22,0.55,-8.81,2.52,2.48"
"444.61,-1.16,-14.47,2.44,-9.24,2.51,2.48"
"445.62,-0.57,-15.90,-0.45,-10.13,2.51,2.48"
"446.63,0.64,-9.13,-1.13,-5.37,2.51,2.48"
"447.63,2.66,-10.78,-2.24,-14.22,2.52,2.48"
"448.64,3.25,-8.98,3.27,-5.95,2.52,2.49"
"449.65,-2.61,-11.85,-3.21,-10.60,2.51,2.47"
"450.66,3.41,-9.33,3.56,-12.49,2.50,2.47"
"451.67,1.47,-13.33,-0.26,-10.99,2.51,2.48"
"452.68,-2.26,-13.67,-0.82,-13.58,2.52,2.49"
"453.69,-0.10,-7.12,-0.11,-6.94,2.50,2.49"
"454.70,1.54,-11.13,-0.68,-9.76,2.50,2.48"
"455.71,0.45,-10.82,0.15,-9.93,2.51,2.51"
"456.72,0.44,-2.99,0.86,-7.69,2.50,2.49"
"457.72,-1.44,-11.71,-0.65,-12.88,2.50,2.47"
"458.73,0.77,-10.31,1.64,-8.55,2.54,2.46"
"459.74,0.45,-10.96,1.51,-7.07,2.51,2.47"
"460.75,1.02,-10.18,3.11,-10.19,2.52,2.49"
"461.76,0.89,-11.98,-1.30,-11.07,2.51,2.48"
"462.77,-0.72,-9.60,0.94,-5.90,2.51,2.50"
"463.78,0.88,-9.45,0.36,-11.17,2.50,2.48"
"464.79,2.67,-5.21,1.05,-7.65,2.53,2.49"
"465.80,-1.86,-5.75,-2.10,-10.50,2.51,2.48"
"466.81,-0.26,-8.05,-1.52,-9.67,2.52,2.48"
"467.82,0.08,-9.33,1.13,-8.19,2.51,2.49"
"468.83,4.88,-8.44,3.39,-12.44,2.49,2.48"
"469.83,-2.27,-10.33,-1.47,-11.97,2.53,2.48"
"470.84,2.36,-7.99,1.38,-10.61,2.51,2.48"
"471.85,3.71,-5.78,0.71,-9.20,2.52,2.49"
"472.86,-4.10,-9.13,-3.32,-12.64,2.53,2.49"
"473.87,-0.67,-11.34,-2.49,-9.02,2.52,2.46"
"474.88,0.20,-11.67,-2.95,-10.53,2.51,2.47"
"475.89,2.40,-9.30,0.98,-7.82,2.51,2.49"
"476.90,2.56,-10.13,-0.86,-8.83,2.51,2.48"
"477.91,1.89,-9.19,0.23,-9.42,2.49,2.49"
"478.92,-0.20,-8.59,0.08,-8.03,2.52,2.47"
"479.92,4.07,-9.33,1.63,-7.07,2.52,2.49"
"480.93,0.18,-4.45,-1.70,-8.03,2.52,2.48"
"481.94,-0.92,-12.26,-1.59,-15.33,2.51,2.49"
"482.95,0.88,-5.40,1.92,-11.97,2.50,2.47"
"483.96,1.33,-9.77,1.61,-8.86,2.52,2.48"
"484.97,0.74,-8.59,-3.33,-15.38,2.50,2.49"
"485.98,0.27,-6.34,1.59,-10.67,2.51,2.49"
"486.99,0.96,-9.66,0.24,-8.49,2.51,2.47"
"488.00,3.72,-5.82,-2.93,-9.09,2.51,2.49"
"489.01,1.08,-15.88,-3.32,-11.14,2.51,2.47"
"490.02,1.26,-7.14,3.06,-10.08,2.51,2.48"
"491.02,2.89,-8.45,4.85,-11.32,2.52,2.46"
"492.03,-0.06,-8.35,1.54,-9.17,2.52,2.50"
"493.04,4.21,-5.83,2.87,-12.63,2.52,2.49"
"494.05,2.38,-10.82,2.79,-12.08,2.50,2.49"
"495.06,-3.11,-10.41,1.98,-6.92,2.52,2.47"
"496.07,2.46,-8.51,-1.14,-10.88,2.51,2.48"
"497.08,-0.54,-10.44,-0.24,-7.91,2.51,2.49"
"498.09,-0.19,-7.40,0.86,-10.06,2.49,2.48"
"499.10,-0.39,-7.63,-1.96,-9.11,2.51,2.47"
"500.11,0.92,-5.44,-1.00,-5.72,2.51,2.49"
"501.11,2.47,-8.39,1.13,-14.06,2.51,2.48"
"502.12,2.29,-8.70,-0.08,-10.21,2.53,2.48"
"503.13,1.66,-11.41,-1.67,-13.04,2.51,2.48"
"504.14,1.91,-6.82,2.03,-10.58,2.52,2.49"
"505.15,1.64,-9.08,-1.55,-11.78,2.51,2.48"
"506.16,0.30,-10.68,-1.01,-13.89,2.50,2.47"
"507.17,-4.23,-13.77,-4.13,-5.87,2.52,2.46"
"508.18,0.32,-9.56,-1.84,-9.42,2.53,2.48"
"509.19,2.83,-7.04,1.84,-8.10,2.52,2.49"
"510.20,1.57,-10.33,-1.91,-12.28,2.50,2.50"
"511.21,2.89,-6.22,1.76,-11.18,2.51,2.48"
"512.22,1.81,-11.71,1.62,-9.11,2.51,2.48"
"513.22,2.69,-7.18,-0.57,-12.70,2.50,2.49"
"514.23,1.23,-8.93,1.49,-8.86,2.52,2.49"
"515.24,-1.05,-9.69,-0.35,-11.04,2.52,2.48"
"516.25,0.35,-6.36,-0.64,-9.95,2.49,2.48"
"517.26,-1.04,-8.20,-2.69,-8.14,2.52,2.48"
"518.27,-1.71,-10.45,-0.93,-8.40,2.51,2.48"
"519.28,0.93,-4.18,-0.73,-9.40,2.51,2.49"
"520.29,0.77,-10.81,-0.37,-5.83,2.53,2.48"
"521.30,0.91,-10.10,-0.15,-7.75,2.50,2.48"
"522.30,-0.68,-6.90,1.50,-5.34,2.52,2.48"
"523.32,0.75,-10.83,-0.59,-12.85,2.52,2.48"
"524.32,-1.18,-13.57,-2.04,-5.86,2.50,2.48"
"525.33,1.08,-13.36,-1.23,-12.15,2.51,2.48"
"526.34,1.52,-5.49,1.21,-3.88,2.51,2.48"
"527.35,0.26,-7.49,0.69,-8.98,2.50,2.48"
"528.36,1.54,-10.02,0.89,-8.36,2.51,2.48"
"529.37,6.51,-6.62,3.48,-10.99,2.52,2.49"
"530.38,0.84,-9.73,-0.25,-10.57,2.52,2.50"
"531.39,-1.37,-7.89,-1.68,-9.44,2.51,2.49"
"532.40,1.47,-3.66,1.58,-10.51,2.51,2.48"
"533.41,1.37,-14.06,-3.63,-11.51,2.52,2.49"
"534.41,2.79,-4.16,2.92,-6.01,2.52,2.47"
"535.42,2.15,-6.47,-2.95,-10.76,2.51,2.49"
"536.43,2.88,-9.02,2.52,-5.65,2.52,2.47"
"537.44,1.08,-15.83,0.45,-10.36,2.50,2.50"
"538.45,2.07,-8.97,-4.50,-13.52,2.50,2.47"
"539.46,0.04,-14.16,0.95,-14.14,2.52,2.49"
"540.47,5.02,-10.44,3.71,-11.68,2.51,2.48"
"541.48,2.92,-11.54,1.19,-9.39,2.51,2.48"
"542.49,3.37,-6.61,0.76,-6.64,2.52,2.50"
"543.50,-1.16,-17.67,-1.08,-8.72,2.52,2.49"
"544.51,-0.23,-8.12,-1.09,-10.90,2.52,2.49"
"545.51,3.01,-12.79,0.28,-8.68,2.51,2.48"
"546.52,2.21,-8.58,2.58,-12.81,2.52,2.49"
"547.53,-1.30,-12.11,0.46,-8.09,2.53,2.49"
"548.54,0.72,-8.08,-0.75,-8.55,2.51,2.48"
"549.55,3.17,-10.45,3.03,-9.58,2.51,2.48"
"550.56,3.12,-6.73,2.08,-13.21,2.50,2.49"
"551.57,0.55,-8.24,-1.58,-8.34,2.51,2.49"
"552.58,0.47,-11.73,1.98,-8.72,2.52,2.47"
"553.59,0.34,-8.29,-0.53,-9.69,2.50,2.49"
"554.60,0.74,-10.14,2.36,-10.45,2.51,2.49"
"555.60,0.07,-12.29,0.17,-13.29,2.49,2.49"
"556.61,-1.00,-8.62,-3.28,-9.34,2.51,2.48"
"557.62,-1.31,-5.80,-0.74,-8.23,2.52,2.48"
"558.63,4.29,-9.09,-0.12,-9.57,2.53,2.49"
"559.64,-2.30,-5.88,1.47,-4.23,2.51,2.49"
"560.65,-4.96,-6.62,-3.69,-7.81,2.52,2.49"
"561.66,1.57,-9.89,1.64,-8.49,2.52,2.48"
"562.67,-1.87,-8.24,-0.33,-6.70,2.50,2.49"
"563.68,-1.32,-9.26,-2.44,-11.10,2.51,2.47"
"564.69,-0.14,-15.13,-1.37,-13.01,2.51,2.49"
"565.70,-0.64,-10.27,0.58,-11.82,2.52,2.48"
"566.71,2.13,-9.02,-0.07,-14.12,2.52,2.49"
"567.71,-0.95,-15.36,-0.13,-11.36,2.53,2.48"
"568.72,1.45,-13.02,1.25,-11.55,2.51,2.50"
"569.73,0.23,-6.17,0.34,-8.03,2.51,2.48"
"570.74,0.96,-10.15,1.04,-5.90,2.51,2.48"
"571.75,-0.29,-11.04,0.59,-15.06,2.51,2.49"
"572.76,3.18,-9.47,0.43,-13.32,2.52,2.49"
"573.77,4.65,-13.86,5.82,-8.72,2.51,2.48"
"574.78,-4.62,-10.95,-4.58,-8.64,2.52,2.47"
"575.79,-1.73,-6.34,-3.78,-10.71,2.51,2.50"
"576.79,6.82,-5.88,6.97,-4.09,2.50,2.50"
"577.80,-2.05,-11.99,-3.41,-17.60,2.51,2.48"
"578.81,0.09,-12.20,1.00,-13.27,2.50,2.47"
"579.82,-1.94,-11.29,-2.63,-7.25,2.52,2.48"
"580.83,2.28,-5.57,-1.69,-7.53,2.50,2.48"
"581.84,-0.49,-7.62,0.58,-17.06,2.51,2.49"
"582.85,-0.49,-9.38,-2.83,-8.80,2.51,2.48"
"583.86,5.53,-16.46,5.43,-12.59,2.52,2.49"
"584.87,2.08,-14.78,2.07,-12.62,2.50,2.46"
"585.88,3.64,-9.38,0.96,-13.25,2.51,2.50"
"586.89,1.13,-8.20,2.93,-4.79,2.52,2.48"
"587.90,1.80,-10.01,-0.51,-9.80,2.51,2.49"
"588.91,1.73,-10.23,2.28,-21.06,2.50,2.48"
"589.91,-1.23,-8.96,-0.97,-8.01,2.50,2.48"
"590.92,-2.47,-12.23,-0.22,-8.55,2.51,2.48"
"591.93,0.74,-4.11,-0.96,-4.38,2.51,2.48"
"592.94,1.64,-11.21,2.21,-9.42,2.51,2.47"
"593.95,-4.03,-10.05,-3.70,-10.23,2.52,2.49"
"594.96,8.35,-14.75,5.44,-18.34,2.51,2.48"
"595.97,-1.53,-13.92,-2.22,-8.73,2.50,2.48"
"596.98,-3.12,-14.04,-3.95,-8.95,2.51,2.47"
"597.99,4.60,-11.53,1.44,-19.00,2.51,2.48"
"599.00,0.44,-11.16,-1.51,-8.72,2.50,2.47"
"600.00,-2.44,-11.72,-0.50,-12.38,2.50,2.48"
"601.01,0.58,-2.83,-0.16,-12.16,2.49,2.47"
"602.02,1.83,-10.23,0.21,-11.99,2.51,2.46"
"603.03,1.13,-8.71,-2.65,-9.99,2.51,2.48"
"604.04,-2.51,-9.66,-1.33,-8.46,2.51,2.47"
"605.05,0.81,-10.16,3.44,-7.34,2.52,2.48"
"606.06,-0.31,-8.32,-1.87,-9.92,2.50,2.48"
"607.07,-2.97,-16.00,-5.05,-13.39,2.50,2.47"
"608.08,2.11,-10.98,0.71,-9.16,2.50,2.48"
"609.09,0.53,-8.50,0.54,-8.80,2.53,2.48"
"610.10,-2.78,-8.41,-5.68,-9.42,2.50,2.48"
"611.10,3.51,-8.91,0.98,-12.71,2.50,2.48"
"612.11,-0.31,-10.31,-1.54,-6.68,2.51,2.48"
"613.12,0.29,-8.24,-0.09,-9.01,2.51,2.50"
"614.13,1.94,-7.28,1.64,-5.92,2.51,2.48"
"615.14,3.88,-7.27,4.21,-6.87,2.53,2.47"
"616.15,0.07,-12.21,-1.42,-8.10,2.51,2.48"
"617.16,5.31,-10.16,7.17,-7.64,2.54,2.48"
"618.17,1.62,-10.55,-1.77,-13.13,2.51,2.48"
"619.18,0.02,-14.63,-4.42,-10.45,2.52,2.48"
"620.19,-0.66,-10.89,-2.71,-10.57,2.51,2.48"
"621.20,0.27,-12.23,-5.55,-9.08,2.50,2.47"
"622.20,-0.31,-13.49,-2.23,-7.37,2.52,2.48"
"623.21,1.57,-15.42,1.40,-13.10,2.50,2.51"
"624.22,-0.40,-8.04,-1.32,-13.19,2.51,2.48"
"625.23,-3.55,-12.30,-2.17,-7.40,2.51,2.49"
"626.24,3.29,-10.82,0.89,-14.31,2.50,2.48"
"627.25,-5.60,-10.75,-4.93,-8.62,2.50,2.46"
"628.26,0.78,-9.09,-4.11,-10.46,2.51,2.48"
"629.27,-1.37,-14.84,-0.91,-12.09,2.51,2.49"
"630.28,0.49,-7.00,4.06,-5.16,2.50,2.48"
"631.29,0.28,-10.23,0.58,-6.61,2.50,2.47"
"632.29,0.58,-11.21,-2.65,-12.67,2.49,2.48"
"633.30,0.27,-13.49,-0.46,-12.23,2.51,2.48"
"634.31,1.61,-13.81,0.13,-9.00,2.52,2.48"
"635.32,1.28,-11.18,-1.48,-2.44,2.51,2.49"
"636.33,-0.93,-11.65,-3.39,-8.65,2.51,2.47"
"637.34,1.29,-12.70,-1.23,-12.49,2.51,2.47"
"638.35,1.32,-11.26,3.30,-9.13,2.52,2.49"
"639.36,0.52,-7.26,-1.23,-7.33,2.53,2.50"
"640.37,-1.34,-12.25,0.36,-11.16,2.51,2.48"
"641.38,-0.85,-14.28,-0.04,-8.08,2.51,2.46"
"642.39,1.15,-7.26,1.45,-10.06,2.51,2.48"
"643.40,5.61,-7.65,3.44,-7.96,2.51,2.48"
"644.41,-1.07,-4.13,-0.32,-10.40,2.51,2.48"
"645.41,4.73,-8.12,1.73,-12.89,2.51,2.50"
"646.42,-0.10,-4.40,-4.87,-6.55,2.54,2.49"
"647.43,1.23,-5.95,0.91,-15.60,2.49,2.48"
"648.44,0.52,-11.09,-1.97,-16.01,2.50,2.49"
"649.45,4.28,-12.12,3.57,-12.90,2.51,2.49"
"650.46,-0.23,-11.98,-0.47,-8.18,2.51,2.48"
"651.47,-1.43,-10.45,1.33,-8.80,2.50,2.48"
"652.48,3.56,-11.06,1.43,-16.60,2.51,2.47"
"653.49,-4.20,-8.17,-6.83,-7.88,2.51,2.48"
"654.50,2.64,-7.75,6.60,-7.97,2.51,2.48"
"655.50,0.98,-5.20,0.31,-11.37,2.51,2.49"
"656.51,3.77,-3.86,-1.14,-4.38,2.51,2.49"
"657.52,0.19,-9.51,-1.19,-11.96,2.50,2.47"
"658.53,2.47,-5.31,3.18,-10.53,2.51,2.49"
"659.54,2.87,-10.46,-4.08,-5.34,2.49,2.48"
"660.55,2.64,-6.58,3.80,-7.11,2.53,2.49"
"661.56,5.29,-14.65,1.92,-20.84,2.52,2.49"
"662.57,-1.43,-8.94,-0.97,-10.75,2.51,2.48"
"663.58,-0.07,-8.82,-2.18,-5.29,2.52,2.49"
"664.59,1.53,-12.28,-1.16,-10.97,2.53,2.48"
"665.59,1.17,-10.61,-0.17,-10.32,2.50,2.49"
"666.60,1.34,-9.98,0.11,-10.09,2.51,2.48"
"667.61,0.67,-10.44,-0.06,-9.94,2.50,2.49"
"668.62,0.73,-9.77,-0.02,-9.86,2.50,2.49"
"669.63,0.65,-9.63,-0.07,-9.76,2.51,2.48"
"670.64,0.65,-9.71,-0.06,-9.72,2.51,2.48"
"671.65,0.68,-9.73,-0.04,-9.67,2.50,2.47"
"672.66,0.64,-9.72,-0.06,-9.80,2.51,2.47"
"673.67,0.71,-9.69,-0.01,-9.74,2.51,2.49"
"674.68,0.74,-9.81,-0.07,-9.81,2.52,2.49"
