"0.62,2.61,-38.38,-0.12,-9.84,2.53,2.49"
"1.63,0.45,-10.06,-0.06,-9.61,2.52,2.50"
"2.64,0.72,-9.67,0.04,-10.04,2.53,2.50"
"3.65,0.39,-10.11,0.00,-9.17,2.52,2.48"
"4.66,0.38,-9.74,-0.22,-9.75,2.52,2.49"
"5.66,0.66,-10.23,0.37,-8.29,2.51,2.49"
"6.67,0.51,-10.13,-0.19,-9.22,2.52,2.49"
"7.68,0.13,-9.99,-0.01,-8.99,2.52,2.49"
"8.69,0.03,-9.17,-0.27,-9.76,2.52,2.48"
"9.70,0.46,-10.79,-0.28,-9.48,2.53,2.48"
"10.71,0.76,-9.75,-0.12,-10.04,2.53,2.48"
"11.72,0.55,-10.34,-0.20,-9.53,2.53,2.50"
"12.73,0.42,-9.67,-0.12,-10.13,2.52,2.48"
"13.73,0.69,-8.06,0.28,-10.24,2.53,2.49"
"14.74,0.05,-9.74,-0.16,-10.43,2.52,2.50"
"15.75,0.63,-9.57,-0.03,-9.81,2.52,2.49"
"16.76,0.70,-9.66,0.01,-9.81,2.52,2.48"
"17.77,0.72,-9.58,0.01,-9.80,2.52,2.49"
"18.78,0.64,-9.73,-0.04,-9.79,2.53,2.50"
"19.79,0.63,-9.63,-0.07,-9.78,2.52,2.49"
"20.80,0.65,-10.35,0.08,-10.12,2.53,2.48"
"21.81,1.37,-6.31,0.43,-9.01,2.51,2.50"
"22.82,1.50,-6.84,-0.55,-7.78,2.53,2.50"
"23.82,-0.78,-11.63,0.12,-11.35,2.52,2.49"
"24.83,2.47,-8.01,0.27,-11.95,2.52,2.49"
"25.84,0.51,-10.01,1.32,-9.85,2.53,2.50"
"26.85,-0.45,-5.80,-0.95,-10.52,2.50,2.49"
"27.86,-0.61,-7.95,-0.46,-10.47,2.52,2.50"
"28.87,-1.09,-4.88,-1.39,-3.87,2.52,2.50"
"29.88,-1.21,-11.08,-0.79,-6.93,2.52,2.50"
"30.89,1.39,-14.70,0.90,-16.83,2.51,2.51"
"31.90,3.30,-6.15,0.66,-8.35,2.51,2.49"
"32.91,2.58,-11.80,0.06,-13.75,2.53,2.50"
"33.92,0.68,-12.44,-1.90,-13.46,2.52,2.49"
"34.92,1.10,-11.49,-0.97,-10.71,2.52,2.50"
"35.93,-0.26,-8.11,-2.27,-10.13,2.52,2.49"
"36.94,0.60,-8.32,-0.13,-11.49,2.49,2.49"
"37.95,3.74,-4.04,1.55,-4.22,2.52,2.49"
"38.96,1.24,-7.09,-0.40,-8.18,2.51,2.50"
"39.97,1.11,-11.92,-0.32,-8.69,2.52,2.48"
"40.98,-1.35,-12.39,-0.30,-7.92,2.52,2.49"
"41.99,0.44,-8.19,-0.13,-10.10,2.53,2.50"
"43.00,1.68,-6.85,0.55,-9.71,2.51,2.48"
"44.01,1.77,-9.54,0.31,-8.37,2.51,2.49"
"45.02,-0.63,-12.24,-0.97,-8.96,2.52,2.50"
"46.02,0.12,-10.60,0.65,-10.11,2.51,2.50"
"47.03,0.35,-7.31,0.73,-10.23,2.52,2.50"
"48.04,1.12,-10.46,-0.50,-12.82,2.52,2.50"
"49.05,1.22,-10.46,-0.90,-7.62,2.52,2.49"
"50.06,0.81,-10.93,0.82,-10.88,2.52,2.50"
"51.07,1.80,-8.57,0.52,-9.83,2.51,2.48"
"52.08,-0.36,-8.99,-0.11,-8.99,2.51,2.49"
"53.09,1.33,-8.55,0.19,-10.40,2.52,2.48"
"54.10,0.45,-8.99,-0.65,-9.25,2.51,2.48"
"55.11,0.65,-7.04,0.55,-9.22,2.51,2.49"
"56.11,1.39,-7.37,-0.21,-9.11,2.51,2.48"
"57.12,0.68,-8.83,-0.68,-8.33,2.51,2.48"
"58.13,-0.77,-16.30,-1.02,-13.93,2.52,2.50"
"59.14,-0.28,-8.35,-1.13,-10.75,2.52,2.49"
"60.15,0.51,-10.04,-0.78,-9.24,2.51,2.49"
"61.16,0.85,-10.35,-0.09,-9.01,2.51,2.48"
"62.17,0.68,-9.70,0.29,-9.09,2.52,2.50"
"63.18,0.50,-9.16,0.55,-10.21,2.51,2.50"
"64.19,-0.67,-8.70,-1.35,-6.33,2.52,2.48"
"65.19,2.01,-8.24,-0.20,-8.35,2.51,2.49"
"66.20,1.93,-10.60,-0.07,-9.38,2.51,2.49"
"67.21,0.92,-7.82,0.61,-10.43,2.52,2.48"
"68.22,1.04,-9.27,-2.63,-7.17,2.52,2.51"
"69.23,0.66,-11.82,-0.74,-10.08,2.51,2.48"
"70.24,1.88,-11.11,-0.75,-10.87,2.52,2.50"
"71.25,1.14,-10.98,-0.56,-10.21,2.52,2.49"
"72.26,0.97,-9.91,1.12,-11.00,2.53,2.48"
"73.27,1.05,-8.95,0.16,-7.50,2.52,2.49"
"74.28,-0.34,-8.77,0.97,-8.51,2.51,2.49"
"75.29,1.75,-11.28,-0.50,-10.33,2.52,2.49"
"76.29,0.43,-8.89,0.22,-7.91,2.52,2.47"
"77.30,1.01,-9.01,0.51,-8.66,2.52,2.51"
"78.31,2.26,-10.53,-0.05,-11.03,2.52,2.47"
"79.32,2.07,-10.57,-0.29,-9.09,2.51,2.48"
"80.33,0.22,-9.35,-1.41,-13.47,2.52,2.47"
"81.34,2.42,-12.09,0.45,-11.24,2.51,2.49"
"82.35,0.90,-11.93,0.28,-9.63,2.52,2.49"
"83.36,-0.53,-10.27,-0.46,-9.75,2.55,2.50"
"84.37,1.49,-13.14,-0.81,-14.26,2.51,2.50"
"85.38,-0.62,-9.88,1.49,-13.08,2.53,2.49"
"86.38,1.45,-5.00,1.83,-7.75,2.53,2.49"
"87.39,5.73,-8.89,2.57,-10.26,2.52,2.50"
"88.40,1.01,-8.26,-1.85,-12.84,2.50,2.49"
"89.41,0.59,-9.27,1.19,-6.35,2.51,2.49"
"90.42,0.81,-10.62,-1.03,-8.58,2.52,2.50"
"91.43,1.97,-14.63,-1.77,-7.40,2.51,2.49"
"92.44,3.33,-6.97,3.89,-7.30,2.52,2.49"
"93.45,3.10,-9.91,3.24,-15.85,2.51,2.48"
"94.46,1.22,-12.28,-1.96,-9.44,2.52,2.50"
"95.47,2.47,-10.63,1.81,-13.90,2.51,2.48"
"96.47,-2.36,-11.09,-1.98,-3.78,2.52,2.50"
"97.48,0.83,-10.68,1.92,-6.98,2.51,2.50"
"98.49,2.03,-7.09,-0.09,-10.29,2.51,2.49"
"99.50,0.28,-9.63,-0.49,-8.91,2.52,2.48"
"100.51,1.96,-7.84,1.15,-10.34,2.51,2.50"
"101.52,0.03,-12.09,-1.43,-9.67,2.51,2.49"
"102.53,0.43,-11.30,-0.23,-13.61,2.49,2.51"
"103.54,-0.70,-10.42,-2.54,-11.42,2.49,2.49"
"104.55,3.00,-8.71,-0.61,-7.92,2.51,2.49"
"105.56,-1.30,-8.73,-2.80,-11.70,2.50,2.49"
"106.56,-2.88,-5.35,-1.63,-9.33,2.52,2.52"
"107.57,-1.58,-10.37,-1.52,-14.60,2.50,2.49"
"108.58,1.50,-10.92,-0.46,-14.31,2.50,2.48"
"109.59,1.60,-12.49,-0.47,-12.82,2.50,2.51"
"110.60,0.87,-13.33,-1.77,-10.12,2.52,2.50"
"111.61,1.75,-7.89,2.93,-7.55,2.52,2.49"
"112.62,0.91,-4.85,0.10,-8.20,2.52,2.49"
"113.63,0.48,-11.85,-1.85,-7.38,2.51,2.50"
"114.64,-0.00,-6.57,0.96,-7.97,2.51,2.49"
"115.65,0.44,-10.62,-0.06,-10.93,2.52,2.50"
"116.66,-0.77,-10.23,-1.29,-6.46,2.52,2.49"
"117.66,-0.13,-11.38,0.67,-12.24,2.51,2.49"
"118.67,2.20,-6.52,1.61,-9.07,2.51,2.50"
"119.68,1.43,-5.54,1.18,-5.94,2.50,2.49"
"120.69,-1.23,-8.67,-2.23,-14.10,2.51,2.51"
"121.70,3.39,-12.48,2.55,-11.03,2.51,2.50"
"122.71,-0.44,-6.54,0.72,-8.02,2.51,2.48"
"123.72,0.20,-6.52,3.09,-8.47,2.52,2.50"
"124.73,1.19,-11.43,0.04,-16.02,2.50,2.50"
"125.74,0.49,-9.47,0.33,-8.43,2.52,2.49"
"126.75,-0.70,-8.25,-0.11,-6.74,2.50,2.48"
"127.76,-1.39,-9.13,-0.19,-6.87,2.51,2.48"
"128.76,0.08,-9.89,-2.50,-8.22,2.51,2.48"
"129.77,0.65,-8.84,-2.21,-9.85,2.51,2.49"
"130.78,-0.22,-9.66,1.93,-8.83,2.52,2.50"
"131.79,2.61,-7.34,-1.32,-13.19,2.51,2.49"
"132.80,-1.44,-5.27,-1.10,-7.25,2.51,2.50"
"133.81,1.39,-9.89,-1.06,-10.79,2.52,2.50"
"134.82,0.97,-10.65,-0.53,-9.85,2.51,2.48"
"135.83,-0.71,-10.23,1.56,-8.42,2.52,2.50"
"136.84,1.09,-10.50,0.11,-11.25,2.52,2.52"
"137.85,-0.32,-7.31,-2.20,-10.21,2.52,2.48"
"138.86,0.25,-11.35,-1.08,-11.98,2.50,2.49"
"139.87,-0.69,-8.95,0.95,-11.26,2.51,2.50"
"140.87,1.26,-10.42,-0.03,-10.57,2.51,2.49"
"141.88,-0.46,-11.23,-0.48,-7.35,2.51,2.48"
"142.89,2.02,-12.25,1.29,-10.27,2.51,2.51"
"143.90,2.15,-5.90,1.18,-11.65,2.51,2.50"
"144.91,0.19,-9.52,2.13,-5.03,2.52,2.48"
"145.92,0.24,-8.40,-0.90,-9.00,2.50,2.49"
"146.93,0.55,-12.62,0.81,-13.10,2.52,2.51"
"147.94,3.27,-7.98,2.18,-11.80,2.50,2.49"
"148.95,-0.59,-6.27,0.01,-6.12,2.50,2.48"
"149.96,-0.52,-10.75,-0.78,-11.33,2.50,2.49"
"150.97,1.24,-9.13,1.14,-12.25,2.51,2.50"
"151.97,1.49,-5.36,-0.47,-7.47,2.50,2.50"
"152.98,0.36,-8.67,0.55,-8.49,2.51,2.50"
"153.99,-1.20,-6.51,-0.20,-5.19,2.50,2.50"
"155.00,0.18,-7.06,-1.16,-7.31,2.51,2.49"
"156.01,1.68,-8.53,-0.92,-7.63,2.51,2.50"
"157.02,1.50,-5.88,-0.96,-11.65,2.50,2.50"
"158.03,1.36,-5.96,0.55,-10.30,2.51,2.51"
"159.04,-0.58,-10.89,0.05,-9.51,2.51,2.51"
"160.05,2.55,-5.57,-1.53,-10.64,2.50,2.50"
"161.05,1.95,-9.54,1.98,-10.66,2.50,2.50"
"162.06,-0.18,-6.27,1.85,-5.04,2.50,2.49"
"163.07,1.48,-10.09,0.29,-11.61,2.51,2.48"
"164.08,-0.37,-14.29,0.01,-12.00,2.50,2.50"
"165.09,-1.23,-9.51,-1.80,-8.48,2.51,2.50"
"166.10,0.87,-8.84,-1.24,-8.68,2.50,2.49"
"167.11,-0.72,-11.17,-1.82,-9.42,2.53,2.52"
"168.12,-1.10,-7.33,-0.10,-4.87,2.47,2.50"
"169.13,1.78,-10.92,1.41,-10.40,2.51,2.49"
"170.14,4.14,-11.48,2.30,-12.91,2.51,2.49"
"171.15,3.13,-3.07,1.64,-8.54,2.48,2.49"
"172.15,-3.39,-10.78,-1.91,-6.48,2.51,2.50"
"173.16,-0.66,-4.75,-1.96,-10.12,2.50,2.51"
"174.17,-0.26,-7.71,-1.49,-9.36,2.50,2.49"
"175.18,0.03,-6.35,2.47,-11.91,2.53,2.50"
"176.19,3.17,-8.64,1.69,-11.63,2.53,2.49"
"177.20,2.11,-10.56,1.68,-7.62,2.50,2.50"
"178.21,0.17,-6.50,-0.24,-7.57,2.50,2.50"
"179.22,2.79,-7.18,3.38,-7.96,2.51,2.48"
"180.23,1.51,-10.30,0.78,-8.88,2.51,2.48"
"181.24,1.05,-9.25,0.84,-7.41,2.49,2.48"
"182.25,-0.55,-6.46,-0.48,-9.28,2.51,2.49"
"183.26,-0.52,-0.93,-0.35,-7.31,2.49,2.49"
"184.26,1.43,-13.23,1.21,-13.29,2.49,2.48"
"185.27,-0.77,-10.91,-0.76,-12.23,2.50,2.49"
"186.28,-1.38,-10.74,-2.17,-11.91,2.50,2.50"
"187.29,1.68,-12.46,0.72,-7.17,2.51,2.50"
"188.30,2.82,-7.95,1.56,-8.15,2.51,2.49"
"189.31,-0.44,-10.64,-3.29,-13.40,2.51,2.49"
"190.32,0.08,-7.71,0.57,-8.62,2.50,2.50"
"191.33,1.07,-4.68,0.87,-7.47,2.50,2.49"
"192.34,0.63,-9.64,0.08,-8.29,2.51,2.50"
"193.35,1.08,-10.50,0.37,-7.59,2.51,2.49"
"194.35,-0.23,-14.82,2.40,-12.51,2.50,2.48"
"195.36,-0.47,-10.68,-0.77,-9.90,2.49,2.49"
"196.37,-0.96,-14.99,-1.30,-11.37,2.51,2.48"
"197.38,-1.01,-6.15,-2.33,-8.29,2.50,2.48"
"198.39,-1.02,-9.88,-1.55,-11.16,2.50,2.49"
"199.40,2.50,-8.60,1.36,-10.50,2.50,2.50"
"200.41,2.04,-9.50,0.57,-13.20,2.50,2.50"
"201.42,-2.55,-8.53,-2.42,-9.88,2.50,2.49"
"202.43,0.44,-10.95,-0.75,-6.92,2.49,2.48"
"203.44,-0.23,-16.72,-2.24,-8.34,2.51,2.50"
"204.45,-0.77,-10.84,-1.60,-9.33,2.50,2.49"
"205.45,-0.31,-7.81,-0.76,-6.37,2.51,2.49"
"206.46,-0.72,-14.63,-0.70,-6.68,2.50,2.50"
"207.47,-2.83,-10.10,-2.53,-9.50,2.51,2.49"
"208.48,2.53,-10.15,1.90,-11.12,2.51,2.49"
"209.49,-0.44,-7.98,1.00,-10.14,2.49,2.48"
"210.50,1.42,-10.48,1.24,-10.56,2.50,2.47"
"211.51,-1.03,-6.64,2.32,-5.51,2.50,2.49"
"212.52,0.12,-9.27,-1.12,-10.19,2.51,2.49"
"213.53,-2.38,-9.39,-1.73,-4.26,2.50,2.50"
"214.54,0.13,-10.82,-1.91,-13.91,2.51,2.49"
"215.54,0.45,-9.29,-1.04,-7.07,2.51,2.49"
"216.55,0.60,-14.36,1.86,-15.70,2.50,2.46"
"217.56,2.08,-10.65,-1.01,-13.61,2.51,2.49"
"218.57,1.66,-8.17,-0.39,-10.25,2.49,2.47"
"219.58,0.43,-12.28,-2.13,-10.88,2.49,2.49"
"220.59,0.68,-9.19,-1.39,-13.42,2.49,2.50"
"221.60,2.64,-13.35,0.23,-15.39,2.49,2.47"
"222.61,0.17,-14.13,-1.28,-10.65,2.49,2.50"
"223.62,-1.88,-6.27,-0.40,-9.48,2.50,2.48"
"224.63,2.81,-2.79,1.94,-6.50,2.51,2.48"
"225.64,-1.01,-12.95,-0.53,-13.12,2.50,2.47"
"226.64,-0.16,-11.69,-1.53,-12.01,2.51,2.48"
"227.65,3.28,-8.83,-0.06,-7.90,2.51,2.48"
"228.66,1.77,-8.09,2.00,-10.93,2.51,2.48"
"229.67,-0.72,-7.23,-1.23,-4.78,2.44,2.44"
"230.68,0.94,-8.42,-1.21,-10.59,2.50,2.49"
"231.69,-1.63,-12.29,-1.76,-12.51,2.51,2.49"
"232.70,-1.33,-11.68,-2.22,-8.29,2.51,2.48"
"233.71,-0.95,-12.25,-0.32,-9.52,2.48,2.47"
"234.72,1.13,-9.19,-2.52,-14.06,2.50,2.48"
"235.73,1.78,-10.26,-0.27,-10.03,2.50,2.47"
"236.74,3.38,-12.07,2.89,-11.27,2.51,2.49"
"237.75,2.05,-7.95,1.12,-7.74,2.50,2.47"
"238.75,-1.45,-9.57,-0.72,-7.44,2.52,2.47"
"239.76,-0.80,-10.13,1.46,-4.39,2.52,2.49"
"240.77,-0.07,-9.95,-2.56,-4.41,2.49,2.47"
"241.78,2.41,-5.53,0.45,-8.03,2.50,2.48"
"242.79,3.82,-8.47,0.87,-7.34,2.50,2.47"
"243.80,0.64,-3.22,1.13,-6.84,2.50,2.48"
"244.81,-1.02,-5.50,0.48,-5.96,2.50,2.48"
"245.82,1.60,-5.17,1.48,-7.54,2.50,2.48"
"246.83,3.24,-8.66,-0.12,-6.42,2.50,2.46"
"247.84,2.50,-13.00,-0.06,-9.82,2.48,2.47"
"248.84,2.14,-9.97,-0.12,-10.64,2.49,2.49"
"249.85,0.68,-8.74,0.04,-7.15,2.52,2.48"
"250.86,1.87,-7.07,0.41,-9.89,2.50,2.48"
"251.87,-4.41,-11.39,-4.24,-10.51,2.50,2.48"
"252.88,1.25,-13.01,0.72,-10.52,2.50,2.49"
"253.89,3.65,-5.50,0.86,-11.04,2.51,2.47"
"254.90,1.52,-12.73,0.41,-3.98,2.50,2.47"
"255.91,0.18,-11.46,-0.35,-12.10,2.50,2.48"
"256.92,-0.69,-9.50,-1.66,-9.39,2.51,2.49"
"257.93,1.13,-4.78,-0.28,-13.80,2.51,2.49"
"258.93,0.13,-13.66,1.31,-9.56,2.52,2.48"
"259.94,3.42,-8.22,0.77,-10.12,2.51,2.46"
"260.95,2.43,-16.96,-1.34,-13.02,2.51,2.46"
"261.96,-0.51,-13.16,1.09,-8.54,2.52,2.47"
"262.97,4.15,-9.74,2.38,-11.58,2.51,2.48"
"263.98,2.34,-12.23,-0.57,-12.90,2.49,2.48"
"264.99,2.63,-6.93,2.59,-7.18,2.51,2.48"
"266.00,-2.82,-15.07,-1.88,-10.61,2.50,2.47"
"267.01,0.06,-12.89,1.84,-13.91,2.50,2.48"
"268.02,2.31,-6.98,3.36,-7.70,2.50,2.47"
"269.03,1.11,-11.69,-1.43,-11.32,2.52,2.48"
"270.03,0.61,-7.47,0.78,-4.96,2.49,2.47"
"271.04,1.33,-10.12,-0.31,-8.17,2.50,2.47"
"272.05,-0.43,-7.37,1.67,-11.27,2.51,2.49"
"273.06,-0.02,-4.75,0.29,-6.13,2.50,2.47"
"274.07,0.93,-8.83,0.20,-9.57,2.51,2.48"
"275.08,-2.04,-13.45,-2.67,-3.22,2.51,2.48"
"276.09,2.04,-7.25,2.04,-9.59,2.51,2.49"
"277.10,0.62,-7.57,-1.38,-13.78,2.52,2.47"
"278.11,0.90,-10.96,-3.08,-14.66,2.49,2.47"
"279.12,-0.83,-8.21,0.72,-9.77,2.51,2.47"
"280.13,2.14,-9.49,-0.89,-12.05,2.50,2.48"
"281.14,1.09,-4.02,0.09,-11.56,2.52,2.48"
"282.14,0.40,-13.91,-2.15,-14.61,2.51,2.48"
"283.15,2.92,-4.06,0.06,-7.30,2.50,2.48"
"284.16,2.24,-11.96,0.90,-6.11,2.50,2.48"
"285.17,-2.27,-12.35,-3.29,-9.14,2.50,2.49"
"286.18,-1.51,-4.14,-1.76,-5.27,2.51,2.47"
"287.19,-0.52,-9.16,-2.13,-11.23,2.49,2.47"
"288.20,2.32,-9.81,1.47,-12.14,2.50,2.49"
"289.21,-2.41,-13.33,1.00,-8.23,2.52,2.48"
"290.22,0.77,-10.91,-0.63,-10.27,2.51,2.47"
"291.23,0.97,-8.84,-1.68,-12.30,2.52,2.47"
"292.23,0.52,-11.59,1.21,-12.76,2.51,2.47"
"293.24,2.91,-13.91,1.36,-9.81,2.52,2.49"
"294.25,0.64,-9.24,-0.34,-13.00,2.51,2.46"
"295.26,1.59,-8.86,1.39,-14.45,2.52,2.47"
"296.27,4.03,-3.91,2.55,-10.51,2.51,2.47"
"297.28,-1.84,-6.30,-0.87,-5.14,2.53,2.49"
"298.29,0.69,-5.18,-1.22,-9.18,2.50,2.49"
"299.30,-1.14,-1.27,-2.75,-6.59,2.52,2.47"
"300.31,1.41,-5.04,-0.25,-5.75,2.51,2.47"
"301.32,0.74,-14.97,-2.13,-17.44,2.51,2.49"
"302.33,-1.20,-9.29,-1.53,-14.82,2.51,2.48"
"303.33,1.92,-10.09,-1.56,-9.97,2.52,2.47"
"304.34,-0.32,-5.66,1.20,-9.92,2.51,2.47"
"305.35,0.17,-8.71,-0.78,-10.25,2.53,2.48"
"306.36,0.91,-11.46,1.68,-6.43,2.52,2.47"
"307.37,-0.50,-7.25,0.09,-8.24,2.51,2.48"
"308.38,0.66,-8.42,0.48,-7.59,2.52,2.49"
"309.39,-4.85,-11.57,-3.60,-8.42,2.50,2.48"
"310.40,1.16,-8.99,1.84,-9.65,2.50,2.47"
"311.41,1.85,-11.44,-1.49,-11.21,2.51,2.47"
"312.42,1.90,-12.45,2.30,-16.49,2.51,2.48"
"313.42,2.57,-16.85,1.36,-15.86,2.51,2.48"
"314.43,3.90,-9.35,3.12,-9.21,2.53,2.47"
"315.44,0.53,-9.07,1.45,-10.37,2.52,2.49"
"316.45,-0.38,-11.08,-0.28,-7.97,2.50,2.47"
"317.46,1.04,-5.75,2.85,-8.48,2.52,2.49"
"318.47,1.35,-10.89,-0.65,-7.69,2.51,2.47"
"319.48,-0.33,-7.62,-0.84,-9.69,2.53,2.50"
"320.49,4.12,-7.53,1.89,-11.17,2.50,2.47"
"321.50,0.93,-8.78,-1.39,-5.82,2.51,2.48"
"322.51,2.62,-11.18,2.66,-4.53,2.51,2.48"
"323.52,5.07,-12.48,5.77,-9.89,2.53,2.48"
"324.52,1.54,-12.17,-0.28,-12.29,2.51,2.46"
"325.53,-0.87,-14.69,-2.13,-8.99,2.51,2.46"
"326.54,0.71,-12.66,-1.72,-11.07,2.51,2.47"
"327.55,0.57,-7.24,0.40,-10.37,2.50,2.48"
"328.56,0.19,-10.02,-0.62,-13.42,2.51,2.46"
"329.57,3.52,-7.20,3.99,-9.77,2.51,2.48"
"330.58,3.95,-7.05,3.65,-12.56,2.51,2.47"
"331.59,0.44,-10.32,-1.36,-11.00,2.50,2.48"
"332.60,1.71,-12.82,-0.80,-12.36,2.52,2.48"
"333.61,-1.10,-9.77,-0.42,-11.63,2.51,2.48"
"334.62,1.46,-11.44,1.46,-13.12,2.52,2.47"
"335.63,2.66,-11.03,2.82,-9.75,2.51,2.49"
"336.63,0.05,-11.69,-3.67,-11.31,2.50,2.46"
"337.64,0.02,-8.09,-0.07,-4.86,2.50,2.47"
"338.65,2.27,-9.27,1.92,-14.42,2.52,2.48"
"339.66,-1.50,-11.71,-1.14,-7.40,2.52,2.48"
"340.67,0.06,-14.32,-0.09,-15.97,2.51,2.47"
"341.68,-0.30,-10.23,-0.18,-10.18,2.52,2.47"
"342.69,0.63,-15.62,-4.15,-14.50,2.51,2.46"
"343.70,1.15,-8.10,-0.22,-9.24,2.51,2.48"
"344.71,-0.00,-0.62,-0.62,-6.53,2.52,2.49"
"345.72,-0.13,-7.23,-0.76,-4.34,2.52,2.48"
"346.73,0.50,-8.56,-0.16,-8.26,2.51,2.48"
"347.73,-0.37,-13.34,0.94,-11.11,2.52,2.49"
"348.74,-0.26,-7.48,-0.45,-10.47,2.51,2.47"
"349.75,-0.17,-9.85,0.18,-12.06,2.51,2.46"
"350.76,0.89,-12.25,0.47,-13.55,2.52,2.47"
"351.77,3.34,-10.53,0.58,-13.53,2.51,2.48"
"352.78,-1.70,-9.29,-0.76,-4.07,2.53,2.46"
"353.79,1.82,-9.62,1.16,-13.28,2.51,2.47"
"354.80,0.57,-8.11,-0.91,-7.81,2.51,2.46"
"355.81,-2.07,-17.37,-4.79,-15.27,2.51,2.48"
"356.82,-3.50,-11.27,-3.99,-5.68,2.51,2.47"
"357.82,1.58,-10.14,0.84,-13.87,2.51,2.46"
"358.83,-0.53,-11.68,-0.62,-10.22,2.50,2.45"
"359.84,2.39,-6.38,-0.62,-10.68,2.49,2.47"
"360.85,2.38,-5.57,0.57,-11.64,2.52,2.49"
"361.86,0.82,-13.07,-1.58,-12.16,2.51,2.46"
"362.87,2.80,-15.94,-0.00,-14.04,2.50,2.49"
"363.88,-1.46,-14.64,0.18,-10.46,2.49,2.46"
"364.89,3.96,-8.81,3.33,-8.09,2.52,2.48"
"365.90,0.62,-9.74,-1.18,-6.61,2.52,2.47"
"366.91,-0.86,-9.90,-3.18,-11.87,2.50,2.45"
"367.92,1.25,-8.98,-1.33,-10.39,2.50,2.48"
"368.92,-0.38,-11.11,-0.60,-12.42,2.51,2.48"
"369.93,1.07,-12.16,-0.27,-11.90,2.50,2.47"
"370.94,5.49,-6.23,0.11,-11.68,2.49,2.47"
"371.95,5.77,-9.69,1.91,-18.12,2.50,2.47"
"0.62,6.59,-44.66,9.37,-8.43,2.52,2.48"
"1.63,0.70,-5.67,-0.17,-6.22,2.50,2.47"
"2.64,-2.49,-8.65,2.10,-7.07,2.50,2.46"
"3.65,5.69,-7.69,0.96,-8.29,2.52,2.48"
"4.66,1.66,-8.20,1.46,-8.95,2.51,2.47"
"5.66,-0.07,-12.67,2.44,-10.43,2.53,2.49"
"6.67,3.91,-11.60,0.81,-9.01,2.51,2.49"
"7.68,3.11,-7.49,1.63,-11.38,2.51,2.47"
"8.69,0.25,-15.14,0.31,-9.50,2.52,2.47"
"9.70,1.19,-16.22,-3.73,-14.54,2.51,2.48"
"10.71,-0.71,-8.32,-1.71,-11.80,2.51,2.49"
"11.72,2.10,-9.40,-0.56,-16.30,2.51,2.46"
"12.73,3.46,-8.86,3.38,-11.77,2.50,2.47"
"13.73,1.38,-7.67,-1.41,-9.18,2.51,2.45"
"14.74,1.76,-13.26,-0.60,-9.35,2.50,2.47"
"15.75,2.62,-0.74,0.41,-7.61,2.51,2.48"
"16.76,1.79,-9.89,-0.91,-8.85,2.50,2.46"
"17.77,0.45,-13.59,-0.96,-11.13,2.51,2.45"
"18.78,-0.93,-11.21,-3.85,-12.35,2.50,2.47"
"19.79,0.92,-3.41,-1.31,-8.44,2.49,2.47"
"20.80,-1.61,-9.03,0.12,-13.13,2.52,2.46"
"21.81,-0.83,-10.18,-0.80,-13.99,2.51,2.47"
"22.82,0.61,-6.19,0.65,-7.32,2.51,2.48"
"23.83,0.04,-9.35,0.00,-9.80,2.51,2.47"
"24.83,-1.07,-8.14,-1.95,-10.99,2.51,2.48"
"25.84,-3.19,-10.00,-1.28,-11.99,2.50,2.47"
"26.85,0.32,-6.87,-1.87,-10.23,2.51,2.48"
"27.86,-0.16,-5.89,0.88,-5.57,2.51,2.46"
"28.87,-0.36,-10.52,-3.09,-13.18,2.50,2.48"
"29.88,0.47,-9.29,0.68,-8.83,2.52,2.47"
"30.89,4.42,-12.76,0.29,-11.13,2.51,2.46"
"31.90,0.02,-4.81,-0.22,-3.50,2.49,2.47"
"32.91,0.35,-16.27,-0.53,-15.43,2.51,2.46"
"33.92,2.03,-14.32,-0.49,-14.45,2.50,2.48"
"34.93,-0.60,-5.71,-1.13,-4.87,2.50,2.47"
"35.93,1.49,-13.59,-1.45,-16.33,2.50,2.46"
"36.94,2.09,-14.43,-0.50,-18.16,2.52,2.45"
"37.95,2.41,-8.24,3.45,-6.66,2.51,2.48"
"38.96,0.61,-9.21,0.18,-13.23,2.50,2.46"
"39.97,1.19,-6.97,1.18,-10.53,2.50,2.46"
"40.98,-0.31,-11.57,0.29,-12.14,2.50,2.47"
"41.99,1.84,-7.99,-1.31,-8.07,2.52,2.48"
"43.00,-0.29,-18.75,-0.49,-13.20,2.51,2.46"
"44.01,2.54,-7.00,1.89,-7.60,2.50,2.47"
"45.02,1.77,-9.28,3.23,-9.15,2.50,2.49"
"46.02,1.93,-9.52,1.42,-5.58,2.51,2.47"
"47.03,-0.47,-7.02,-1.32,-5.92,2.51,2.46"
"48.04,-1.14,-12.41,-2.33,-10.42,2.50,2.47"
"49.05,0.90,-10.07,-0.31,-8.67,2.50,2.47"
"50.06,0.75,-7.05,-2.09,-10.46,2.50,2.48"
"51.07,3.05,-8.91,-0.76,-9.13,2.52,2.46"
"52.08,-1.64,-7.20,0.19,-9.72,2.52,2.47"
"53.09,-0.15,-9.13,-0.89,-7.66,2.50,2.48"
"54.10,-2.15,-3.73,1.74,-2.45,2.51,2.46"
"55.11,2.18,-9.07,0.88,-12.95,2.50,2.48"
"56.12,0.06,-10.71,-3.46,-12.24,2.51,2.47"
"57.12,1.29,-8.73,-1.47,-13.31,2.50,2.47"
"58.13,7.30,-14.22,4.98,-11.70,2.50,2.47"
"59.14,-0.40,-10.25,1.58,-6.24,2.50,2.46"
"60.15,-0.11,-10.82,-0.41,-12.49,2.52,2.47"
"61.16,0.42,-9.13,-0.56,-13.22,2.52,2.48"
"62.17,-2.24,-17.22,-3.41,-12.43,2.52,2.47"
"63.18,-0.25,-10.80,0.13,-11.84,2.50,2.47"
"64.19,0.28,-7.86,-1.64,-10.84,2.51,2.47"
"65.20,0.61,-11.40,1.11,-13.74,2.50,2.48"
"66.20,3.14,-7.91,-0.85,-9.24,2.51,2.47"
"67.21,0.15,-8.61,-0.65,-6.67,2.51,2.46"
"68.22,0.14,-10.69,0.71,-16.91,2.50,2.46"
"69.23,1.11,-7.94,-0.84,-12.14,2.51,2.47"
"70.24,-0.97,-9.62,-1.25,-8.94,2.51,2.46"
"71.25,1.22,-5.48,2.82,-7.74,2.51,2.48"
"72.26,1.81,-15.78,1.30,-11.31,2.50,2.45"
"73.27,1.64,-5.86,-0.20,-5.08,2.51,2.46"
"74.28,-0.86,-12.41,0.61,-11.78,2.49,2.48"
"75.29,-0.76,-10.26,-0.78,-8.15,2.51,2.47"
"76.29,-3.79,-5.98,-0.85,-9.61,2.49,2.44"
"77.30,1.44,-7.75,1.25,-3.00,2.50,2.48"
"78.31,-0.28,-11.11,-2.77,-14.87,2.51,2.47"
"79.32,-0.97,-13.28,-0.20,-10.73,2.51,2.46"
"80.33,0.24,-20.07,-0.10,-7.16,2.50,2.46"
"81.34,-1.50,-10.06,-0.49,-7.27,2.50,2.48"
"82.35,0.93,-8.52,1.64,-10.83,2.51,2.47"
"83.36,2.42,-11.66,2.72,-16.02,2.51,2.46"
"84.37,2.50,-13.14,-0.89,-15.25,2.52,2.48"
"85.38,1.53,-10.20,-0.62,-11.06,2.51,2.45"
"86.38,-0.39,-7.38,-2.30,-8.69,2.51,2.49"
"87.39,-1.70,-14.19,-0.57,-13.66,2.51,2.49"
"88.40,1.37,-15.42,-1.26,-16.83,2.50,2.47"
"89.41,0.71,-8.02,-0.20,-9.78,2.51,2.49"
"90.42,-0.54,-11.67,-0.32,-9.42,2.51,2.48"
"91.43,-0.17,-8.89,-0.90,-11.98,2.50,2.47"
"92.44,0.50,-14.34,1.76,-13.98,2.52,2.48"
"93.45,0.74,-2.44,0.16,-9.56,2.51,2.48"
"94.46,-0.06,-13.52,-1.77,-12.68,2.51,2.47"
"95.47,1.18,-13.93,-0.62,-13.22,2.51,2.46"
"96.48,0.79,-9.48,0.85,-7.12,2.51,2.47"
"97.48,3.20,-9.77,-0.09,-11.77,2.50,2.47"
"98.49,3.51,-9.47,1.49,-10.65,2.51,2.49"
"99.50,3.57,-6.45,0.51,-10.14,2.50,2.47"
"100.51,0.43,-9.87,2.33,-10.59,2.50,2.47"
"101.52,1.27,-11.26,-0.35,-13.55,2.52,2.47"
"102.53,-1.33,-9.42,-1.68,-10.41,2.52,2.47"
"103.54,1.13,-7.78,2.15,-4.41,2.53,2.48"
"104.55,-1.52,-9.98,-0.67,-13.30,2.52,2.47"
"105.56,3.64,-11.61,1.09,-8.99,2.50,2.48"
"106.57,5.40,-11.03,1.22,-14.95,2.50,2.47"
"107.57,0.90,-7.03,0.20,-12.07,2.51,2.49"
"108.58,0.85,-12.63,-1.02,-11.03,2.51,2.47"
"109.59,1.44,-10.17,1.02,-10.06,2.51,2.47"
"110.60,0.97,-12.98,-1.47,-16.50,2.50,2.47"
"111.61,1.34,-8.73,0.09,-10.42,2.52,2.46"
"112.62,2.38,-6.08,-0.10,-10.40,2.51,2.47"
"113.63,-0.88,-12.86,-0.57,-11.18,2.51,2.47"
"114.64,-1.11,-7.04,-1.03,-7.79,2.52,2.47"
"115.65,-0.22,-8.92,0.10,-7.20,2.52,2.47"
"116.66,-0.43,-3.84,-3.15,-6.90,2.50,2.46"
"117.67,1.25,-10.30,-0.21,-9.73,2.51,2.48"
"118.68,1.15,-11.21,0.13,-11.82,2.50,2.46"
"119.68,3.09,-7.34,1.90,-7.26,2.50,2.47"
"120.69,0.60,-9.92,0.27,-7.82,2.50,2.47"
"121.70,0.80,-8.81,1.70,-5.86,2.50,2.47"
"122.71,1.18,-9.67,0.74,-7.10,2.51,2.47"
"123.72,-0.34,-11.07,-3.90,-4.82,2.50,2.47"
"124.73,2.47,-9.05,0.60,-5.47,2.51,2.48"
"125.74,-0.76,-3.11,-1.52,-7.03,2.51,2.47"
"126.75,4.02,-6.79,4.27,-5.38,2.51,2.47"
"127.76,3.17,-9.82,1.10,-9.00,2.51,2.46"
"128.77,2.64,-9.33,2.41,-10.80,2.52,2.47"
"129.77,-0.20,-11.92,-2.06,-13.07,2.52,2.47"
"130.78,0.43,-6.82,-2.63,-7.75,2.52,2.50"
"131.79,1.31,-8.82,-0.94,-10.82,2.51,2.47"
"132.80,0.48,-14.59,0.12,-12.56,2.49,2.48"
"133.81,-0.65,-19.96,-3.49,-15.56,2.52,2.48"
"134.82,0.85,-11.92,-1.00,-11.92,2.52,2.46"
"135.83,1.07,-10.65,-0.69,-6.92,2.51,2.47"
"136.84,0.77,-9.00,-1.38,-3.67,2.52,2.47"
"137.85,-2.73,-10.84,-0.63,-6.59,2.50,2.47"
"138.86,-1.05,-7.46,-1.36,-14.32,2.52,2.49"
"139.87,1.38,-8.35,-0.55,-12.77,2.52,2.47"
"140.87,3.65,-10.43,2.64,-11.33,2.50,2.48"
"141.88,1.25,-4.50,-2.36,-4.14,2.49,2.47"
"142.89,-1.08,-9.30,-2.09,-8.38,2.53,2.46"
"143.90,2.35,-8.85,1.22,-9.36,2.51,2.47"
"144.91,0.58,-11.14,-0.41,-8.76,2.52,2.47"
"145.92,0.12,-11.95,-0.54,-11.66,2.50,2.47"
"146.93,-0.98,-7.21,-1.16,-8.22,2.49,2.46"
"147.94,3.18,-12.87,1.85,-15.70,2.51,2.49"
"148.95,-1.11,-8.75,-0.24,-10.75,2.50,2.47"
"149.96,1.22,-9.35,0.23,-9.98,2.51,2.48"
"150.97,-0.17,-16.13,-2.62,-14.61,2.52,2.49"
"151.97,2.76,-13.62,4.48,-10.84,2.49,2.48"
"152.98,-1.73,-10.77,-0.01,-6.07,2.51,2.45"
"153.99,0.92,-6.06,2.26,-8.60,2.51,2.47"
"155.00,0.49,-7.64,-0.27,-7.64,2.51,2.47"
"156.01,3.08,-5.60,1.24,-7.68,2.50,2.48"
"157.02,1.63,-6.68,1.98,-10.59,2.50,2.45"
"158.03,0.67,-15.12,0.57,-13.89,2.51,2.46"
"159.04,2.92,-11.39,-1.97,-16.14,2.48,2.47"
"160.05,-0.75,-10.87,-4.09,-13.17,2.50,2.48"
"161.06,-3.51,-8.47,-0.83,-7.33,2.52,2.48"
"162.07,-0.61,-12.56,2.66,-6.20,2.53,2.48"
"163.08,0.22,-10.52,-2.53,-10.12,2.51,2.47"
"164.08,1.46,-15.19,0.07,-9.19,2.51,2.46"
"165.09,0.12,-5.42,1.92,-8.70,2.50,2.46"
"166.10,0.24,-6.08,-0.11,-12.56,2.50,2.46"
"167.11,-0.19,-9.65,-0.50,-9.73,2.53,2.46"
"168.12,-2.44,-9.36,-0.22,-4.38,2.50,2.47"
"169.13,-1.66,-10.58,0.06,-12.54,2.51,2.47"
"170.14,-0.57,-16.03,0.62,-11.31,2.53,2.46"
"171.15,-3.51,-17.21,-0.43,-12.96,2.51,2.46"
"172.16,1.23,-10.24,0.08,-7.06,2.50,2.47"
"173.16,2.59,-12.52,0.30,-10.60,2.50,2.46"
"174.17,4.06,-10.82,2.26,-10.68,2.52,2.48"
"175.18,0.28,-16.24,-0.74,-13.50,2.49,2.48"
"176.19,-0.17,-17.76,-0.98,-5.77,2.50,2.48"
"177.20,1.79,-9.33,-2.87,-9.53,2.49,2.48"
"178.21,-0.79,-13.04,-2.08,-5.97,2.51,2.46"
"179.22,0.14,-7.33,-0.52,-8.76,2.49,2.50"
"180.23,-1.76,-9.92,-2.00,-5.16,2.50,2.47"
"181.24,-1.08,-11.14,1.13,-10.69,2.50,2.47"
"182.25,4.36,-6.48,1.05,-14.66,2.50,2.47"
"183.26,1.49,-9.00,-0.38,-9.91,2.48,2.49"
"184.27,2.54,-10.10,1.66,-13.63,2.50,2.47"
"185.27,2.83,-9.72,-0.07,-7.58,2.49,2.48"
"186.28,-3.64,-10.06,-0.95,-11.40,2.50,2.47"
"187.29,4.02,-8.42,1.04,-10.63,2.50,2.47"
"188.30,1.89,-8.61,-0.86,-12.77,2.51,2.48"
"189.31,0.24,-10.94,-3.03,-12.83,2.50,2.47"
"190.32,-0.37,-4.79,1.02,-8.22,2.52,2.47"
"191.33,-0.69,-3.65,-0.69,-12.27,2.50,2.48"
"192.34,4.32,-13.48,0.49,-8.80,2.52,2.48"
"193.35,1.14,-7.11,0.68,-7.69,2.50,2.47"
"194.36,1.12,-10.55,0.56,-9.92,2.51,2.46"
"195.36,0.57,-5.40,0.50,-4.99,2.52,2.47"
"196.37,0.81,-11.46,-1.28,-8.50,2.50,2.48"
"197.38,2.82,-10.35,0.35,-8.01,2.51,2.48"
"198.39,-1.29,-14.67,-2.05,-9.36,2.51,2.48"
"199.40,-0.85,-11.81,-2.87,-11.72,2.50,2.47"
"200.41,-3.29,-8.75,-2.26,-7.15,2.49,2.47"
"201.42,0.15,-10.64,2.49,-9.57,2.52,2.47"
"202.43,0.22,-7.78,-1.82,-7.30,2.50,2.47"
"203.44,1.14,-10.72,-0.55,-9.50,2.50,2.48"
"204.45,1.90,-7.28,-0.10,-11.78,2.50,2.48"
"205.46,1.54,-11.95,1.14,-8.07,2.50,2.47"
"206.47,5.72,-15.75,5.19,-12.37,2.52,2.47"
"207.47,-3.99,-4.51,-4.00,-9.28,2.51,2.48"
"208.48,1.46,-9.66,0.26,-12.43,2.49,2.47"
"209.49,0.26,-12.34,-0.13,-15.06,2.49,2.47"
"210.50,2.35,-11.56,-1.23,-12.92,2.49,2.48"
"211.51,1.61,-7.92,2.80,-8.77,2.51,2.47"
"212.52,-1.18,-12.42,-2.53,-10.72,2.49,2.47"
"213.53,0.10,-5.43,-0.18,-6.44,2.50,2.49"
"214.54,3.41,-7.08,1.81,-13.42,2.50,2.49"
"215.55,1.80,-8.87,0.78,-8.18,2.51,2.46"
"216.55,-0.44,-4.53,-0.24,-5.71,2.51,2.46"
"217.57,-0.35,-13.75,-1.75,-9.77,2.50,2.48"
"218.57,-0.92,-11.01,-1.22,-10.06,2.51,2.47"
"219.58,0.69,-7.21,-1.77,-9.64,2.50,2.47"
"220.59,0.05,-12.45,-2.06,-7.67,2.50,2.47"
"221.60,-1.05,-9.79,0.85,-9.86,2.50,2.47"
"222.61,-1.63,-7.56,-2.11,-8.28,2.49,2.48"
"223.62,0.28,-8.81,1.62,-8.54,2.49,2.47"
"224.63,1.68,-7.25,2.32,-10.33,2.51,2.48"
"225.64,-0.43,-9.85,-1.18,-8.38,2.50,2.47"
"226.65,-2.17,-13.05,-1.68,-11.53,2.50,2.46"
"227.66,0.57,-5.96,-1.03,-9.82,2.51,2.48"
"228.66,1.52,-10.00,0.39,-10.72,2.50,2.48"
"229.67,-0.61,-12.82,1.15,-11.23,2.52,2.47"
"230.68,0.20,-9.93,-2.39,-11.28,2.49,2.46"
"231.69,0.51,-12.15,-0.46,-11.42,2.50,2.48"
"232.70,1.53,-8.22,2.13,-7.77,2.50,2.47"
"233.71,1.13,-10.61,0.27,-9.33,2.50,2.48"
"234.72,2.38,-13.23,0.75,-12.62,2.50,2.48"
"235.73,0.79,-9.74,-0.20,-9.74,2.50,2.48"
"236.74,0.78,-13.84,0.17,-8.20,2.51,2.47"
"237.75,-0.22,-8.57,0.74,-4.45,2.49,2.46"
"238.75,1.79,-14.53,0.11,-12.47,2.50,2.48"
"239.76,-0.65,-9.15,0.93,-10.31,2.51,2.47"
"240.77,2.31,-5.04,3.25,-5.66,2.51,2.47"
"241.78,1.62,-13.53,1.76,-13.38,2.50,2.46"
"242.79,-0.99,-7.80,-2.34,-4.37,2.50,2.48"
"243.80,3.79,-8.73,3.43,-12.33,2.51,2.49"
"244.81,1.37,-12.17,-0.68,-12.52,2.50,2.46"
"245.82,0.44,-9.42,-3.57,-13.88,2.50,2.47"
"246.83,1.52,-5.58,0.85,-5.26,2.52,2.47"
"247.84,1.71,-8.08,-0.57,-7.28,2.51,2.48"
"248.85,0.46,-13.51,0.67,-12.50,2.51,2.49"
"249.85,-0.81,-11.80,-3.35,-12.00,2.49,2.45"
"250.86,-0.33,-12.88,-2.32,-12.78,2.51,2.47"
"251.87,1.93,-6.35,2.22,-5.95,2.51,2.45"
"252.88,1.43,-12.57,0.89,-10.43,2.50,2.47"
"253.89,1.96,-9.00,1.42,-19.01,2.49,2.46"
"254.90,3.33,-12.23,1.56,-14.69,2.52,2.47"
"255.91,0.03,-12.49,-1.90,-9.08,2.50,2.49"
"256.92,0.40,-9.84,-0.80,-13.32,2.50,2.48"
"257.93,1.28,-2.96,-0.64,-9.51,2.50,2.46"
"258.94,-0.18,-9.92,-2.04,-10.39,2.51,2.47"
"259.95,-0.19,-7.77,-1.30,-0.00,2.50,2.50"
"260.95,-0.04,-6.69,-1.98,-3.36,2.50,2.48"
"261.96,-0.11,-16.95,1.00,-12.56,2.50,2.47"
"262.97,0.18,-12.69,-1.47,-13.19,2.50,2.48"
"263.98,2.71,-10.76,4.04,-12.13,2.51,2.49"
"264.99,-2.90,-7.07,-1.89,-7.98,2.50,2.49"
"266.00,2.58,-8.44,-0.52,-5.40,2.49,2.46"
"267.01,-2.72,-12.54,-3.97,-9.02,2.50,2.48"
"268.02,0.99,-5.74,-1.82,-12.41,2.50,2.46"
"269.03,-0.18,-14.20,-2.01,-14.37,2.51,2.48"
"270.04,2.20,-9.22,-1.32,-11.03,2.51,2.48"
"271.05,1.35,-15.00,-0.21,-14.07,2.50,2.46"
"272.05,-1.70,-8.91,-2.91,-4.93,2.50,2.46"
"273.06,2.24,-8.09,2.49,-14.14,2.51,2.47"
"274.07,-0.01,-19.60,3.39,-10.52,2.51,2.48"
"275.08,-2.08,-5.67,-1.91,-10.62,2.51,2.47"
"276.09,0.77,-9.12,-0.67,-10.49,2.50,2.48"
"277.10,-3.65,-8.44,-1.69,-11.36,2.49,2.49"
"278.11,2.13,-9.07,-1.31,-10.00,2.50,2.47"
"279.12,0.17,-13.32,0.47,-6.17,2.51,2.48"
"280.13,2.49,-5.04,1.55,-6.29,2.50,2.47"
"281.14,1.50,-9.50,1.43,-14.22,2.49,2.48"
"282.14,-1.41,-13.38,-0.57,-12.85,2.50,2.45"
"283.15,-1.33,-12.61,-1.16,-14.83,2.49,2.46"
"284.16,-0.23,-7.34,-2.27,-9.87,2.51,2.47"
"285.17,-1.46,-9.19,-2.78,-10.60,2.50,2.48"
"286.18,1.61,-11.92,-1.44,-11.39,2.49,2.46"
"287.19,2.63,-11.54,0.22,-13.74,2.50,2.47"
"288.20,-0.01,-9.89,0.09,-10.60,2.50,2.47"
"289.21,-1.46,-10.29,-2.18,-8.75,2.51,2.46"
"290.22,1.51,-5.39,-0.76,-9.43,2.50,2.45"
"291.23,1.40,-8.78,0.58,-9.60,2.52,2.46"
"292.24,0.25,-6.58,-0.28,-11.89,2.52,2.48"
"293.25,0.40,-10.40,-2.74,-14.14,2.50,2.46"
"294.25,4.68,-13.85,1.77,-15.86,2.49,2.48"
"295.26,-0.79,-6.68,0.39,-4.85,2.52,2.48"
"296.27,-1.14,-12.05,-0.42,-9.88,2.49,2.47"
"297.28,1.95,-12.87,1.22,-8.22,2.52,2.48"
"298.29,0.86,-13.40,-0.07,-11.60,2.51,2.46"
"299.30,1.84,-10.36,0.13,-8.81,2.50,2.46"
"300.31,0.64,-15.21,2.85,-11.60,2.50,2.47"
"301.32,-0.09,-8.38,-0.48,-11.17,2.50,2.45"
"302.33,-2.40,-8.68,-2.04,-8.33,2.51,2.48"
"303.34,0.13,-12.61,0.53,-15.53,2.51,2.50"
"304.35,-1.40,-9.95,0.21,-8.17,2.50,2.47"
"305.35,-1.26,-7.87,-0.07,-9.48,2.50,2.48"
"306.36,-0.97,-9.57,-5.34,-14.32,2.51,2.48"
"307.37,2.84,-5.15,4.11,-6.60,2.50,2.47"
"308.38,-2.71,-10.94,-3.14,-7.80,2.50,2.47"
"309.39,-1.59,-7.64,-0.85,-6.90,2.52,2.47"
"310.40,1.92,-11.48,-0.15,-8.88,2.50,2.46"
"311.41,2.29,-11.98,1.98,-14.35,2.51,2.46"
"312.42,1.19,-9.47,-0.92,-11.25,2.51,2.48"
"313.43,-1.29,-8.69,-1.67,-7.12,2.50,2.48"
"314.44,3.04,-11.30,2.21,-16.30,2.50,2.47"
"315.45,0.30,-9.36,-1.40,-7.28,2.50,2.48"
"316.45,3.11,-4.86,2.60,-6.86,2.50,2.48"
"317.46,-0.26,-9.80,-2.60,-9.86,2.50,2.47"
"318.47,-0.12,-11.31,0.24,-14.66,2.51,2.47"
"319.48,1.47,-7.87,-2.11,-10.13,2.50,2.46"
"320.49,0.29,-5.72,-0.39,-8.13,2.50,2.47"
"321.50,2.51,-15.26,0.34,-13.26,2.48,2.48"
"322.51,1.99,-10.59,-0.16,-9.52,2.50,2.48"
"323.52,1.64,-8.96,0.94,-12.42,2.50,2.49"
"324.53,-1.44,-14.26,-1.86,-10.01,2.49,2.47"
"325.54,0.54,-7.28,-0.86,-11.41,2.50,2.48"
"326.55,0.86,-8.30,0.25,-6.96,2.50,2.48"
"327.55,0.34,-9.67,0.29,-12.99,2.50,2.47"
"328.56,0.07,-8.84,0.81,-1.77,2.50,2.46"
"329.57,0.76,-10.91,0.66,-14.38,2.50,2.47"
"330.58,-0.67,-14.90,-0.13,-12.41,2.51,2.48"
"331.59,0.24,-9.76,-1.96,-7.47,2.51,2.46"
"332.60,2.19,-8.60,1.75,-12.11,2.52,2.49"
"333.61,1.23,-8.83,0.48,-9.22,2.50,2.48"
"334.62,2.08,-13.63,0.02,-14.04,2.51,2.47"
"335.63,1.29,-9.37,2.16,-12.12,2.51,2.47"
"336.64,0.67,-11.13,0.80,-7.36,2.52,2.47"
"337.64,0.43,-5.38,0.03,-8.98,2.49,2.46"
"338.65,1.17,-12.33,-1.92,-10.14,2.48,2.46"
"339.66,-0.26,-9.82,-0.03,-9.48,2.51,2.46"
"340.67,0.85,-6.45,1.13,-8.32,2.52,2.46"
"341.68,0.63,-8.08,-2.77,-9.30,2.50,2.48"
"342.69,1.49,-10.61,-2.80,-14.36,2.49,2.47"
"343.70,0.95,-6.35,-2.28,-10.15,2.51,2.48"
"344.71,-1.30,-15.05,-3.33,-15.38,2.49,2.48"
"345.72,0.08,-12.70,-0.02,-10.46,2.50,2.48"
"346.73,-1.60,-10.58,-0.82,-10.10,2.50,2.48"
"347.73,0.82,-9.00,2.26,-10.90,2.50,2.47"
"348.74,-1.79,-8.61,-1.18,-7.44,2.50,2.49"
"349.75,-2.89,-9.96,-1.30,-5.24,2.50,2.47"
"350.76,1.64,-9.12,-0.85,-8.43,2.51,2.48"
"351.77,1.14,-7.77,0.43,-9.11,2.50,2.48"
"352.78,-2.26,-6.39,0.46,-8.07,2.50,2.47"
"353.79,-2.44,-6.79,-1.24,-6.75,2.49,2.46"
"354.80,1.31,-8.23,-0.80,-11.77,2.50,2.47"
"355.81,2.57,-13.35,-0.21,-9.06,2.53,2.47"
"356.82,-0.47,-6.60,-1.89,-7.43,2.52,2.48"
"357.83,1.03,-4.91,0.24,-13.76,2.51,2.48"
"358.83,0.96,-4.51,1.57,-8.35,2.50,2.46"
"359.84,1.09,-8.49,-2.87,-9.42,2.46,2.45"
"360.85,2.49,-14.92,-0.40,-10.44,2.50,2.46"
"361.86,4.04,-8.97,1.92,-10.07,2.51,2.47"
"362.87,0.90,-9.36,0.05,-8.15,2.50,2.46"
"363.88,1.87,-9.62,1.66,-7.02,2.50,2.48"
"364.89,1.54,-10.51,2.33,-12.28,2.50,2.47"
"365.90,1.46,-8.62,2.13,-9.74,2.50,2.47"
"366.91,1.84,-14.55,-0.79,-10.30,2.50,2.48"
"367.92,0.53,-10.64,-0.92,-12.07,2.49,2.47"
"368.92,-2.50,-5.45,0.40,-7.39,2.51,2.47"
"369.94,3.96,-5.34,2.59,-11.49,2.49,2.49"
"370.94,2.53,-11.55,0.31,-11.48,2.50,2.49"
"371.95,0.04,-11.14,-0.21,-8.53,2.50,2.50"
"372.96,-0.31,-7.03,-2.12,-10.33,2.50,2.47"
"373.97,-0.09,-6.22,-1.14,-9.60,2.49,2.46"
"374.98,2.50,-8.37,-1.49,-11.40,2.51,2.48"
"375.99,3.71,-12.37,3.95,-9.82,2.51,2.47"
"377.00,-0.28,-11.12,-0.11,-5.50,2.50,2.47"
"378.01,1.21,-11.65,0.81,-10.06,2.50,2.48"
"379.02,0.25,-6.79,0.24,-6.24,2.52,2.47"
"380.02,-5.19,-7.22,-3.36,-7.54,2.51,2.46"
"381.03,1.14,-4.88,-0.11,-7.15,2.49,2.46"
"382.04,-0.90,-13.27,-1.20,-10.74,2.49,2.47"
"383.05,-0.30,-5.56,-0.28,-6.63,2.51,2.47"
"384.06,2.21,-10.60,1.40,-10.77,2.49,2.46"
"385.07,0.42,-9.84,-0.20,-9.70,2.50,2.47"
"386.08,-0.16,-6.65,-1.58,-9.05,2.51,2.48"
"387.09,1.18,-14.27,-2.55,-11.92,2.48,2.46"
"388.10,0.05,-10.07,-1.27,-7.43,2.50,2.47"
"389.11,2.00,-5.14,2.13,-8.40,2.50,2.46"
"390.12,0.77,-10.56,-1.22,-9.07,2.52,2.49"
"391.12,-0.42,-8.22,-0.53,-10.70,2.50,2.48"
"392.13,1.14,-7.46,-2.29,-10.54,2.50,2.47"
"393.14,-1.82,-8.99,1.25,-2.26,2.50,2.46"
"394.15,1.71,-7.31,1.81,-10.76,2.52,2.48"
"395.16,7.36,-9.97,2.41,-12.73,2.51,2.48"
"396.17,-2.41,-11.66,-2.97,-14.98,2.51,2.47"
"397.18,1.32,-9.28,-1.33,-13.74,2.51,2.50"
"398.19,1.57,-5.01,-0.03,-8.04,2.50,2.48"
"399.20,0.07,-9.00,0.85,-7.57,2.50,2.49"
"400.21,1.54,-9.33,1.13,-9.29,2.49,2.46"
"401.22,2.30,-8.35,-0.91,-6.01,2.51,2.47"
"402.23,2.14,-9.89,1.98,-7.02,2.50,2.47"
"403.23,0.65,-8.52,1.24,-10.98,2.49,2.49"
"404.24,0.70,-12.46,0.37,-10.46,2.51,2.48"
"405.25,0.92,-9.52,-0.56,-17.20,2.51,2.47"
"406.26,2.20,-7.76,-0.19,-5.99,2.50,2.47"
"407.27,3.18,-5.58,1.94,-7.04,2.49,2.48"
"408.28,2.31,-6.55,1.28,-8.77,2.52,2.46"
"409.29,1.81,-12.14,0.38,-12.30,2.50,2.47"
"410.30,0.05,-3.39,1.13,-5.67,2.48,2.47"
"411.31,1.70,-14.25,1.31,-12.88,2.50,2.47"
"412.32,2.38,-5.36,-1.70,-6.56,2.49,2.49"
"413.32,1.53,-8.44,2.61,-8.17,2.51,2.50"
"414.33,1.42,-10.12,-0.58,-8.96,2.49,2.47"
"415.34,-0.45,-14.27,-2.73,-11.70,2.50,2.46"
"416.35,3.13,-7.15,2.29,-7.55,2.51,2.48"
"417.36,-0.42,-8.92,-1.56,-9.85,2.50,2.47"
"418.37,-0.37,-15.56,-0.17,-12.95,2.52,2.48"
"419.38,2.07,-12.07,2.96,-9.72,2.51,2.48"
"420.39,0.50,-6.75,-2.14,-9.96,2.48,2.46"
"421.40,0.71,-9.75,2.75,-8.10,2.51,2.48"
"422.41,1.45,-10.15,0.33,-9.37,2.49,2.47"
"423.42,-0.89,-11.16,-0.45,-13.12,2.51,2.49"
"424.42,0.57,-10.04,1.75,-5.20,2.48,2.48"
"425.43,-0.23,-13.57,0.81,-8.42,2.50,2.46"
"426.44,0.28,-3.29,1.17,-8.37,2.51,2.47"
"427.45,2.99,-9.33,0.03,-9.82,2.50,2.48"
"428.46,-0.84,-15.78,-0.75,-11.43,2.49,2.48"
"429.47,0.01,-9.80,0.10,-6.57,2.50,2.47"
"430.48,-1.61,-8.20,0.74,-5.88,2.49,2.47"
"431.49,1.89,-2.22,1.26,-5.45,2.49,2.48"
"432.50,1.59,-7.05,3.87,-9.82,2.50,2.48"
"433.51,0.06,-8.91,-0.79,-5.09,2.50,2.49"
"434.51,0.67,-12.88,-0.35,-12.30,2.51,2.48"
"435.52,2.40,-10.40,0.10,-9.31,2.50,2.47"
"436.53,-0.93,-7.18,-3.53,-8.70,2.49,2.45"
"437.54,-0.42,-7.23,-1.13,-10.63,2.51,2.46"
"438.55,2.34,-11.38,1.62,-6.71,2.51,2.48"
"439.56,-1.65,-5.82,-1.05,-6.13,2.50,2.46"
"440.57,0.92,-6.28,0.16,-9.68,2.50,2.48"
"441.58,3.07,-5.66,-1.47,-12.96,2.50,2.47"
"442.59,-0.65,-10.49,-0.35,-7.56,2.51,2.47"
"443.60,1.36,-11.58,0.80,-7.67,2.50,2.48"
"444.61,2.21,-14.74,1.15,-10.97,2.52,2.46"
"445.61,1.92,-6.87,-0.11,-9.45,2.49,2.47"
"446.62,-2.21,-8.38,-1.16,-10.13,2.51,2.48"
"447.63,1.97,-8.83,0.39,-11.36,2.51,2.48"
"448.64,-0.47,-6.77,-1.39,-11.88,2.49,2.48"
"449.65,2.36,-10.31,2.01,-11.29,2.50,2.48"
"450.66,-0.27,-7.07,-0.58,-7.39,2.50,2.48"
"451.67,2.21,-15.54,0.14,-10.19,2.52,2.47"
"452.68,0.53,-17.68,1.20,-11.52,2.50,2.47"
"453.69,1.17,-6.91,0.83,-5.51,2.49,2.47"
"454.70,0.76,-4.90,0.68,-3.45,2.50,2.46"
"455.70,1.73,-7.27,2.92,-8.98,2.50,2.47"
"456.71,2.04,-9.27,-1.87,-11.54,2.50,2.48"
"457.72,-2.41,-0.22,-3.75,-6.38,2.49,2.49"
"458.73,3.52,-9.45,1.80,-8.72,2.50,2.48"
"459.74,-1.13,-8.04,-1.46,-8.53,2.51,2.47"
"460.75,1.21,-6.15,0.12,-11.88,2.50,2.47"
"461.76,0.34,-7.71,-1.77,-9.57,2.50,2.46"
"462.77,1.79,-12.74,2.35,-10.41,2.50,2.46"
"463.78,4.45,-8.76,1.59,-14.34,2.51,2.48"
"464.79,-1.92,-7.64,-4.39,-11.71,2.51,2.47"
"465.80,1.03,-8.24,-0.62,-6.07,2.51,2.47"
"466.80,-0.91,-6.42,-1.82,-10.68,2.52,2.50"
"467.81,-1.42,-9.34,-1.59,-10.47,2.49,2.47"
"468.82,1.42,-10.96,0.98,-12.55,2.51,2.47"
"469.83,-0.41,-8.99,0.24,-9.53,2.51,2.49"
"470.84,-1.80,-11.87,-2.01,-8.19,2.52,2.48"
"471.85,-0.65,-5.40,-1.52,-9.13,2.51,2.47"
"472.86,1.81,-11.37,-0.09,-10.90,2.51,2.47"
"473.87,0.56,-18.60,3.61,-11.13,2.50,2.49"
"474.88,1.80,-11.67,2.17,-9.94,2.50,2.47"
"475.89,-0.16,-13.41,-0.94,-11.80,2.50,2.47"
"476.90,1.40,-6.71,1.62,-11.91,2.49,2.48"
"477.90,3.77,-11.27,2.28,-12.34,2.49,2.48"
"478.91,-4.18,-10.82,-1.30,-10.69,2.51,2.48"
"479.92,1.19,-5.20,2.02,-10.87,2.52,2.49"
"480.93,2.81,-20.18,5.47,-11.50,2.51,2.47"
"481.94,4.09,-19.07,3.46,-16.48,2.50,2.48"
"482.95,0.40,-13.77,-1.19,-7.30,2.50,2.47"
"483.96,1.12,-7.51,-1.84,-6.57,2.52,2.48"
"484.97,1.84,-8.64,2.42,-9.62,2.51,2.47"
"485.98,-0.06,-9.17,-0.64,-11.33,2.50,2.49"
"486.99,0.33,-13.54,-1.11,-8.60,2.50,2.48"
"488.00,1.90,-9.49,1.09,-11.73,2.52,2.47"
"489.01,-1.21,-12.24,-1.80,-7.41,2.49,2.47"
"490.01,1.24,-5.92,1.54,-4.94,2.51,2.48"
"491.02,2.47,-7.65,3.13,-6.74,2.52,2.47"
"492.03,0.30,-12.56,-0.27,-5.63,2.52,2.49"
"493.04,0.22,-10.13,0.40,-12.69,2.51,2.46"
"494.05,1.66,-13.32,1.82,-13.32,2.51,2.46"
"495.06,2.11,-10.24,-1.97,-9.95,2.51,2.47"
"496.07,2.82,-5.91,3.32,-9.57,2.51,2.49"
"497.08,-0.29,-10.72,0.13,-9.89,2.51,2.46"
"498.09,1.64,-11.92,2.71,-14.78,2.51,2.47"
"499.10,-0.07,-12.35,-0.02,-7.02,2.51,2.47"
"500.11,4.56,-9.41,1.60,-10.31,2.50,2.46"
"501.11,4.05,-6.99,0.07,-9.29,2.52,2.48"
"502.12,0.05,-11.74,-2.16,-7.68,2.51,2.48"
"503.13,4.07,-7.90,-0.65,-9.64,2.50,2.50"
"504.14,-0.52,-5.19,0.82,-5.64,2.50,2.48"
"505.15,-0.85,-14.04,-5.44,-11.24,2.49,2.48"
"506.16,0.94,-13.48,0.26,-9.59,2.51,2.46"
"507.17,5.91,-9.00,0.06,-12.44,2.52,2.47"
"508.18,1.09,-8.96,1.08,-11.63,2.51,2.47"
"509.19,1.44,-11.91,0.40,-9.59,2.49,2.47"
"510.20,3.01,-7.45,-2.49,-8.97,2.51,2.47"
"511.20,-0.79,-5.72,-0.41,-5.90,2.49,2.47"
"512.21,-2.45,-8.76,-0.56,-5.28,2.50,2.47"
"513.22,-3.15,-5.18,-1.72,-7.35,2.51,2.49"
"514.23,-1.89,-7.09,-1.27,-11.20,2.50,2.46"
"515.24,0.65,-5.53,1.10,-8.76,2.50,2.47"
"516.25,-1.84,-12.36,-0.31,-12.80,2.51,2.48"
"517.26,0.17,-10.92,1.80,-8.83,2.51,2.47"
"518.27,-3.69,-9.96,-3.86,-12.24,2.50,2.47"
"519.28,1.89,-9.87,1.86,-13.00,2.52,2.46"
"520.29,3.26,-12.80,1.05,-17.10,2.51,2.47"
"521.29,-2.76,-14.82,-0.83,-8.45,2.50,2.47"
"522.30,2.86,-5.09,2.95,-8.21,2.49,2.47"
"523.31,1.19,-9.90,1.72,-10.61,2.52,2.46"
"524.32,1.68,-11.40,2.73,-11.82,2.52,2.47"
"525.33,-1.93,-8.56,-2.78,-8.32,2.52,2.47"
"526.34,-1.20,-4.87,-0.57,-8.92,2.50,2.47"
"527.35,1.29,-9.30,-1.24,-11.55,2.49,2.46"
"528.36,4.52,-12.50,1.09,-9.73,2.51,2.48"
"529.37,0.84,-13.66,1.76,-11.33,2.52,2.47"
"530.38,0.92,-8.37,-2.96,-9.52,2.50,2.49"
"531.39,0.32,-5.91,0.45,-3.49,2.51,2.46"
"532.40,1.43,-9.18,-1.82,-8.15,2.49,2.46"
"533.40,1.31,-13.12,-0.42,-5.12,2.50,2.47"
"534.41,-0.92,-11.60,-2.00,-10.06,2.50,2.48"
"535.42,-1.74,-15.04,-2.62,-8.14,2.51,2.47"
"536.43,-1.16,-4.60,-1.32,-3.76,2.48,2.49"
"537.44,0.40,-10.94,0.02,-12.44,2.51,2.47"
"538.45,4.04,-7.93,-0.30,-10.19,2.50,2.48"
"539.46,2.37,-10.68,-1.83,-14.84,2.49,2.48"
"540.47,-2.45,-15.55,0.47,-4.58,2.52,2.48"
"541.48,0.97,-17.32,-0.22,-8.83,2.51,2.46"
"542.49,3.25,-11.19,-1.00,-13.28,2.52,2.48"
"543.50,0.35,-10.80,0.53,-8.94,2.51,2.47"
"544.50,0.16,-7.49,-1.55,-8.78,2.50,2.45"
"545.51,1.23,-7.63,2.20,-14.85,2.50,2.49"
"546.52,1.66,-8.02,0.82,-10.80,2.51,2.47"
"547.53,0.15,-13.72,1.10,-7.98,2.50,2.48"
"548.54,0.83,-9.35,1.14,-11.97,2.51,2.47"
"549.55,-1.55,-5.91,-2.34,-7.70,2.51,2.49"
"550.56,2.24,-3.49,2.41,-4.72,2.51,2.48"
"551.57,-1.17,-12.35,-0.73,-8.74,2.50,2.47"
"552.58,-0.00,-12.82,-0.99,-9.66,2.50,2.47"
"553.59,0.52,-9.71,2.01,-8.26,2.49,2.48"
"554.59,1.14,-18.17,0.62,-10.51,2.52,2.45"
"555.60,0.08,-8.26,-2.05,-6.74,2.50,2.47"
"556.61,3.47,-7.12,3.35,-9.89,2.50,2.48"
"557.62,-0.27,-11.94,-0.07,-5.80,2.50,2.49"
"558.63,2.50,-7.32,3.45,-11.79,2.51,2.48"
"559.64,-1.79,-12.14,-3.33,-8.37,2.50,2.48"
"560.65,1.75,-9.56,0.85,-10.76,2.50,2.47"
"561.66,1.47,-9.50,-1.59,-12.63,2.48,2.48"
"562.67,-3.59,-11.11,-1.70,-4.24,2.50,2.48"
"563.68,2.12,-4.77,1.83,-9.80,2.50,2.49"
"564.69,1.82,-7.10,2.52,-8.97,2.50,2.47"
"565.69,1.51,-12.70,0.75,-9.59,2.50,2.47"
"566.70,1.45,-13.30,-1.39,-14.80,2.49,2.48"
"567.71,1.70,-12.29,-0.88,-12.64,2.51,2.48"
"568.72,0.00,-9.33,1.06,-10.87,2.50,2.47"
"569.73,2.90,-10.69,2.37,-9.03,2.51,2.50"
"570.74,2.29,-8.13,-1.53,-10.08,2.50,2.48"
"571.75,3.44,-12.11,-0.82,-11.92,2.50,2.47"
"572.76,-1.71,-6.60,0.65,-12.07,2.48,2.46"
"573.77,0.79,-11.29,0.29,-11.71,2.51,2.48"
"574.78,-0.10,-11.29,-1.85,-11.39,2.49,2.48"
"575.78,-0.66,-9.34,-1.20,-8.41,2.52,2.48"
"576.79,3.02,-4.34,1.78,-9.59,2.49,2.48"
"577.80,-0.88,-5.34,-1.25,-6.99,2.50,2.47"
"578.81,0.67,-9.75,1.32,-7.16,2.52,2.46"
"579.82,2.25,-8.92,2.69,-11.19,2.49,2.47"
"580.83,0.59,-14.96,1.27,-12.24,2.51,2.48"
"581.84,2.57,-8.19,-0.59,-8.76,2.50,2.49"
"582.85,5.16,-9.31,3.97,-9.19,2.51,2.47"
"583.86,-0.15,-18.02,-2.01,-7.78,2.49,2.48"
"584.87,-3.39,-14.96,-3.68,-7.29,2.49,2.47"
"585.88,1.24,-12.02,0.86,-8.42,2.51,2.47"
"586.89,-2.51,-8.25,-2.75,-5.51,2.49,2.48"
"587.89,0.17,-11.03,-0.10,-8.92,2.50,2.47"
"588.90,-0.00,-3.00,-2.44,-10.52,2.50,2.47"
"589.91,0.97,-5.07,-1.65,-6.51,2.50,2.47"
"590.92,4.58,-11.05,2.51,-9.63,2.51,2.49"
"591.93,1.12,-9.79,0.00,-8.65,2.49,2.46"
"592.94,-0.43,-11.87,-0.95,-12.48,2.51,2.47"
"593.95,0.06,-2.03,1.47,-6.81,2.51,2.48"
"594.96,2.45,-11.00,4.02,-9.63,2.51,2.47"
"595.97,-1.09,-12.65,1.30,-11.94,2.51,2.46"
"596.97,0.67,-8.55,0.64,-9.34,2.50,2.48"
"597.98,2.29,-11.62,0.30,-12.00,2.50,2.47"
"598.99,-1.90,-9.18,-1.14,-8.54,2.50,2.47"
"600.00,0.89,-10.26,0.60,-10.32,2.51,2.46"
"601.01,-0.51,-4.36,1.46,-10.30,2.51,2.48"
"602.02,-0.26,-6.23,-0.51,-6.33,2.52,2.48"
"603.03,0.22,-9.91,0.64,-10.63,2.49,2.47"
"604.04,1.59,-10.29,1.31,-9.98,2.50,2.48"
"605.05,2.33,-11.96,-0.16,-13.58,2.48,2.47"
"606.06,2.14,-12.71,0.37,-5.12,2.50,2.48"
"607.07,0.59,-10.83,-0.20,-11.06,2.51,2.49"
"608.08,-0.52,-12.58,0.09,-12.50,2.50,2.46"
"609.08,0.15,-8.14,-0.87,-9.01,2.51,2.47"
"610.09,-0.19,-8.29,-1.78,-10.69,2.50,2.48"
"611.10,-0.96,-14.65,-1.63,-4.81,2.50,2.47"
"612.11,2.06,-2.95,0.25,-7.70,2.50,2.48"
"613.12,1.39,-9.10,0.11,-9.83,2.52,2.47"
"614.13,-0.02,-9.40,2.33,-6.56,2.50,2.48"
"615.14,1.24,-15.04,3.27,-11.00,2.50,2.47"
"616.15,-0.82,-17.97,-1.80,-12.61,2.51,2.47"
"617.16,6.43,-12.31,2.47,-11.72,2.49,2.46"
"618.17,1.02,-10.28,-0.44,-12.06,2.50,2.47"
"619.17,-0.04,-13.51,-0.37,-9.88,2.50,2.47"
"620.18,0.05,-7.80,-2.21,-8.61,2.49,2.47"
"621.19,0.68,-6.54,-0.96,-6.85,2.50,2.48"
"622.20,1.15,-7.04,1.31,-6.63,2.51,2.46"
"623.21,0.48,-11.82,1.37,-11.72,2.50,2.47"
"624.22,-0.81,-8.63,-1.01,-5.49,2.51,2.48"
"625.23,0.32,-8.58,-0.67,-8.11,2.50,2.48"
"626.24,0.16,-10.99,-0.43,-11.92,2.52,2.48"
"627.25,0.96,-9.83,-0.54,-8.78,2.48,2.48"
"628.26,2.80,-7.42,0.82,-12.78,2.50,2.47"
"629.27,-0.39,-16.14,-0.44,-14.08,2.49,2.47"
"630.28,0.89,-9.49,-0.02,-11.42,2.49,2.48"
"631.28,1.58,-10.78,1.69,-12.90,2.50,2.48"
"632.29,0.00,-14.51,-3.21,-11.92,2.48,2.47"
"633.30,-1.58,-16.98,-2.10,-4.44,2.50,2.47"
"634.31,2.00,-5.97,-0.50,-15.29,2.49,2.49"
"635.32,-0.39,-6.42,0.91,-9.19,2.50,2.47"
"636.33,1.19,-11.61,0.43,-10.47,2.49,2.50"
"637.34,0.62,-12.12,1.21,-10.09,2.51,2.47"
"638.35,-0.97,-14.37,-0.76,-14.96,2.50,2.47"
"639.36,-1.55,-4.24,-4.37,-4.23,2.49,2.45"
"640.37,1.03,-11.37,-0.45,-10.89,2.50,2.48"
"641.38,1.03,-6.84,-1.02,-8.68,2.49,2.47"
"642.38,-1.35,-13.48,-2.23,-17.51,2.50,2.49"
"643.39,-0.07,-12.65,0.61,-15.83,2.48,2.49"
"644.40,3.21,-8.02,2.70,-15.66,2.49,2.48"
"645.41,1.67,-6.86,0.39,-8.83,2.49,2.46"
"646.42,0.71,-13.92,-1.66,-4.13,2.50,2.47"
"647.43,2.23,-9.49,3.79,-12.61,2.51,2.48"
"648.44,1.73,-12.99,0.91,-12.11,2.50,2.47"
"649.45,-1.43,-14.53,-0.31,-13.25,2.51,2.48"
"650.46,0.59,-4.82,0.51,-4.62,2.49,2.48"
"651.47,2.26,-12.94,0.83,-10.64,2.48,2.47"
"652.47,2.82,-13.36,2.03,-12.55,2.50,2.46"
"653.48,0.34,-6.09,-2.72,-4.76,2.49,2.46"
"654.49,0.98,-9.71,1.66,-8.33,2.51,2.47"
"655.50,1.38,-7.56,2.88,-11.71,2.50,2.48"
"656.51,-2.97,-10.36,-2.11,-4.88,2.49,2.48"
"657.52,1.94,-6.72,0.37,-13.41,2.49,2.47"
"658.53,1.54,-4.25,1.90,-7.10,2.51,2.47"
"659.54,4.27,-10.01,4.75,-12.02,2.52,2.47"
"660.55,-2.37,-7.52,-3.33,-9.08,2.50,2.47"
"661.56,-0.41,-12.54,-0.73,-13.95,2.50,2.48"
"662.57,1.09,-15.12,-0.33,-5.94,2.52,2.46"
"663.58,1.36,-12.46,-2.04,-9.41,2.49,2.48"
"664.58,-0.40,-10.22,0.93,-4.41,2.51,2.49"
"665.59,2.53,-9.58,-0.26,-7.64,2.50,2.48"
"666.60,-0.89,-13.30,-0.36,-10.56,2.50,2.47"
"667.61,1.26,-14.91,0.56,-13.66,2.49,2.46"
"668.62,0.05,-16.47,-1.01,-14.47,2.51,2.47"
"669.63,1.42,-10.54,0.81,-13.87,2.50,2.49"
"670.64,1.63,-3.34,0.58,-6.96,2.49,2.47"
"671.65,2.09,-4.99,0.26,-8.82,2.50,2.48"
"672.66,1.64,-6.37,1.00,-7.04,2.49,2.48"
"673.67,-1.30,-9.78,-1.96,-11.38,2.50,2.47"
"674.67,-0.73,-11.73,1.05,-8.60,2.50,2.47"
"675.68,-0.87,-10.98,-0.36,-9.91,2.51,2.48"
"676.69,0.06,-8.03,-0.40,-9.59,2.50,2.47"
"677.70,-0.44,-9.64,-1.17,-12.31,2.49,2.49"
"678.71,0.40,-11.36,-0.42,-7.96,2.50,2.48"
"679.72,0.46,-9.60,0.23,-8.20,2.50,2.48"
"680.73,1.31,-11.17,0.01,-10.53,2.50,2.48"
"681.74,0.74,-11.03,-0.80,-8.90,2.50,2.48"
"682.75,0.27,-11.74,-0.54,-11.57,2.50,2.48"
"683.76,0.03,-8.15,-0.13,-7.73,2.50,2.47"
"684.77,1.03,-7.80,-0.18,-11.68,2.51,2.48"
"685.77,1.27,-15.24,0.06,-11.17,2.52,2.48"
"686.78,3.23,-6.90,1.17,-11.60,2.52,2.47"
"687.79,1.41,-10.51,1.14,-10.83,2.50,2.48"
"688.80,0.13,-6.98,1.09,-7.66,2.50,2.47"
"689.81,1.91,-13.47,-0.52,-9.65,2.51,2.48"
"690.82,1.24,-7.74,-0.75,-13.32,2.50,2.46"
"691.83,0.34,-9.24,-0.18,-10.03,2.49,2.48"
"692.84,0.56,-9.65,-0.20,-9.58,2.51,2.48"
"693.85,0.73,-9.73,-0.02,-9.57,2.51,2.48"
