"0.62,2.42,-39.43,0.10,-9.59,2.50,2.48"
"1.63,0.62,-9.79,0.07,-9.64,2.50,2.48"
"2.64,0.62,-9.67,0.04,-9.81,2.51,2.48"
"3.65,0.57,-9.57,0.01,-9.83,2.51,2.50"
"4.66,0.57,-9.74,0.05,-9.71,2.50,2.48"
"5.66,0.57,-9.97,-0.03,-9.86,2.51,2.49"
"6.67,0.59,-9.74,0.06,-9.65,2.50,2.49"
"7.68,0.57,-9.88,-0.08,-9.71,2.50,2.48"
"8.69,0.45,-9.34,-0.17,-9.72,2.51,2.48"
"9.70,0.55,-9.97,0.04,-9.75,2.50,2.49"
"10.71,0.61,-9.72,0.07,-9.80,2.51,2.49"
"11.72,0.59,-9.75,0.03,-9.75,2.51,2.48"
"12.73,0.55,-9.77,0.08,-9.76,2.50,2.48"
"13.73,0.61,-9.72,0.02,-9.74,2.51,2.50"
"14.74,0.51,-9.69,-0.08,-9.80,2.51,2.48"
"15.75,0.56,-9.98,0.08,-9.75,2.51,2.48"
"16.76,0.62,-9.81,0.07,-9.70,2.50,2.50"
"17.77,0.60,-9.64,0.05,-9.81,2.50,2.49"
"18.78,0.58,-9.71,0.06,-9.90,2.51,2.49"
"19.79,0.59,-9.85,0.08,-9.73,2.50,2.49"
"20.80,0.49,-9.62,0.05,-9.73,2.50,2.48"
"21.81,0.56,-9.65,0.04,-9.93,2.50,2.49"
"22.81,0.57,-9.95,0.06,-9.85,2.50,2.49"
"23.82,1.04,-9.27,0.19,-9.17,2.51,2.48"
"24.83,0.39,-9.82,-0.06,-9.92,2.51,2.49"
"25.84,0.19,-8.85,-0.68,-8.06,2.50,2.49"
"26.85,0.61,-10.14,-0.33,-9.29,2.50,2.47"
"27.86,0.82,-9.68,0.02,-10.18,2.51,2.49"
"28.87,0.98,-9.86,0.04,-9.92,2.51,2.49"
"29.88,0.85,-9.98,-0.02,-9.24,2.49,2.47"
"30.89,0.77,-9.17,0.10,-9.91,2.51,2.49"
"31.90,0.54,-8.92,0.16,-9.63,2.50,2.49"
"32.90,0.69,-10.56,0.00,-9.02,2.50,2.47"
"33.91,0.97,-8.83,0.44,-10.21,2.52,2.47"
"34.92,0.61,-9.34,-0.27,-9.77,2.51,2.47"
"35.93,0.72,-9.85,0.02,-9.58,2.51,2.49"
"36.94,0.66,-9.75,0.04,-9.86,2.51,2.49"
"37.95,0.71,-9.68,-0.05,-9.84,2.50,2.48"
"38.96,0.63,-9.76,0.00,-9.83,2.50,2.49"
"39.97,0.32,-10.03,-0.09,-9.52,2.51,2.49"
"40.98,-0.38,-11.61,0.06,-11.32,2.51,2.49"
"41.99,0.84,-10.60,0.25,-8.51,2.51,2.49"
"43.00,0.12,-13.23,-1.36,-10.41,2.50,2.48"
"44.00,2.39,-5.87,1.23,-9.28,2.50,2.47"
"45.01,2.02,-10.03,0.71,-10.95,2.49,2.47"
"46.02,-0.19,-6.38,-0.51,-4.67,2.49,2.47"
"47.03,3.44,-9.50,0.41,-11.12,2.51,2.49"
"48.04,0.44,-9.28,-2.04,-9.16,2.51,2.49"
"49.05,-3.62,-6.56,-3.74,-10.65,2.50,2.50"
"50.06,0.20,-9.86,0.87,-7.64,2.51,2.50"
"51.07,-1.24,-11.81,-0.48,-4.75,2.50,2.48"
"52.08,2.43,-9.35,1.12,-12.99,2.50,2.50"
"53.09,-0.24,-10.79,-3.00,-12.86,2.49,2.49"
"54.09,-2.09,-11.74,-2.68,-9.73,2.50,2.49"
"55.10,1.03,-12.52,-0.79,-8.50,2.51,2.49"
"56.11,1.61,-7.56,0.84,-9.53,2.51,2.48"
"57.12,-2.30,-8.59,-2.78,-7.37,2.53,2.50"
"58.13,2.11,-8.52,0.56,-8.75,2.49,2.48"
"59.14,0.49,-9.86,-0.24,-8.87,2.52,2.49"
"60.15,-1.05,-11.87,-3.43,-10.33,2.50,2.51"
"61.16,0.96,-9.92,0.02,-10.75,2.52,2.49"
"62.17,0.81,-9.01,-0.03,-5.68,2.51,2.49"
"63.18,0.30,-10.82,-0.24,-10.36,2.51,2.50"
"64.18,0.76,-8.34,-0.86,-8.87,2.50,2.49"
"65.19,1.12,-10.54,-0.76,-9.39,2.50,2.48"
"66.20,0.80,-11.72,-0.63,-9.72,2.51,2.48"
"67.21,0.10,-10.82,-1.31,-7.94,2.51,2.48"
"68.22,1.53,-7.44,1.18,-11.20,2.51,2.49"
"69.23,-0.82,-11.51,-0.49,-8.40,2.52,2.48"
"70.24,0.79,-12.69,0.13,-9.46,2.52,2.49"
"71.25,0.14,-10.43,-1.49,-9.02,2.51,2.48"
"72.26,0.62,-9.66,0.44,-8.87,2.50,2.48"
"73.27,2.15,-6.88,0.89,-10.36,2.51,2.50"
"74.27,0.07,-8.80,-0.35,-8.33,2.51,2.49"
"75.28,0.36,-9.49,0.15,-7.78,2.51,2.49"
"76.29,2.67,-9.68,0.66,-10.65,2.51,2.48"
"77.30,-0.48,-10.03,-1.96,-6.84,2.48,2.46"
"78.31,-0.19,-10.24,0.37,-9.20,2.50,2.48"
"79.32,2.90,-8.83,0.46,-11.03,2.51,2.49"
"80.33,0.72,-9.27,0.02,-8.11,2.50,2.48"
"81.34,-0.40,-9.74,-0.28,-10.59,2.51,2.49"
"82.35,0.01,-9.96,-0.11,-7.58,2.51,2.49"
"83.36,-1.95,-8.92,-1.15,-7.23,2.52,2.48"
"84.36,-0.10,-7.13,1.19,-7.94,2.52,2.49"
"85.37,-0.90,-13.05,-3.12,-10.42,2.48,2.49"
"86.38,-0.56,-10.83,0.09,-11.37,2.52,2.49"
"87.39,0.15,-9.41,0.64,-8.30,2.50,2.48"
"88.40,1.51,-8.97,0.11,-7.70,2.52,2.48"
"89.41,-0.23,-6.66,0.58,-9.82,2.50,2.48"
"90.42,0.93,-8.34,0.60,-10.25,2.52,2.49"
"91.43,1.27,-9.26,1.46,-9.40,2.51,2.49"
"92.44,-0.43,-8.23,0.52,-10.16,2.52,2.49"
"93.45,0.06,-10.01,-0.74,-9.12,2.52,2.50"
"94.45,0.32,-9.50,-0.47,-10.50,2.51,2.49"
"95.46,0.32,-7.77,-0.20,-9.65,2.52,2.50"
"96.47,1.01,-9.91,-1.02,-10.29,2.50,2.49"
"97.48,-0.71,-11.75,0.43,-9.36,2.50,2.49"
"98.49,0.70,-8.43,1.21,-9.55,2.50,2.48"
"99.50,1.57,-13.04,-0.82,-13.83,2.51,2.49"
"100.51,-0.88,-19.02,-0.12,-11.71,2.51,2.49"
"101.52,0.49,-9.89,1.92,-9.31,2.51,2.48"
"102.53,0.90,-7.40,-1.78,-7.95,2.51,2.51"
"103.54,-0.30,-8.19,-1.56,-13.23,2.50,2.49"
"104.54,4.43,-16.25,1.17,-13.57,2.50,2.51"
"105.55,0.38,-11.99,-0.67,-9.26,2.51,2.49"
"106.56,7.07,-12.60,5.58,-11.79,2.49,2.47"
"107.57,0.00,-12.21,0.65,-6.85,2.51,2.48"
"108.58,3.23,-7.78,2.56,-12.92,2.51,2.48"
"109.59,-0.90,-13.21,-0.60,-9.30,2.50,2.50"
"110.60,3.23,-11.94,-1.17,-7.96,2.51,2.50"
"111.61,0.27,-10.40,-0.15,-7.52,2.50,2.48"
"112.62,-2.02,-8.47,0.85,-7.34,2.50,2.50"
"113.63,-0.23,-10.26,-0.23,-10.28,2.50,2.48"
"114.63,-0.24,-9.90,-0.24,-11.92,2.51,2.49"
"115.64,0.78,-7.81,-0.60,-9.81,2.51,2.50"
"116.65,2.05,-9.27,1.53,-8.45,2.50,2.48"
"117.66,0.37,-11.17,-0.19,-8.71,2.51,2.49"
"118.67,0.40,-10.19,0.60,-11.79,2.52,2.50"
"119.68,1.88,-8.26,0.06,-12.60,2.50,2.49"
"120.69,2.92,-3.35,3.41,-7.81,2.52,2.51"
"121.70,2.48,-11.32,-0.32,-9.56,2.50,2.50"
"122.71,-0.89,-11.91,-1.30,-7.96,2.51,2.48"
"123.72,1.01,-11.94,1.33,-12.75,2.51,2.49"
"124.73,-0.67,-12.33,-0.51,-7.83,2.51,2.47"
"125.73,0.07,-15.45,-1.55,-13.54,2.50,2.49"
"126.75,3.52,-5.26,0.82,-4.14,2.52,2.49"
"127.75,-1.14,-12.85,-2.71,-8.82,2.51,2.48"
"128.76,2.38,-10.53,2.00,-12.39,2.52,2.50"
"129.77,-1.40,-11.91,1.33,-11.87,2.51,2.48"
"130.78,-0.55,-11.54,-1.35,-7.60,2.51,2.49"
"131.79,2.39,-10.11,0.95,-10.42,2.52,2.49"
"132.80,-0.68,-11.63,-0.37,-11.57,2.49,2.49"
"133.81,0.78,-11.45,-0.22,-10.47,2.50,2.48"
"134.82,-0.78,-13.48,0.39,-11.54,2.50,2.49"
"135.83,0.72,-12.12,-0.76,-13.83,2.50,2.49"
"136.84,0.10,-3.20,-0.82,-3.98,2.50,2.49"
"137.84,2.05,-12.75,-0.78,-16.93,2.49,2.47"
"138.85,-0.89,-7.87,-1.92,-8.28,2.51,2.49"
"139.86,0.48,-14.53,-1.46,-13.47,2.52,2.50"
"140.87,2.09,-7.42,2.14,-10.92,2.50,2.47"
"141.88,0.45,-10.38,-0.58,-11.37,2.50,2.49"
"142.89,1.80,-9.63,-0.98,-18.67,2.51,2.50"
"143.90,1.27,-10.20,0.49,-9.94,2.49,2.48"
"144.91,1.30,-9.56,-0.78,-10.87,2.51,2.48"
"145.92,0.23,-6.85,1.19,-10.26,2.51,2.50"
"146.93,-0.31,-14.70,-1.61,-12.76,2.51,2.49"
"147.94,1.88,-9.51,1.12,-11.49,2.51,2.49"
"148.94,1.06,-8.53,-0.67,-15.87,2.50,2.49"
"149.95,0.57,-3.40,1.41,-5.24,2.49,2.49"
"150.96,-0.23,-6.02,0.99,-7.76,2.51,2.49"
"151.97,0.43,-12.22,-0.68,-8.89,2.51,2.49"
"152.98,-0.01,-14.89,-1.19,-14.83,2.50,2.49"
"153.99,1.59,-8.08,0.84,-11.70,2.50,2.48"
"155.00,-1.54,-9.32,-1.07,-8.19,2.50,2.49"
"156.01,1.02,-11.82,0.54,-13.09,2.51,2.49"
"157.02,-0.61,-12.41,0.34,-9.97,2.51,2.49"
"158.03,-0.41,-12.89,-0.96,-6.11,2.51,2.48"
"159.04,1.76,-9.21,0.37,-11.87,2.51,2.49"
"160.05,1.55,-10.41,0.61,-8.98,2.51,2.48"
"161.05,2.69,-10.69,1.64,-12.98,2.51,2.49"
"162.06,0.96,-9.67,0.66,-4.33,2.50,2.49"
"163.07,1.35,-11.57,-0.20,-11.09,2.50,2.49"
"164.08,2.12,-8.09,1.51,-11.15,2.51,2.49"
"165.09,0.87,-8.27,0.28,-11.32,2.51,2.50"
"166.10,-0.96,-2.85,1.88,-5.86,2.50,2.50"
"167.11,1.33,-14.25,-1.50,-13.34,2.50,2.48"
"168.12,2.98,-9.04,0.36,-6.84,2.51,2.48"
"169.13,2.28,-9.39,1.09,-9.05,2.51,2.47"
"170.13,-1.15,-10.53,-0.69,-11.19,2.51,2.47"
"171.14,0.51,-5.15,-1.70,-13.14,2.50,2.50"
"172.15,0.85,-13.48,0.59,-8.82,2.51,2.48"
"173.16,-1.70,-9.10,-2.65,-5.49,2.52,2.49"
"174.17,-0.14,-12.28,0.19,-8.48,2.51,2.48"
"175.18,2.59,-8.70,1.12,-9.47,2.50,2.48"
"176.19,0.46,-8.10,-0.73,-9.05,2.52,2.49"
"177.20,1.41,-10.76,0.51,-8.08,2.51,2.49"
"178.21,1.32,-14.09,-2.24,-15.07,2.51,2.47"
"179.22,0.74,-9.81,-0.03,-11.02,2.50,2.48"
"180.23,0.17,-9.90,-1.54,-11.81,2.50,2.48"
"181.24,0.00,-2.57,-1.40,-7.89,2.51,2.47"
"182.24,1.03,-11.67,1.56,-6.82,2.51,2.48"
"183.25,0.63,-10.53,0.95,-13.82,2.52,2.49"
"184.26,1.40,-8.88,0.06,-7.47,2.50,2.47"
"185.27,1.49,-8.28,-1.16,-16.71,2.49,2.48"
"186.28,1.46,-7.49,2.55,-10.28,2.52,2.49"
"187.29,0.23,-14.40,0.01,-13.08,2.53,2.47"
"188.30,0.52,-9.75,0.79,-8.90,2.51,2.48"
"189.31,1.81,-10.90,0.62,-17.83,2.52,2.49"
"190.32,-0.57,-11.60,0.06,-13.22,2.52,2.48"
"191.33,-0.70,-7.33,0.37,-8.15,2.50,2.47"
"192.33,0.37,-11.11,-0.22,-13.76,2.52,2.47"
"193.34,1.45,-8.67,-0.80,-7.58,2.52,2.48"
"194.35,2.75,-7.92,0.81,-12.37,2.52,2.49"
"195.36,0.91,-4.95,-0.15,-8.65,2.51,2.49"
"196.37,0.30,-7.79,0.11,-12.24,2.51,2.47"
"197.38,0.97,-12.88,1.51,-12.92,2.52,2.48"
"198.39,-0.64,-12.16,-0.51,-13.04,2.50,2.49"
"199.40,-0.80,-6.76,1.21,-10.60,2.50,2.47"
"200.41,0.63,-6.18,0.28,-8.75,2.51,2.47"
"201.42,0.61,-9.14,-0.74,-13.32,2.50,2.49"
"202.43,3.23,-10.77,2.13,-10.94,2.51,2.47"
"203.44,0.09,-12.22,-0.26,-9.90,2.51,2.48"
"204.44,1.76,-6.39,3.00,-6.49,2.52,2.48"
"205.45,1.10,-11.99,0.35,-10.66,2.50,2.49"
"206.46,0.75,-8.92,1.73,-7.11,2.51,2.48"
"207.47,-0.34,-8.94,-2.05,-7.79,2.51,2.48"
"208.48,1.71,-10.48,0.70,-13.59,2.51,2.49"
"209.49,2.10,-7.22,0.07,-10.20,2.50,2.48"
"210.50,1.61,-3.85,-1.18,-5.64,2.52,2.48"
"211.51,1.26,-13.78,0.89,-11.08,2.51,2.48"
"212.52,3.49,-9.86,-0.60,-17.39,2.51,2.49"
"213.52,0.42,-14.17,0.20,-12.50,2.50,2.46"
"214.53,1.88,-7.00,0.08,-11.67,2.51,2.47"
"215.54,-0.51,-7.21,-1.95,-6.97,2.50,2.46"
"216.55,2.62,-5.45,0.95,-6.17,2.51,2.48"
"217.56,0.70,-10.92,1.18,-7.69,2.50,2.47"
"218.57,-0.40,-11.08,-2.59,-6.81,2.51,2.47"
"219.58,-0.62,-7.65,0.23,-10.01,2.51,2.47"
"220.59,0.02,-8.39,-0.58,-9.14,2.51,2.49"
"221.60,2.54,-12.62,0.62,-11.42,2.51,2.49"
"222.61,0.37,-10.49,-0.23,-9.20,2.52,2.47"
"223.62,3.75,-8.34,2.55,-13.86,2.52,2.46"
"224.63,2.01,-9.40,-0.48,-12.01,2.50,2.47"
"225.63,-0.44,-12.29,-0.27,-11.45,2.52,2.48"
"226.64,0.54,-2.80,-0.17,-5.61,2.52,2.48"
"227.65,2.94,-12.46,1.08,-5.61,2.51,2.49"
"228.66,2.32,-10.12,2.58,-11.46,2.51,2.47"
"229.67,1.07,-9.42,0.12,-7.95,2.51,2.48"
"230.68,-0.16,-6.45,1.07,-2.25,2.52,2.47"
"231.69,-2.53,-16.37,0.64,-9.78,2.51,2.48"
"232.70,0.46,-15.09,-0.36,-11.24,2.52,2.48"
"233.71,1.69,-4.70,0.56,-10.36,2.50,2.48"
"234.72,4.52,-7.01,1.56,-6.64,2.50,2.48"
"235.72,-1.38,-13.54,-0.67,-10.64,2.50,2.48"
"236.73,0.86,-8.15,-0.09,-8.26,2.50,2.49"
"237.74,0.65,-10.44,-0.57,-11.60,2.51,2.47"
"238.75,2.62,-9.24,3.21,-5.81,2.50,2.47"
"239.76,1.00,-7.76,-1.92,-10.30,2.51,2.48"
"240.77,0.43,-8.13,0.65,-10.55,2.50,2.47"
"241.78,-1.25,-9.22,-1.74,-9.37,2.51,2.48"
"242.79,1.42,-10.10,0.92,-10.01,2.51,2.48"
"243.80,0.35,-8.42,-0.01,-11.14,2.52,2.48"
"244.81,-0.34,-8.15,1.52,-9.37,2.52,2.47"
"245.82,-1.04,-9.08,-0.05,-7.83,2.51,2.47"
"246.82,0.80,-6.42,-0.83,-9.70,2.51,2.47"
"247.83,1.28,-3.52,1.26,-10.10,2.50,2.46"
"248.84,0.96,-11.39,0.39,-10.18,2.52,2.47"
"249.85,3.59,-7.88,0.30,-12.24,2.50,2.48"
"250.86,0.70,-9.64,0.81,-9.69,2.50,2.47"
"251.87,-0.17,-10.37,0.07,-7.23,2.51,2.46"
"252.88,-1.22,-10.74,0.85,-7.92,2.51,2.47"
"253.89,2.04,-12.50,-0.28,-11.32,2.51,2.47"
"254.90,0.83,-7.17,-1.48,-7.98,2.51,2.48"
"255.91,2.04,-6.81,-1.16,-5.80,2.52,2.49"
"256.92,1.92,-9.45,2.55,-10.94,2.51,2.47"
"257.92,1.64,-4.67,-0.63,-10.25,2.50,2.47"
"258.93,-0.19,-14.32,0.27,-10.87,2.51,2.48"
"259.94,1.18,-14.58,0.17,-13.55,2.50,2.48"
"260.95,1.50,-7.41,-0.80,-5.69,2.52,2.48"
"261.96,1.65,-11.62,2.16,-8.41,2.51,2.48"
"262.97,0.66,-12.40,-0.85,-9.26,2.52,2.48"
"263.98,-1.59,-7.00,-1.90,-9.47,2.50,2.48"
"264.99,1.36,-5.59,1.62,-11.42,2.51,2.48"
"266.00,0.89,-8.62,0.05,-9.89,2.50,2.48"
"267.01,2.42,-9.91,0.79,-12.13,2.52,2.48"
"268.02,0.08,-2.92,1.54,-8.29,2.51,2.47"
"269.02,1.20,-10.99,-1.71,-9.88,2.50,2.48"
"270.03,1.93,-12.10,2.07,-10.96,2.50,2.48"
"271.04,0.13,-13.54,-1.36,-14.33,2.50,2.48"
"272.05,-1.07,-7.90,0.76,-4.60,2.51,2.47"
"273.06,1.09,-9.91,-0.50,-7.48,2.53,2.47"
"274.07,1.83,-8.21,0.97,-9.37,2.50,2.47"
"275.08,1.12,-11.98,0.60,-11.08,2.51,2.49"
"276.09,0.82,-11.55,1.46,-10.18,2.51,2.47"
"277.10,1.99,-14.09,1.61,-11.88,2.53,2.47"
"278.11,-2.80,-11.46,-0.12,-7.10,2.51,2.48"
"279.11,-0.27,-5.63,-0.89,-6.89,2.49,2.48"
"280.12,0.73,-7.90,1.04,-10.92,2.50,2.48"
"281.13,1.02,-12.39,-1.46,-13.76,2.52,2.47"
"282.14,1.91,-9.60,0.36,-10.93,2.51,2.48"
"283.15,-0.31,-8.48,1.08,-10.43,2.51,2.46"
"284.16,0.45,-14.03,0.98,-9.74,2.52,2.48"
"285.17,0.40,-7.71,0.07,-7.20,2.51,2.48"
"286.18,-1.13,-5.57,-1.39,-11.88,2.51,2.47"
"287.19,-1.00,-10.74,-2.00,-8.52,2.51,2.50"
"288.20,2.98,-9.21,1.31,-14.01,2.52,2.48"
"289.21,1.13,-11.78,0.63,-12.63,2.50,2.48"
"290.21,1.34,-11.43,0.74,-9.02,2.53,2.48"
"291.22,0.21,-10.95,-0.60,-10.48,2.51,2.49"
"292.23,2.09,-5.88,-0.66,-5.50,2.50,2.47"
"293.24,-0.28,-6.99,-1.73,-7.25,2.51,2.48"
"294.25,0.53,-9.54,0.33,-11.65,2.51,2.48"
"295.26,0.88,-7.20,-0.25,-4.55,2.51,2.46"
"296.27,0.61,-7.81,0.99,-8.67,2.50,2.49"
"297.28,0.12,-12.42,-0.64,-10.84,2.50,2.48"
"298.29,1.91,-8.10,-0.63,-13.14,2.51,2.47"
"299.30,1.23,-9.94,0.18,-8.34,2.51,2.46"
"300.30,-0.16,-10.08,-1.46,-8.89,2.50,2.48"
"301.32,0.77,-9.17,-1.81,-6.88,2.50,2.47"
"302.32,-2.13,-10.18,0.19,-5.10,2.51,2.48"
"303.33,-0.59,-11.82,-1.32,5.16,2.49,2.46"
"304.34,0.17,-14.80,-1.87,-11.25,2.51,2.47"
"305.35,1.17,-5.84,-0.28,-5.16,2.51,2.48"
"306.36,2.25,-11.34,-1.07,-13.32,2.51,2.49"
"307.37,1.75,-11.93,0.24,-14.79,2.51,2.47"
"308.38,3.12,-14.80,1.30,-15.60,2.50,2.48"
"309.39,0.47,-5.27,-0.90,-6.42,2.50,2.48"
"310.39,-2.72,-8.88,-2.50,-9.80,2.53,2.49"
"311.41,1.58,-12.84,1.08,-11.75,2.51,2.48"
"312.41,0.70,-7.29,0.86,-10.74,2.52,2.46"
"313.42,2.72,-5.45,-0.14,-15.61,2.50,2.47"
"314.43,2.08,-6.78,1.61,-6.35,2.50,2.49"
"315.44,0.84,-10.88,2.27,-12.35,2.52,2.47"
"316.45,1.32,-9.67,-0.75,-12.73,2.51,2.47"
"317.46,1.06,-15.50,0.96,-8.53,2.49,2.49"
"318.47,0.62,-9.20,0.50,-10.29,2.52,2.47"
"319.48,-0.03,-7.11,-0.06,-10.98,2.51,2.47"
"320.49,0.05,-12.89,-0.22,-10.30,2.49,2.47"
"321.50,2.41,-14.11,1.64,-12.97,2.50,2.46"
"322.51,0.69,-8.15,0.20,-8.88,2.51,2.46"
"323.51,-0.85,-11.23,0.45,-12.44,2.52,2.49"
"324.52,2.83,-8.71,0.05,-9.18,2.51,2.48"
"325.53,2.62,-10.10,-0.96,-10.84,2.49,2.48"
"326.54,1.58,-7.15,-0.11,-7.47,2.51,2.48"
"327.55,2.05,-10.46,-0.23,-18.17,2.52,2.48"
"328.56,-0.32,-10.96,-1.10,-10.51,2.51,2.47"
"329.57,0.74,-12.34,0.95,-10.56,2.50,2.48"
"330.58,-0.09,-11.41,-2.11,-6.23,2.50,2.47"
"331.59,1.75,-8.23,-1.28,-11.48,2.52,2.48"
"332.60,-2.05,-12.08,-3.69,-10.55,2.50,2.46"
"333.60,1.03,-9.47,-2.24,-11.28,2.49,2.47"
"334.61,3.69,-9.04,0.85,-12.50,2.50,2.49"
"335.62,1.01,-3.14,0.75,-6.27,2.52,2.47"
"336.63,1.47,-9.81,0.91,-10.82,2.51,2.47"
"337.64,-0.06,-11.16,0.14,-10.92,2.52,2.49"
"338.65,0.52,-6.67,-0.72,-8.90,2.51,2.48"
"339.66,-0.70,-12.16,-1.05,-11.96,2.51,2.46"
"340.67,-0.37,-11.17,-1.68,-7.74,2.51,2.48"
"341.68,1.45,-10.85,0.11,-9.62,2.50,2.48"
"342.69,1.73,-9.13,1.23,-10.73,2.51,2.47"
"343.70,3.89,-6.85,1.73,-3.11,2.50,2.47"
"344.70,1.03,-11.07,0.13,-7.39,2.49,2.47"
"345.71,-0.82,-9.59,-1.34,-7.14,2.51,2.48"
"346.72,0.21,-6.91,0.46,-11.93,2.51,2.48"
"347.73,-2.68,-12.47,-2.33,-7.59,2.51,2.48"
"348.74,-0.66,-17.07,-1.77,-13.58,2.50,2.48"
"349.75,1.24,-8.32,-1.53,-11.41,2.52,2.49"
"350.76,1.07,-8.91,-0.15,-8.03,2.51,2.48"
"351.77,1.41,-11.79,2.59,-9.31,2.50,2.47"
"352.78,-0.28,-13.60,-0.59,-10.83,2.50,2.46"
"353.79,3.11,-4.78,-0.57,-10.56,2.49,2.48"
"354.80,0.84,-8.03,0.81,-12.33,2.51,2.47"
"355.80,-1.23,-9.13,-0.69,-7.15,2.50,2.48"
"356.81,0.84,-7.77,0.80,-9.87,2.51,2.48"
"357.82,0.76,-11.50,0.29,-8.89,2.51,2.47"
"358.83,0.91,-11.95,0.04,-9.19,2.53,2.48"
"359.84,2.04,-7.44,0.49,-9.00,2.50,2.47"
"360.85,5.19,-7.65,0.29,-14.92,2.49,2.48"
"361.86,0.84,-7.11,0.35,-12.75,2.50,2.47"
"362.87,-1.64,-16.57,-0.48,-12.92,2.50,2.49"
"363.88,-1.75,-12.60,-0.93,-13.16,2.51,2.49"
"364.89,0.58,-9.03,3.09,-9.97,2.50,2.47"
"365.89,0.44,-10.68,-0.57,-11.81,2.52,2.48"
"366.90,1.85,-12.17,3.04,-14.09,2.52,2.47"
"367.91,0.17,-9.31,-0.16,-10.52,2.51,2.46"
"368.92,-1.67,-8.13,-0.34,-10.58,2.51,2.47"
"369.93,4.14,-8.28,0.23,-7.47,2.49,2.46"
"370.94,1.13,-5.24,0.84,-6.49,2.50,2.48"
"371.95,0.57,-10.42,-0.20,-12.44,2.52,2.47"
"372.96,0.19,-7.68,0.97,-6.11,2.51,2.47"
"373.97,3.71,-8.76,3.27,-11.71,2.50,2.47"
"374.98,-0.83,-6.84,-0.15,-7.35,2.51,2.47"
"375.99,0.22,-11.31,-1.54,-15.47,2.50,2.48"
"377.00,0.86,-5.48,-0.68,-12.91,2.50,2.47"
"378.00,-1.60,-8.26,-2.40,-9.72,2.51,2.48"
"379.01,1.58,-3.94,0.46,-7.31,2.50,2.47"
"380.02,3.01,-3.52,1.59,-5.32,2.51,2.46"
"381.03,-0.17,-8.02,-1.86,-9.97,2.51,2.49"
"382.04,0.66,-8.18,-1.00,-8.91,2.52,2.45"
"383.05,-0.57,-12.87,-0.57,-9.36,2.50,2.47"
"384.06,0.33,-7.13,-2.28,-11.10,2.49,2.47"
"385.07,0.82,-5.11,-0.01,-5.45,2.52,2.47"
"386.08,-1.60,-10.52,-1.91,-7.29,2.51,2.47"
"387.09,1.32,-9.94,0.65,-7.75,2.50,2.47"
"388.09,-0.20,-8.86,-0.18,-9.97,2.52,2.46"
"389.10,0.66,-15.42,-1.10,-7.10,2.52,2.48"
"390.11,1.46,-8.84,0.37,-8.91,2.51,2.49"
"391.12,-0.17,-11.47,-0.59,-11.53,2.50,2.48"
"392.13,0.71,-10.55,-0.76,-13.64,2.49,2.45"
"393.14,-1.56,-9.28,-1.05,-8.59,2.53,2.47"
"394.15,1.88,-1.77,1.73,-17.80,2.51,2.48"
"395.16,1.24,-8.28,-2.29,-11.50,2.50,2.47"
"396.17,0.23,-13.97,-0.44,-11.75,2.50,2.49"
"397.18,2.75,-13.03,0.73,-15.37,2.50,2.47"
"398.19,0.53,-9.36,-0.92,-11.63,2.51,2.47"
"399.20,2.54,-2.67,3.09,-3.24,2.50,2.48"
"400.20,-0.99,-10.96,-1.80,-7.92,2.51,2.48"
"401.21,-0.77,-11.63,-1.92,-13.83,2.50,2.47"
"402.22,2.83,-7.68,-1.39,-7.99,2.50,2.49"
"403.23,0.17,-10.66,1.19,-9.32,2.51,2.45"
"404.24,-0.88,-8.24,-1.00,-10.90,2.49,2.47"
"405.25,0.35,-13.37,-0.26,-12.76,2.49,2.47"
"406.26,4.44,-7.53,2.11,-6.78,2.53,2.48"
"407.27,-0.32,-9.49,-0.42,-5.90,2.50,2.48"
"408.27,3.15,-7.01,1.94,-9.62,2.50,2.48"
"409.29,-0.20,-10.68,-0.62,-8.08,2.50,2.47"
"410.29,-0.89,-14.25,0.60,-10.22,2.49,2.47"
"411.30,4.01,-3.94,1.14,-12.41,2.52,2.47"
"412.31,1.17,-7.78,-1.13,-7.82,2.50,2.48"
"413.32,0.51,-17.27,-1.67,-9.44,2.50,2.45"
"414.33,0.34,-5.95,0.59,-7.16,2.51,2.47"
"415.34,-1.39,-8.35,-0.99,-10.76,2.51,2.47"
"416.35,-0.96,-11.79,-1.28,-7.48,2.52,2.48"
"417.36,1.65,-13.25,0.79,-14.56,2.49,2.47"
"418.37,0.51,-10.91,0.25,-9.52,2.50,2.48"
"419.38,-0.41,-11.36,-2.47,-7.57,2.51,2.47"
"420.39,-2.97,-11.83,-2.32,-7.46,2.50,2.47"
"421.39,-0.61,-8.65,0.58,-7.07,2.52,2.48"
"422.40,2.39,-12.03,0.23,-9.45,2.50,2.47"
"423.41,0.60,-13.29,-0.45,-11.91,2.49,2.47"
"424.42,3.16,-15.72,1.40,-10.75,2.50,2.49"
"425.43,-0.50,-8.09,0.70,-5.12,2.52,2.49"
"426.44,1.44,-7.70,-0.23,-9.10,2.51,2.50"
"427.45,-0.00,-6.06,-0.40,-9.92,2.50,2.47"
"428.46,-1.72,-7.77,-2.64,-7.25,2.50,2.49"
"429.47,2.23,-11.19,0.62,-7.48,2.49,2.48"
"430.48,0.84,-5.49,0.87,-3.31,2.50,2.47"
"431.48,0.84,-3.23,0.20,-13.66,2.51,2.45"
"432.49,1.69,-10.08,0.70,-9.85,2.50,2.47"
"433.50,-1.29,-7.52,1.21,-6.05,2.51,2.47"
"434.51,1.38,-3.43,1.26,-18.79,2.51,2.49"
"435.52,0.76,-7.14,-0.17,-5.33,2.50,2.48"
"436.53,-0.32,-11.46,-1.14,-17.59,2.52,2.48"
"437.54,1.99,-6.94,2.04,-4.28,2.51,2.47"
"438.55,-0.43,-5.93,1.07,-12.62,2.49,2.46"
"439.56,2.55,-10.69,-0.40,-9.44,2.49,2.47"
"440.57,0.49,-11.22,0.89,-7.19,2.52,2.48"
"441.58,0.01,-12.91,-2.15,-13.86,2.51,2.48"
"442.58,3.42,-3.19,2.17,-8.12,2.52,2.48"
"443.59,0.10,-9.41,0.74,-5.72,2.50,2.48"
"444.60,-0.85,-14.93,-0.19,-6.15,2.51,2.48"
"445.61,-2.61,-10.83,-0.94,-9.70,2.50,2.46"
"446.62,0.14,-11.00,1.13,-9.31,2.50,2.48"
"447.63,0.07,-14.48,-2.41,-9.37,2.51,2.47"
"448.64,-0.13,-11.00,-2.22,-10.15,2.51,2.47"
"449.65,0.23,-11.10,-1.62,-9.33,2.51,2.48"
"450.66,1.16,-11.11,-0.25,-11.74,2.50,2.47"
"451.67,-0.38,-14.04,-0.40,-11.08,2.52,2.47"
"452.67,2.56,-10.65,1.22,-11.23,2.51,2.47"
"453.69,1.02,-6.02,1.56,-8.88,2.51,2.48"
"454.69,1.85,-7.34,0.82,-10.68,2.51,2.49"
"455.70,1.45,-8.05,0.13,-8.16,2.50,2.47"
"456.71,-0.34,-9.78,-1.13,-10.40,2.50,2.49"
"457.72,-0.10,-10.35,-3.16,-10.78,2.51,2.48"
"458.73,-1.07,-11.90,-2.02,-7.49,2.51,2.47"
"459.74,0.49,-8.55,0.26,-9.87,2.51,2.49"
"460.75,0.14,-12.11,-1.74,-7.81,2.51,2.48"
"461.76,0.27,-6.92,0.28,-13.10,2.51,2.48"
"462.77,2.13,-13.33,-0.10,-15.39,2.49,2.48"
"463.77,0.52,-8.52,0.33,-8.75,2.51,2.47"
"464.78,-1.68,-8.68,0.75,-9.57,2.52,2.47"
"465.79,1.52,-10.23,-2.03,-10.91,2.50,2.47"
"466.80,-3.72,-14.20,-4.04,-12.23,2.51,2.48"
"467.81,2.15,-13.98,-0.70,-11.75,2.50,2.47"
"468.82,4.79,-10.37,1.40,-7.57,2.49,2.47"
"469.83,1.18,-10.85,0.24,-9.84,2.51,2.47"
"470.84,-0.22,-8.17,1.18,-3.93,2.52,2.48"
"471.85,1.56,-7.35,-0.53,-8.87,2.52,2.48"
"472.86,3.79,-6.75,-0.32,-12.61,2.51,2.48"
"473.87,-0.07,-8.30,0.72,-9.69,2.50,2.47"
"474.87,0.62,-11.26,-0.14,-11.41,2.51,2.48"
"475.88,1.39,-5.63,0.67,-7.87,2.51,2.47"
"476.89,2.79,-7.94,1.73,-13.01,2.50,2.48"
"477.90,0.76,-10.18,0.26,-10.18,2.50,2.49"
"478.91,-1.21,-9.96,0.29,-5.72,2.51,2.47"
"479.92,-0.86,-13.97,2.36,-15.58,2.50,2.49"
"480.93,1.56,-8.00,0.07,-8.57,2.51,2.46"
"481.94,1.76,-2.02,1.86,-1.34,2.54,2.46"
"482.95,1.36,-15.40,1.80,-15.08,2.50,2.46"
"483.96,2.47,-14.95,0.74,-14.87,2.51,2.49"
"484.97,2.87,-13.56,2.56,-11.60,2.53,2.48"
"485.98,-1.71,-9.49,0.92,-4.96,2.52,2.47"
"486.98,2.33,-5.95,0.64,-9.16,2.51,2.47"
"487.99,1.78,-8.98,-2.36,-10.50,2.51,2.47"
"489.00,-0.29,-7.11,-0.36,-2.74,2.52,2.48"
"490.01,-0.27,-10.50,0.47,-6.64,2.50,2.47"
"491.02,0.96,-7.38,-1.17,-12.44,2.51,2.48"
"492.03,1.33,-9.50,-0.80,-12.33,2.49,2.49"
"493.04,0.43,-9.84,-0.00,-11.11,2.51,2.48"
"494.05,0.38,-14.65,-1.54,-10.09,2.51,2.48"
"495.06,1.38,-10.68,1.10,-8.73,2.50,2.47"
"496.07,0.64,-9.74,0.97,-13.02,2.50,2.47"
"497.08,1.83,-3.42,0.21,-8.98,2.50,2.47"
"498.08,0.88,-12.48,0.91,-13.29,2.52,2.48"
"499.09,-0.02,-18.72,0.79,-9.19,2.50,2.47"
"500.10,-0.24,-11.91,0.07,-11.15,2.52,2.47"
"501.11,0.65,-9.19,0.78,-11.05,2.51,2.50"
"502.12,2.27,-8.56,0.59,-8.79,2.51,2.49"
"503.13,-0.91,-11.57,-0.85,-8.36,2.52,2.48"
"504.14,-0.56,-7.84,1.84,-7.19,2.51,2.46"
"505.15,0.84,-10.58,-0.10,-9.60,2.51,2.47"
"506.16,2.83,-8.35,0.95,-9.31,2.49,2.47"
"507.17,0.34,-10.57,2.91,-10.47,2.52,2.47"
"508.17,0.75,-8.57,-1.34,-6.78,2.51,2.47"
"509.18,1.50,-10.94,0.57,-10.60,2.52,2.49"
"510.19,0.38,-9.52,-1.58,-2.92,2.52,2.47"
"511.20,0.48,-12.19,0.69,-8.99,2.50,2.49"
"512.21,1.33,-5.03,-0.17,-7.49,2.50,2.48"
"513.22,1.03,-13.50,-0.06,-12.71,2.50,2.48"
"514.23,0.30,-9.49,-0.67,-9.60,2.50,2.48"
"515.24,1.62,-11.72,1.36,-10.03,2.52,2.47"
"516.25,0.47,-7.13,-1.15,-9.07,2.52,2.48"
"517.26,1.28,-10.48,-1.31,-8.02,2.50,2.48"
"518.27,1.92,-8.06,0.05,-14.08,2.51,2.47"
"519.27,1.13,-11.99,1.10,-11.70,2.52,2.48"
"520.28,0.39,-9.41,-0.06,-9.49,2.52,2.49"
"521.29,0.74,-9.36,-0.09,-9.84,2.51,2.49"
"522.30,0.62,-9.79,-0.02,-9.77,2.51,2.48"
"523.31,0.68,-9.77,-0.06,-9.84,2.52,2.48"
"524.32,0.72,-9.87,0.05,-9.78,2.51,2.48"
"525.33,0.62,-9.81,-0.02,-9.87,2.51,2.48"
