"0.62,2.64,-38.83,-0.12,0.71,-9.65,-0.07,2.51,2.49"
"1.63,0.76,-9.77,0.01,0.59,-9.79,0.09,2.52,2.49"
"2.64,0.65,-10.15,-0.30,0.76,-9.25,0.20,2.51,2.49"
"3.65,0.16,-8.86,-0.20,0.74,-9.77,-0.17,2.52,2.49"
"4.66,0.38,-9.98,-0.15,0.37,-10.12,-0.43,2.52,2.50"
"5.67,0.69,-8.73,0.08,0.49,-10.76,-0.03,2.52,2.50"
"6.68,1.02,-9.49,0.03,0.79,-10.47,0.04,2.52,2.49"
"7.69,0.56,-10.68,-0.12,0.81,-9.71,0.06,2.52,2.50"
"8.69,0.73,-10.21,-0.07,0.74,-9.85,0.16,2.52,2.49"
"9.71,0.49,-9.45,0.00,0.74,-9.14,0.01,2.52,2.49"
"10.72,0.74,-9.69,0.37,1.04,-9.73,0.40,2.52,2.50"
"11.72,0.54,-10.05,-0.06,0.50,-9.88,-0.11,2.52,2.50"
"12.73,0.77,-10.37,-0.02,0.82,-10.39,0.13,2.52,2.49"
"13.74,0.92,-9.99,0.12,0.59,-10.34,0.13,2.53,2.50"
"14.75,0.69,-10.02,0.11,0.59,-9.75,0.16,2.52,2.49"
"15.76,0.94,-10.10,-0.08,0.38,-9.93,-0.38,2.52,2.49"
"16.77,0.44,-9.60,0.02,0.48,-10.22,-0.15,2.52,2.50"
"17.78,0.61,-10.95,-0.21,0.75,-9.29,0.20,2.52,2.49"
"18.79,4.42,-3.67,2.56,-0.68,-14.70,-0.58,2.52,2.49"
"19.80,0.28,-10.82,0.98,1.13,-9.93,0.37,2.53,2.49"
"20.81,0.43,-9.64,0.44,0.86,-10.15,0.23,2.53,2.50"
"21.82,0.52,-10.72,-0.20,0.82,-9.83,0.25,2.52,2.50"
"22.83,1.28,-8.82,0.37,0.70,-9.78,-0.08,2.53,2.49"
"23.84,0.61,-10.44,-0.15,0.51,-9.70,0.12,2.52,2.49"
"24.85,0.24,-9.96,-0.25,0.68,-9.82,-0.09,2.51,2.49"
"25.86,0.92,-10.24,-0.05,0.68,-9.93,-0.00,2.52,2.49"
"26.87,0.23,-10.27,-0.31,0.73,-9.08,0.01,2.52,2.51"
"27.88,0.91,-9.45,0.02,0.48,-9.74,-0.01,2.53,2.50"
"28.89,0.91,-10.45,-0.11,0.68,-10.06,0.07,2.52,2.49"
"29.90,0.96,-8.20,0.28,0.28,-10.69,-0.45,2.53,2.49"
"30.91,0.34,-10.52,-0.39,0.71,-8.44,0.21,2.52,2.49"
"31.92,1.75,-7.34,-0.00,-0.40,-11.06,-0.20,2.53,2.49"
"32.93,1.01,-9.16,0.79,-0.62,-9.82,0.69,2.53,2.49"
"33.94,1.25,-9.30,0.73,1.59,-7.68,0.80,2.53,2.50"
"34.95,0.30,-10.36,0.13,1.26,-8.99,-0.47,2.52,2.49"
"35.96,2.30,-5.73,0.98,0.20,-9.91,-0.86,2.53,2.49"
"36.97,0.67,-7.61,-0.29,0.31,-6.52,-0.09,2.53,2.49"
"37.98,0.35,-10.13,-0.23,-0.15,-10.57,0.13,2.54,2.50"
"38.99,1.08,-11.28,-0.14,-0.26,-7.95,0.33,2.53,2.49"
"40.00,1.68,-13.75,-1.92,1.67,-8.78,-2.82,2.52,2.48"
"41.01,1.52,-9.14,2.39,2.35,-11.74,2.85,2.54,2.48"
"42.02,0.48,-15.11,-1.31,1.92,-11.15,-0.71,2.52,2.49"
"43.03,-1.55,-9.71,-0.25,3.57,-8.09,0.45,2.53,2.49"
"44.04,1.36,-15.52,-0.04,1.37,-16.66,-0.14,2.53,2.49"
"45.04,-1.13,-3.95,0.05,2.15,-0.88,2.61,2.52,2.48"
"46.05,0.13,-9.55,-0.38,1.09,-8.71,0.85,2.52,2.49"
"47.06,1.07,-11.25,2.38,-0.35,-8.68,1.21,2.52,2.50"
"48.07,0.08,-8.68,0.97,0.49,-7.91,0.62,2.52,2.49"
"49.08,-0.07,-11.00,-0.65,0.55,-9.44,0.10,2.53,2.51"
"50.09,-2.08,-10.88,-1.96,-0.68,-10.59,-0.54,2.51,2.48"
"51.10,0.85,-8.20,-0.24,0.82,-8.99,0.89,2.52,2.49"
"52.11,0.34,-11.37,-0.53,0.05,-9.93,-0.16,2.52,2.49"
"53.12,0.87,-8.30,0.38,1.41,-9.17,0.67,2.52,2.49"
"54.13,-0.76,-10.98,-0.92,1.45,-7.39,1.04,2.53,2.50"
"55.14,0.06,-9.12,0.06,1.43,-8.59,0.62,2.52,2.49"
"56.15,1.64,-9.11,0.06,0.62,-9.49,0.15,2.52,2.48"
"57.16,-1.10,-7.27,-0.36,-0.10,-11.16,0.16,2.52,2.50"
"58.17,2.31,-8.88,0.82,-1.33,-11.68,-0.62,2.52,2.48"
"59.18,-0.10,-9.37,-1.16,-0.95,-10.23,-1.15,2.52,2.50"
"60.19,-0.22,-9.89,-0.45,1.19,-8.88,0.80,2.51,2.49"
"61.20,-0.21,-12.92,-0.69,-3.12,-15.57,-1.20,2.52,2.49"
"62.21,1.55,-9.08,-0.07,-0.27,-10.80,-0.11,2.51,2.51"
"63.22,2.05,-10.41,0.00,1.64,-10.02,0.76,2.51,2.49"
"64.23,0.17,-8.00,0.97,-0.51,-11.17,-0.39,2.53,2.50"
"65.24,-0.42,-9.42,0.24,0.69,-9.45,-0.67,2.51,2.50"
"66.25,0.33,-8.84,1.02,1.36,-8.74,0.65,2.52,2.50"
"67.26,-2.20,-15.22,-0.47,1.13,-8.82,0.12,2.52,2.49"
"68.27,1.17,-10.03,0.23,-0.63,-11.47,-0.84,2.52,2.49"
"69.28,1.35,-10.49,-0.10,1.57,-10.54,-0.21,2.53,2.50"
"70.29,-0.27,-8.27,-0.40,-0.85,-11.77,-1.51,2.52,2.50"
"71.30,-0.41,-11.13,-0.03,0.21,-9.99,-0.74,2.53,2.49"
"72.31,-0.49,-12.86,-0.72,0.43,-5.94,1.23,2.51,2.49"
"73.32,0.19,-8.55,0.91,-0.61,-9.99,-0.45,2.54,2.50"
"74.33,2.27,-9.25,-0.03,1.67,-10.38,-0.36,2.52,2.48"
"75.33,0.60,-10.40,0.25,1.85,-9.62,0.10,2.52,2.50"
"76.34,1.47,-9.14,0.15,-1.08,-9.61,-0.06,2.54,2.50"
"77.36,0.67,-9.33,0.22,1.57,-9.20,0.37,2.53,2.50"
"78.36,0.19,-8.83,0.43,0.20,-11.39,-0.36,2.52,2.50"
"79.37,0.76,-8.64,0.16,1.56,-8.41,0.31,2.52,2.49"
"80.38,0.28,-7.08,-0.41,0.74,-6.44,0.14,2.52,2.49"
"81.39,0.56,-10.14,0.47,1.32,-10.71,0.11,2.52,2.49"
"82.40,1.32,-11.30,-0.47,0.12,-11.80,-0.18,2.53,2.49"
"83.41,0.20,-9.55,0.86,2.24,-10.48,-0.48,2.52,2.49"
"84.42,0.87,-6.08,-0.10,0.13,-9.91,0.16,2.52,2.50"
"85.43,-0.97,-10.30,-0.37,0.22,-10.46,-0.40,2.53,2.50"
"86.44,1.08,-8.37,1.41,1.16,-7.45,1.05,2.52,2.50"
"87.45,2.42,-11.40,-1.04,2.12,-7.95,0.28,2.52,2.51"
"88.46,2.00,-12.36,-0.69,1.88,-8.76,-0.02,2.51,2.50"
"89.47,2.01,-13.48,-0.15,0.86,-12.02,-0.15,2.52,2.50"
"90.48,1.70,-7.41,-0.39,-0.29,-8.98,-0.07,2.52,2.50"
"91.49,2.25,-14.46,0.41,1.64,-14.37,0.27,2.50,2.49"
"92.50,1.29,-11.30,2.13,0.19,-8.13,1.41,2.53,2.49"
"93.51,-0.95,-7.65,1.59,3.02,-6.29,3.24,2.52,2.50"
"94.52,1.20,-13.40,-1.24,0.99,-9.81,0.28,2.52,2.49"
"95.53,1.34,-6.94,-0.43,0.20,-8.91,-0.51,2.51,2.49"
"96.54,1.54,-6.64,0.81,-0.96,-12.52,1.57,2.52,2.51"
"97.55,5.73,-6.81,3.99,1.02,-11.27,2.32,2.53,2.51"
"98.56,3.28,-8.09,1.54,0.36,-12.16,0.22,2.52,2.49"
"99.57,-0.66,-8.74,-0.88,-2.16,-10.95,-2.83,2.51,2.49"
"100.58,0.13,-8.57,0.48,2.49,-8.59,1.21,2.52,2.50"
"101.59,-2.88,-6.52,-3.83,1.19,-8.19,-1.97,2.52,2.51"
"102.60,0.20,-10.77,0.04,-0.61,-8.03,2.17,2.52,2.49"
"103.61,1.33,-7.08,1.99,1.79,-6.22,1.69,2.51,2.50"
"104.62,-0.00,-12.03,-2.10,-1.19,-10.89,-1.82,2.52,2.50"
"105.63,-1.41,-10.34,-0.17,-3.06,-10.39,0.48,2.52,2.50"
"106.64,0.78,-7.85,-0.02,1.57,-11.04,-0.16,2.52,2.51"
"107.65,-0.29,-10.88,-0.00,-0.78,-8.02,1.62,2.52,2.50"
"108.66,0.66,-9.71,-1.52,-0.52,-10.35,-1.44,2.53,2.50"
"109.67,0.22,-10.92,-1.54,2.74,-11.50,-0.77,2.52,2.49"
"110.68,2.21,-6.81,2.29,1.40,-11.67,1.57,2.52,2.50"
"111.69,0.01,-14.69,0.20,3.26,-10.40,0.94,2.51,2.50"
"112.70,0.65,-10.20,-0.56,1.24,-7.74,0.37,2.52,2.49"
"113.70,-0.48,-5.06,-0.80,-1.56,-6.41,-0.87,2.53,2.49"
"114.71,0.17,-15.54,-1.64,1.77,-8.36,-0.08,2.52,2.50"
"115.72,-0.98,-12.45,-1.30,1.47,-10.02,-0.96,2.53,2.50"
"116.73,3.63,-6.68,-0.59,3.53,-4.10,-0.68,2.53,2.50"
"117.74,0.06,-4.73,1.69,2.92,-7.23,3.10,2.51,2.50"
"118.75,1.34,-10.93,-0.03,1.02,-11.00,-0.50,2.52,2.50"
"119.76,3.98,-13.11,1.10,4.22,-17.66,0.79,2.51,2.50"
"120.77,-1.94,-10.33,-0.23,1.41,-8.67,2.45,2.51,2.49"
"121.78,0.27,-9.00,0.53,2.23,-7.22,2.83,2.52,2.49"
"122.79,0.68,-7.55,1.33,3.54,-4.90,2.02,2.53,2.50"
"123.80,-0.28,-11.92,-0.64,0.99,-15.16,-1.39,2.50,2.50"
"124.81,0.59,-9.59,-1.55,-2.94,-10.02,-1.07,2.51,2.49"
"125.82,-1.92,-9.07,-0.49,-0.24,-8.14,0.45,2.53,2.49"
"126.83,1.79,-11.54,2.73,4.42,-12.85,2.47,2.51,2.50"
"127.84,0.40,-12.18,-1.70,0.91,-9.68,-0.68,2.52,2.50"
"128.85,0.83,-12.61,0.72,1.99,-10.26,0.36,2.51,2.50"
"129.86,0.27,-9.18,-1.70,1.07,-5.50,-1.39,2.53,2.50"
"130.87,-1.42,-13.56,-1.93,1.27,-15.60,-1.19,2.51,2.48"
"131.88,4.87,-10.28,0.73,1.66,-11.10,-1.75,2.52,2.51"
"132.89,0.52,-11.81,-0.83,1.81,-12.24,-1.23,2.52,2.49"
"133.90,0.99,-8.31,2.66,0.39,-8.89,2.41,2.53,2.49"
"134.91,-0.43,-6.56,-0.50,-0.21,-11.20,-0.03,2.53,2.49"
"135.92,-1.38,-13.24,0.34,-0.38,-13.53,1.03,2.52,2.50"
"136.93,1.13,-5.63,2.12,2.11,-11.43,1.21,2.52,2.51"
"137.94,0.34,-12.96,-0.46,-2.13,-12.55,0.27,2.52,2.51"
"138.95,0.24,-8.41,1.16,-0.70,-8.96,1.00,2.53,2.50"
"139.96,0.54,-11.38,0.24,0.16,-11.56,-1.47,2.53,2.50"
"140.97,1.31,-12.01,-1.55,1.18,-14.48,-1.39,2.51,2.50"
"141.98,0.74,-6.45,1.66,1.68,-9.91,2.31,2.52,2.50"
"142.99,0.72,-4.37,1.43,-1.68,-10.45,0.59,2.51,2.49"
"144.00,-0.37,-13.97,-1.27,-2.01,-12.40,0.06,2.52,2.50"
"145.01,0.20,-11.80,-3.92,0.98,-9.61,-2.42,2.50,2.49"
"146.02,4.68,-6.22,5.00,2.85,-9.02,2.09,2.52,2.50"
"147.03,0.33,-7.76,1.22,1.40,-13.90,0.65,2.52,2.50"
"148.04,1.08,-11.14,0.42,0.22,-11.00,-0.23,2.52,2.51"
"149.05,0.58,-13.90,-1.64,-0.04,-12.16,-1.54,2.51,2.50"
"150.06,2.54,-11.73,4.27,3.95,-12.04,4.36,2.53,2.50"
"151.07,-0.85,-3.05,-0.18,-0.90,-8.49,0.06,2.52,2.50"
"152.08,1.20,-8.64,1.12,0.55,-6.44,1.72,2.52,2.50"
"153.09,0.26,-8.75,-0.51,0.05,-10.88,-0.51,2.51,2.49"
"154.10,3.22,-10.59,1.28,-1.31,-12.70,-1.90,2.51,2.48"
"155.11,1.25,-15.01,-1.90,0.81,-18.20,-1.97,2.52,2.50"
"156.12,1.26,-7.79,-0.18,1.38,-7.62,-0.91,2.53,2.49"
"157.13,-1.34,-7.10,-1.22,0.29,-7.46,-0.01,2.51,2.49"
"158.13,-2.21,-12.27,-0.63,1.04,-8.84,0.72,2.50,2.48"
"159.14,-1.73,-11.18,-0.15,-0.09,-10.83,-0.90,2.53,2.50"
"160.15,-1.33,-13.90,-1.51,1.65,-10.94,0.00,2.53,2.51"
"161.16,0.28,-10.38,0.96,3.00,-10.80,2.52,2.52,2.51"
"162.17,0.53,-11.01,0.00,0.86,-7.97,0.74,2.51,2.49"
"163.18,-1.12,-11.22,-0.71,1.02,-9.12,0.73,2.52,2.50"
"164.19,2.44,-5.84,-0.15,0.13,-6.46,-1.36,2.53,2.50"
"165.20,1.02,-13.73,0.58,4.24,-10.25,2.21,2.53,2.48"
"166.21,-0.49,-15.77,-0.87,1.08,-7.56,0.50,2.51,2.49"
"167.22,0.31,-10.75,3.41,-1.47,-10.00,2.14,2.51,2.51"
"168.23,0.86,-6.32,0.45,0.88,-11.23,0.74,2.52,2.50"
"169.24,0.65,-13.09,1.33,0.60,-10.42,0.60,2.53,2.50"
"170.25,0.17,-10.80,-1.12,0.27,-13.01,-1.09,2.51,2.50"
"171.26,1.20,-7.10,-1.67,-0.10,-7.96,-2.80,2.51,2.49"
"172.27,0.43,-9.14,-2.03,1.17,-13.63,-1.72,2.51,2.50"
"173.28,-1.04,-8.88,-0.47,-1.13,-6.22,-0.39,2.50,2.50"
"174.29,0.50,-9.70,1.16,0.97,-11.92,2.17,2.51,2.49"
"175.30,2.34,-12.39,0.54,1.90,-17.08,1.05,2.51,2.50"
"176.31,0.17,-4.81,0.24,0.55,-5.83,-0.17,2.53,2.51"
"177.32,2.14,-11.03,2.53,4.09,-9.33,3.62,2.51,2.49"
"178.33,2.59,-9.19,2.39,1.83,-13.06,1.70,2.51,2.50"
"179.34,1.66,-7.97,1.94,-0.97,-11.32,0.29,2.52,2.50"
"180.35,1.13,-5.12,-1.66,-1.56,-5.28,-2.22,2.53,2.50"
"181.36,1.32,-11.80,-0.27,0.49,-11.33,-0.58,2.52,2.49"
"182.37,2.99,-10.13,2.91,2.33,-7.38,3.36,2.51,2.50"
"183.38,0.61,-10.64,-0.06,0.22,-10.80,-0.07,2.52,2.49"
"184.39,1.24,-12.63,2.11,2.21,-11.24,-1.21,2.52,2.50"
"185.40,2.79,-6.43,0.15,0.84,-10.42,-2.00,2.51,2.50"
"186.41,-0.89,0.34,-3.45,-2.67,-6.12,-4.45,2.50,2.48"
"187.42,-0.56,-14.15,-1.36,0.51,-14.58,-1.44,2.51,2.50"
"188.43,3.77,-6.64,3.14,3.42,-5.00,2.59,2.51,2.50"
"189.44,0.98,-10.38,-1.19,0.77,-10.66,-0.69,2.52,2.50"
"190.45,-0.76,-9.91,-0.42,0.06,-9.54,0.34,2.52,2.50"
"191.46,-0.68,-9.02,-1.56,1.21,-8.22,-0.49,2.52,2.50"
"192.47,0.01,-9.26,-1.67,1.46,-8.83,-1.13,2.52,2.50"
"193.48,2.41,-12.46,1.33,1.22,-14.93,1.44,2.51,2.49"
"194.49,1.22,-7.75,0.18,-0.39,-6.35,-0.50,2.51,2.49"
"195.50,1.59,-9.18,1.61,0.79,-11.85,2.49,2.52,2.50"
"196.51,3.27,-8.48,-1.20,3.23,-12.39,-2.39,2.51,2.48"
"197.52,-3.88,-7.82,-2.35,0.91,-5.62,-1.22,2.53,2.50"
"198.52,0.69,-5.94,-0.15,2.47,-5.92,0.57,2.52,2.49"
"199.54,2.98,-10.80,0.93,2.96,-8.41,1.58,2.52,2.51"
"200.55,3.44,-7.27,2.74,1.59,-10.11,-0.49,2.51,2.49"
"201.55,0.06,-6.59,-0.92,1.49,-4.92,-1.01,2.52,2.49"
"202.57,2.25,-9.10,1.96,0.78,-11.84,1.33,2.52,2.50"
"203.58,1.47,-6.47,0.58,-1.20,-11.17,-1.01,2.50,2.49"
"204.58,-2.53,-9.93,-2.03,-1.60,-10.93,-0.61,2.51,2.50"
"205.59,-1.04,-9.32,-1.38,3.40,-9.86,0.99,2.52,2.50"
"206.60,1.73,-10.72,-1.72,-0.84,-12.46,-0.93,2.51,2.49"
"207.61,-0.52,-13.21,-1.46,0.09,-14.28,-1.13,2.54,2.49"
"208.62,3.78,-8.46,4.53,1.48,-9.86,2.65,2.51,2.49"
"209.63,1.59,-8.75,0.74,0.95,-14.38,0.32,2.52,2.50"
"210.64,1.09,-10.85,0.81,1.07,-12.18,1.34,2.51,2.49"
"211.65,-0.77,-6.59,-0.15,-0.04,-7.80,1.77,2.51,2.49"
"212.66,-0.09,-7.31,-2.20,1.38,-7.94,-2.86,2.53,2.50"
"213.67,0.67,-15.16,1.88,3.99,-7.25,0.77,2.52,2.50"
"214.68,-0.45,-12.95,-1.78,-0.99,-8.44,-2.32,2.53,2.50"
"215.69,-1.92,-15.80,-2.63,-1.43,-11.95,-0.35,2.51,2.52"
"216.70,-1.24,-5.50,-0.26,-1.18,-5.80,-0.45,2.51,2.48"
"217.71,-2.21,-10.08,-1.45,-0.95,-10.66,0.29,2.51,2.49"
"218.72,2.46,-8.09,1.84,-0.55,-7.12,1.35,2.52,2.49"
"219.73,2.88,-9.53,3.14,3.69,-15.98,2.44,2.52,2.48"
"220.74,3.33,-10.52,0.74,0.54,-11.70,-0.02,2.51,2.49"
"221.75,-0.30,-8.83,0.59,3.58,-4.96,0.61,2.53,2.49"
"222.76,-0.78,-4.16,0.66,-0.34,-12.17,-0.16,2.52,2.50"
"223.77,-1.94,-8.77,-0.27,1.01,-14.13,0.26,2.52,2.49"
"224.78,-3.15,-9.90,0.78,1.54,-5.60,1.23,2.52,2.49"
"225.79,4.29,-9.15,0.39,0.31,-12.06,-1.70,2.54,2.49"
"226.80,-0.06,-10.45,-0.69,-0.61,-12.88,0.26,2.52,2.50"
"227.81,-1.13,-5.48,-0.70,-2.77,-8.51,-0.17,2.52,2.49"
"228.82,1.36,-11.48,-0.26,1.05,-17.98,-2.57,2.50,2.49"
"229.83,3.41,-8.34,-1.45,2.73,-9.58,-1.90,2.51,2.50"
"230.84,0.09,-8.23,-0.44,2.24,-8.14,1.82,2.51,2.48"
"231.85,-0.42,-11.90,-1.03,-0.85,-13.33,-2.58,2.52,2.49"
"232.86,0.55,-7.74,-1.11,0.84,-5.54,-0.77,2.51,2.48"
"233.87,-0.65,-14.58,-0.94,-3.04,-9.90,0.67,2.52,2.50"
"234.88,1.19,-9.09,1.81,1.76,-9.38,2.72,2.51,2.49"
"235.89,-1.31,-11.40,0.80,0.65,-10.28,2.21,2.51,2.46"
"236.90,-1.12,-13.28,-0.94,-1.02,-9.03,-0.88,2.52,2.49"
"237.91,0.89,-11.27,-0.71,1.76,-9.76,1.32,2.52,2.48"
"238.92,-0.36,-12.80,-0.45,0.19,-11.14,-0.85,2.52,2.49"
"239.93,-2.09,-9.53,-2.03,0.93,-8.42,0.11,2.53,2.49"
"240.94,-2.80,-7.83,-1.74,-1.21,-7.77,-0.66,2.52,2.49"
"241.95,-4.01,-10.02,-0.19,-2.48,-8.37,0.24,2.52,2.48"
"242.96,-1.97,-9.02,-2.32,0.12,-7.24,-1.47,2.51,2.50"
"243.97,-1.13,-9.54,-1.33,-2.82,-13.80,-3.18,2.52,2.50"
"244.98,-2.12,-6.61,-2.01,0.02,-6.49,-1.58,2.52,2.47"
"245.99,1.72,-8.85,0.45,0.31,-12.50,-0.43,2.52,2.48"
"246.99,0.79,-7.75,1.02,3.60,-7.23,2.92,2.52,2.48"
"248.00,1.87,-15.20,-1.43,2.08,-17.06,-1.99,2.52,2.50"
"249.01,-0.81,-5.66,0.44,-0.90,-5.96,-0.33,2.53,2.49"
"250.02,2.16,-15.61,-1.38,0.66,-16.34,-1.78,2.52,2.47"
"251.03,1.84,-11.22,0.23,-0.21,-13.48,-0.95,2.52,2.48"
"252.04,-0.67,-7.59,-0.58,-2.84,-5.08,-1.91,2.51,2.49"
"253.05,0.69,-7.13,-1.55,-0.63,-11.32,-3.03,2.51,2.48"
"254.06,-2.66,-6.31,-3.29,-1.91,-7.73,-1.61,2.52,2.48"
"255.07,-2.86,-8.36,-1.08,-0.79,-8.46,-1.06,2.53,2.49"
"256.08,2.30,-5.58,1.03,4.36,-7.84,-0.16,2.52,2.47"
"257.09,1.68,-7.41,-1.60,2.76,-8.42,-1.65,2.52,2.49"
"258.10,-0.76,-16.41,1.37,0.49,-16.18,2.01,2.53,2.50"
"259.11,-1.52,-14.67,0.29,-0.91,-11.00,-0.36,2.53,2.47"
"260.12,2.00,-7.75,-1.42,0.09,-11.67,-0.90,2.53,2.50"
"261.13,0.91,-8.71,1.20,1.91,-6.14,1.90,2.55,2.48"
"262.14,1.96,-10.65,-0.75,1.18,-5.04,0.01,2.52,2.48"
"263.15,1.28,-12.37,1.75,-0.81,-17.14,-0.17,2.53,2.48"
"264.16,0.94,-14.21,-0.04,0.21,-13.03,-0.06,2.53,2.48"
"265.17,1.14,-9.16,1.61,-0.08,-5.81,0.83,2.52,2.49"
"266.18,4.50,-11.75,3.72,3.00,-13.38,0.44,2.53,2.49"
"267.19,-1.98,-8.88,-2.38,-3.06,-9.22,-1.56,2.52,2.49"
"268.20,0.46,-12.29,-1.40,-0.06,-13.00,-2.45,2.51,2.49"
"269.21,4.89,-8.35,3.21,2.10,-12.44,2.78,2.53,2.48"
"270.22,2.34,-13.29,-1.35,0.86,-12.79,-1.34,2.51,2.48"
"271.23,-1.49,-11.43,0.47,0.51,-8.86,1.56,2.52,2.48"
"272.24,1.09,-8.33,1.41,0.64,-6.51,1.66,2.52,2.48"
"273.25,-2.27,-12.91,-1.89,-2.01,-13.39,-0.24,2.53,2.48"
"274.26,-2.29,-8.86,1.14,0.28,-8.51,1.30,2.53,2.49"
"275.27,1.46,-9.43,0.85,0.04,-10.47,-0.64,2.52,2.48"
"276.28,0.73,-9.84,0.60,0.67,-8.84,1.03,2.52,2.49"
"277.29,4.17,-10.55,-0.34,0.49,-14.38,-0.52,2.52,2.48"
"278.30,1.38,-7.98,-1.07,2.06,-8.78,-1.53,2.52,2.48"
"279.31,1.73,-12.77,2.96,1.73,-11.28,3.04,2.54,2.47"
"280.32,1.90,-9.72,-0.39,-0.30,-16.08,-2.69,2.52,2.49"
"281.33,2.87,-8.00,1.53,1.78,-6.18,0.85,2.52,2.49"
"282.34,0.08,-11.79,-2.85,-1.06,-12.43,-1.86,2.52,2.47"
"283.35,-1.09,-7.74,-2.74,-4.12,-7.75,-3.62,2.52,2.49"
"284.36,2.38,-9.08,2.27,2.96,-10.00,1.95,2.54,2.47"
"285.37,0.95,-6.18,1.83,3.03,-7.78,4.41,2.54,2.48"
"286.38,-2.00,-11.45,-1.48,2.04,-12.28,-1.34,2.53,2.50"
"287.39,-1.09,-6.57,0.15,-0.77,-6.44,-0.78,2.53,2.48"
"288.39,4.32,-5.31,4.06,-0.51,-5.21,1.28,2.52,2.49"
"289.40,-1.03,-16.31,-0.74,1.65,-11.27,0.02,2.53,2.49"
"290.41,2.30,-14.87,0.87,-1.70,-14.26,-0.12,2.53,2.49"
"291.42,1.20,-6.89,-1.17,0.31,-7.95,-1.38,2.53,2.47"
"292.43,1.25,-9.35,-0.70,-0.17,-8.90,-1.47,2.52,2.46"
"293.44,0.98,-8.14,2.49,0.75,-8.05,1.33,2.52,2.48"
"294.45,-1.07,-4.51,0.45,0.29,-11.50,0.41,2.53,2.49"
"295.46,0.73,-10.96,-2.81,-0.17,-10.88,-2.32,2.53,2.46"
"296.47,-0.85,-10.27,0.42,1.02,-7.89,2.13,2.52,2.47"
"297.48,0.82,-11.04,-0.71,1.88,-17.18,-0.19,2.51,2.47"
"298.49,1.72,-8.26,-0.50,0.97,-10.67,-0.86,2.53,2.47"
"299.50,-0.58,-8.91,1.21,-1.85,-10.86,-0.07,2.53,2.48"
"300.51,0.48,-13.24,-0.78,-0.31,-11.37,-0.45,2.52,2.49"
"301.52,-2.30,-9.27,-1.47,-1.20,-9.01,-1.38,2.52,2.48"
"302.53,1.35,-12.15,0.94,0.83,-10.16,1.51,2.52,2.48"
"303.54,0.33,-10.00,-2.66,-2.52,-12.12,-3.11,2.51,2.49"
"304.55,-2.10,-14.12,-1.55,-2.76,-9.84,0.09,2.51,2.48"
"305.56,0.69,-9.24,0.20,0.63,-9.67,-0.45,2.52,2.47"
"306.57,1.04,-5.16,-1.89,0.17,-11.01,-2.89,2.52,2.50"
"307.58,-0.19,-12.89,0.56,-1.99,-17.15,-1.39,2.52,2.50"
"308.59,0.93,-11.43,2.14,0.75,-12.05,1.07,2.50,2.46"
"309.60,-1.51,-11.05,-2.26,-2.55,-8.62,-2.05,2.53,2.49"
"310.61,1.47,-9.72,0.60,1.51,-10.22,0.18,2.52,2.47"
"311.62,0.40,-6.36,-0.76,-0.01,-8.35,-1.10,2.53,2.49"
"312.63,2.27,-10.04,-0.30,1.69,-4.55,0.09,2.53,2.48"
"313.64,1.52,-10.10,-2.01,1.24,-9.92,-1.57,2.52,2.47"
"314.65,0.32,-10.38,-0.71,-0.06,-11.57,-0.79,2.53,2.48"
"315.66,2.24,-8.95,-0.83,2.06,-10.90,-0.58,2.52,2.47"
"316.67,-0.06,-8.34,-0.72,-0.29,-6.02,-0.59,2.52,2.47"
"317.68,2.28,-9.13,-1.48,-1.98,-12.57,-2.41,2.51,2.48"
"318.69,1.26,-10.52,0.37,0.53,-13.48,-0.59,2.51,2.48"
"319.70,3.83,-8.53,2.23,-1.33,-10.36,1.41,2.53,2.48"
"320.71,-1.07,-4.16,-1.79,-0.23,-4.52,-0.79,2.52,2.48"
"321.72,2.86,-7.72,1.18,0.47,-6.95,0.00,2.52,2.48"
"322.73,1.28,-3.34,1.10,2.81,-10.05,1.43,2.50,2.46"
"323.74,2.55,-7.07,-0.17,2.89,-6.24,0.50,2.53,2.46"
"324.75,-0.04,-13.32,1.83,0.40,-10.19,1.76,2.53,2.48"
"325.76,-1.61,-10.88,-1.36,1.09,-6.52,-1.09,2.52,2.48"
"326.77,0.10,-12.94,1.12,-0.93,-7.43,2.22,2.53,2.47"
"327.78,3.53,-10.54,3.67,-0.01,-15.45,-0.99,2.51,2.49"
"328.79,-0.25,-3.90,-0.20,2.34,-6.83,0.80,2.53,2.47"
"329.80,0.92,-9.66,-0.61,1.96,-8.71,0.56,2.50,2.47"
"330.80,-2.07,-7.51,1.16,0.94,-5.67,2.81,2.51,2.46"
"331.81,-0.94,-7.56,-1.12,-2.21,-13.28,-1.85,2.52,2.48"
"332.82,0.53,-5.66,-0.03,0.10,-10.87,-0.93,2.53,2.48"
"333.83,0.02,-4.62,-1.21,-0.67,-2.58,-2.18,2.52,2.48"
"334.84,0.33,-7.89,-0.23,2.84,-3.52,1.10,2.51,2.46"
"335.85,1.03,-13.65,1.77,2.76,-13.23,2.79,2.51,2.48"
"336.86,1.60,-13.06,1.81,2.20,-14.92,2.33,2.52,2.46"
"337.87,0.37,-12.68,-0.02,0.42,-11.38,-0.55,2.52,2.48"
"338.88,0.08,-14.70,-2.72,-0.15,-14.66,-1.83,2.53,2.48"
"339.89,-2.17,-12.09,-3.42,-2.08,-5.40,-2.13,2.53,2.50"
"340.90,-0.53,-8.92,-1.06,-0.97,-10.11,-2.48,2.53,2.45"
"341.91,-1.83,-11.78,-0.57,0.28,-7.92,-0.14,2.53,2.47"
"342.92,2.27,-9.07,3.16,1.60,-9.01,2.56,2.52,2.47"
"343.93,1.85,-9.14,2.63,2.69,-5.85,2.14,2.53,2.49"
"344.94,2.58,-8.86,0.68,3.58,-9.87,0.39,2.52,2.46"
"345.95,1.80,-12.47,-1.66,2.80,-8.53,-1.03,2.52,2.48"
"346.96,0.05,-19.22,3.33,1.64,-14.14,2.75,2.53,2.48"
"347.97,0.85,-7.86,2.10,2.41,-4.95,1.45,2.52,2.47"
"348.98,-0.23,-7.26,-2.07,-1.00,-8.80,-1.50,2.52,2.46"
"349.99,-0.62,-5.32,-2.60,1.08,-2.53,-2.05,2.52,2.48"
"351.00,-0.13,-14.39,-2.29,0.13,-9.00,-1.54,2.53,2.47"
"352.01,3.14,-9.37,2.07,3.03,-10.52,-0.09,2.51,2.48"
"353.02,3.34,-15.54,2.99,1.48,-11.70,0.33,2.52,2.47"
"354.03,0.50,-7.07,1.84,2.11,-9.12,-0.72,2.52,2.47"
"355.04,-0.40,-8.39,-0.28,-1.76,-8.82,-0.82,2.51,2.47"
"356.05,1.13,-6.89,0.38,1.00,-6.18,0.31,2.53,2.47"
"357.06,-2.45,-7.42,-1.20,1.57,-8.08,0.42,2.52,2.46"
"358.07,-2.59,-6.28,-1.36,-0.20,-6.39,0.82,2.52,2.46"
"359.08,1.67,-4.64,-0.66,0.86,-7.34,-0.74,2.52,2.47"
"360.09,-0.33,-5.15,-1.38,2.84,-5.14,-1.23,2.53,2.49"
"361.10,2.62,-11.81,4.03,3.80,-5.37,3.81,2.53,2.47"
"362.11,5.16,-9.11,3.32,3.37,-10.98,1.65,2.52,2.48"
"363.12,-1.05,-11.87,-0.39,-1.69,-9.83,0.30,2.52,2.47"
"364.13,2.82,-11.94,-1.69,3.47,-12.52,-0.88,2.52,2.47"
"365.14,-0.07,-9.38,2.13,2.56,-9.30,2.22,2.52,2.46"
"366.15,1.06,-9.85,-1.79,-2.59,-10.76,-4.92,2.50,2.48"
"367.16,0.60,-8.63,0.16,2.72,-8.03,0.71,2.51,2.46"
"368.17,2.03,-8.03,3.34,1.03,-5.74,3.72,2.52,2.47"
"369.18,2.13,-6.34,3.24,2.61,-10.75,0.81,2.53,2.47"
"370.19,0.58,-8.72,-0.31,-0.40,-12.45,0.09,2.51,2.47"
"371.20,0.15,-9.00,0.66,2.51,-4.90,2.63,2.53,2.48"
"372.20,2.00,-15.17,1.29,0.37,-10.57,-0.18,2.51,2.47"
"373.22,1.19,-10.68,-1.87,1.61,-12.74,-2.37,2.51,2.47"
"374.22,1.87,-8.32,0.41,2.74,-9.11,1.41,2.51,2.46"
"375.23,-0.68,-9.46,0.41,2.49,-9.37,0.85,2.51,2.48"
"376.24,0.16,-17.86,-0.59,2.31,-10.10,-0.40,2.52,2.48"
"377.25,-1.98,-9.81,-3.56,-0.49,-4.95,-2.68,2.52,2.48"
"378.26,-0.05,-7.60,-0.51,-0.01,-8.55,-1.23,2.52,2.48"
"379.27,1.87,-11.49,0.66,0.34,-11.03,-0.07,2.52,2.47"
"380.28,0.62,-13.70,-0.10,1.13,-12.18,0.73,2.51,2.46"
"381.29,2.34,-7.11,2.06,3.88,-10.32,4.15,2.51,2.46"
"382.30,0.30,-11.00,0.24,-1.36,-12.68,1.60,2.53,2.46"
"383.31,-1.76,-12.75,-2.08,-0.38,-14.05,-2.46,2.53,2.47"
"384.32,2.33,-13.30,-1.46,3.33,-12.86,-0.84,2.50,2.47"
"385.33,-0.64,-12.70,-1.75,1.60,-10.00,-0.02,2.51,2.46"
"386.34,-0.91,-12.77,-1.81,1.07,-8.68,-0.71,2.51,2.47"
"387.35,2.61,-6.32,1.08,1.44,-12.36,-0.30,2.52,2.47"
"388.36,0.05,-11.46,-0.98,0.33,-13.19,-0.89,2.54,2.47"
"389.37,-0.98,-8.43,0.80,-2.11,-8.58,1.43,2.53,2.47"
"390.38,2.17,-10.73,0.48,0.46,-9.71,1.10,2.52,2.49"
"391.39,0.34,-12.78,-0.65,-2.29,-14.99,0.14,2.52,2.48"
"392.40,0.60,-4.28,-0.42,1.53,-3.77,-0.50,2.51,2.46"
"393.41,-2.54,-11.61,-2.20,-3.79,-7.15,-2.07,2.52,2.48"
"394.42,-1.88,-10.09,-1.62,-0.11,-9.12,1.04,2.50,2.47"
"395.43,-1.81,-12.92,-2.39,-3.52,-6.45,-1.14,2.51,2.48"
"396.44,1.42,-10.16,2.09,3.62,-8.95,2.53,2.52,2.47"
"397.45,-0.86,-11.73,0.49,2.24,-8.40,0.96,2.53,2.47"
"398.46,5.56,-9.77,0.99,1.11,-15.49,-1.66,2.53,2.47"
"399.47,0.07,-9.86,1.12,2.69,-12.02,0.60,2.52,2.47"
"400.48,0.47,-14.92,-0.13,0.55,-10.33,0.07,2.53,2.47"
"401.49,2.36,-17.23,-0.27,4.30,-11.09,1.11,2.51,2.47"
"402.50,1.87,-13.55,0.95,7.89,-6.85,1.81,2.52,2.47"
"403.51,2.21,-10.74,-2.27,-0.06,-12.83,-2.55,2.52,2.48"
"404.52,-2.52,-7.33,-2.20,-1.06,-0.73,-1.40,2.51,2.48"
"405.53,1.16,-7.89,-1.03,-0.72,-7.51,-1.36,2.51,2.49"
"406.54,4.30,-10.09,4.05,1.35,-11.05,1.77,2.52,2.46"
"407.55,3.66,-9.42,0.46,1.53,-8.92,-1.83,2.54,2.47"
"408.56,0.78,-10.58,-1.83,-0.40,-9.72,-0.94,2.52,2.48"
"409.57,0.82,-7.87,0.36,-0.51,-11.35,-2.17,2.53,2.48"
"410.58,-0.77,-7.97,-1.57,1.37,-7.05,-1.61,2.51,2.47"
"411.59,-0.78,-10.25,-1.10,-2.07,-8.29,-0.44,2.51,2.48"
"412.60,1.55,-9.81,1.04,1.72,-8.42,1.84,2.53,2.48"
"413.61,1.10,-8.37,0.16,-2.22,-9.78,-0.80,2.52,2.48"
"414.61,0.24,-12.47,2.27,1.51,-12.94,2.33,2.52,2.47"
"415.63,1.78,-4.73,2.30,1.96,-11.15,0.81,2.53,2.47"
"416.64,-0.74,-7.03,0.16,-0.28,-7.52,-0.30,2.52,2.47"
"417.64,2.27,-8.88,-0.50,2.56,-11.36,-0.72,2.53,2.47"
"418.66,-1.93,-4.44,-0.25,-2.59,-8.30,-0.33,2.52,2.47"
"419.66,1.18,-7.99,1.59,1.65,-11.28,2.47,2.52,2.47"
"420.67,-0.01,-10.27,-0.40,1.16,-10.35,-0.09,2.52,2.47"
"421.68,2.47,-10.34,-0.74,-1.91,-14.64,-1.25,2.52,2.48"
"422.69,3.08,-11.41,-0.27,-0.55,-14.74,-0.71,2.52,2.49"
"423.70,-1.08,-7.52,0.00,-1.22,-7.43,-0.93,2.52,2.48"
"424.71,-1.91,-9.46,-0.87,-0.50,-3.04,0.15,2.51,2.48"
"425.72,0.31,-5.13,0.83,-0.13,-7.77,1.77,2.52,2.46"
"426.73,4.91,-12.71,3.15,4.12,-17.86,2.42,2.52,2.47"
"427.74,2.51,-9.17,3.28,-0.65,-12.64,0.80,2.53,2.48"
"428.75,-1.23,-13.21,-1.30,-2.67,-10.01,-1.34,2.52,2.47"
"429.76,0.25,-12.72,-0.19,0.98,-7.88,-0.52,2.53,2.49"
"430.77,0.73,-5.87,-0.77,-1.16,-9.43,-1.45,2.51,2.47"
"431.78,0.59,-4.92,-1.49,2.11,-6.78,-0.67,2.51,2.46"
"432.79,-1.33,-12.30,-2.71,-0.30,-8.95,-2.70,2.53,2.47"
"433.80,0.88,-5.68,0.15,0.79,-10.49,-0.29,2.53,2.47"
"434.81,0.57,-12.12,0.54,0.24,-7.28,0.11,2.52,2.46"
"435.82,6.34,-11.92,4.97,5.45,-13.33,2.92,2.52,2.47"
"436.83,4.03,-4.45,2.87,3.25,-7.45,1.08,2.52,2.47"
"437.84,1.62,-2.16,1.22,0.42,-6.21,0.61,2.51,2.47"
"438.85,1.61,-15.20,0.39,2.60,-15.02,0.88,2.53,2.47"
"439.86,-0.41,-3.22,1.10,3.18,0.04,1.51,2.52,2.48"
"440.87,1.10,-13.64,-0.81,2.19,-12.22,-0.49,2.51,2.47"
"441.88,-1.62,-7.48,-0.70,0.39,-6.03,1.02,2.51,2.45"
"442.89,1.40,-12.66,0.43,2.74,-17.20,-0.10,2.53,2.47"
"443.90,0.56,-14.48,-1.82,0.95,-12.89,-1.71,2.53,2.47"
"444.91,2.04,-8.49,2.92,1.88,-9.70,2.66,2.54,2.48"
"445.92,-0.32,-10.75,-2.32,-1.92,-10.93,-1.15,2.53,2.48"
"446.93,-0.54,-7.69,-0.09,3.98,-6.60,1.54,2.53,2.49"
"447.94,1.04,-10.34,1.68,1.77,-8.94,2.02,2.53,2.47"
"448.95,1.12,-9.85,-1.31,0.39,-10.62,0.98,2.52,2.47"
"449.96,-0.75,-3.66,-0.29,-0.69,-8.81,-1.38,2.51,2.49"
"450.97,0.44,-8.15,1.71,1.74,-10.62,1.11,2.52,2.47"
"451.98,2.85,-7.54,1.58,0.17,-6.20,0.25,2.52,2.47"
"452.99,0.99,-15.75,0.51,1.56,-12.14,0.84,2.52,2.47"
"454.00,0.34,-6.77,0.82,-0.08,-11.41,0.59,2.52,2.47"
"455.01,0.01,-14.93,-2.36,1.20,-10.15,-1.04,2.52,2.48"
"456.02,1.05,-13.13,-1.58,1.44,-7.61,-1.91,2.51,2.48"
"457.03,2.04,-10.61,0.29,1.09,-8.48,0.54,2.53,2.47"
"458.04,0.37,-8.01,-0.38,2.81,-8.23,0.27,2.52,2.49"
"459.05,0.95,-11.43,2.51,1.55,-12.72,2.12,2.53,2.47"
"460.05,-0.76,-9.10,-1.66,1.87,-7.02,0.29,2.53,2.46"
"461.07,0.90,-13.30,-2.38,-1.20,-12.62,-2.89,2.52,2.47"
"462.07,2.26,-7.28,2.83,2.69,-9.83,1.23,2.52,2.49"
"463.08,3.63,-8.09,2.45,1.08,-8.82,1.71,2.52,2.47"
"464.09,-2.24,-10.97,-2.46,0.18,-10.32,-2.01,2.53,2.48"
"465.10,-0.78,-7.46,-0.20,-0.75,-8.12,-0.66,2.53,2.46"
"466.11,1.32,-13.21,-1.15,1.44,-7.07,-1.44,2.53,2.48"
"467.12,2.26,-9.23,-0.04,3.06,-10.66,0.10,2.52,2.48"
"468.13,0.40,-9.33,-1.23,-0.65,-8.37,-2.57,2.52,2.49"
"469.14,-1.94,-9.81,-2.23,-0.75,-13.66,-2.64,2.51,2.47"
"470.15,0.79,-10.37,-0.98,0.16,-8.83,-1.98,2.52,2.46"
"471.16,3.47,-6.06,2.95,0.83,-5.99,1.39,2.53,2.48"
"472.17,1.79,-9.65,2.63,0.04,-10.96,2.00,2.51,2.47"
"473.18,0.87,-12.71,0.93,-2.11,-6.51,0.72,2.54,2.48"
"474.19,0.08,-6.37,0.03,0.43,-10.11,-0.17,2.52,2.48"
"475.20,-0.83,-8.22,0.23,-0.77,-8.77,0.95,2.52,2.47"
"476.21,3.16,-12.80,0.25,0.20,-12.09,-0.90,2.51,2.47"
"477.22,2.77,-14.16,2.26,1.86,-7.24,1.37,2.52,2.50"
"478.23,2.54,-9.11,-1.01,-0.46,-10.40,-2.25,2.52,2.48"
"479.24,1.54,-5.61,1.22,2.34,-7.30,0.30,2.52,2.48"
"480.25,0.19,-11.23,-1.16,4.27,-6.71,-0.11,2.54,2.47"
"481.26,4.21,-5.75,2.50,2.87,-5.48,2.29,2.53,2.48"
"482.27,-1.24,-13.17,-2.36,-2.00,-14.03,-2.59,2.52,2.47"
"483.28,-0.63,-12.86,0.71,1.68,-10.55,-0.46,2.51,2.47"
"484.29,1.94,-9.48,-1.22,2.56,-7.12,0.20,2.53,2.47"
"485.30,1.71,-12.93,1.71,5.65,-9.08,1.78,2.52,2.46"
"486.31,0.69,-10.17,1.12,-0.30,-12.24,0.99,2.51,2.47"
"487.32,1.30,-9.74,2.23,0.26,-5.95,1.22,2.53,2.47"
"488.33,2.61,-10.36,1.23,1.28,-10.48,-0.07,2.52,2.48"
"489.34,-1.01,-8.98,-1.30,-1.85,-11.48,-0.91,2.51,2.46"
"490.35,-0.19,-12.12,-2.55,-0.14,-16.49,-1.34,2.53,2.47"
"491.36,-0.93,-14.82,-1.97,-1.09,-6.16,-0.85,2.52,2.47"
"492.37,-4.41,-8.56,-2.72,1.71,-9.85,-0.73,2.51,2.47"
"493.38,1.75,-10.64,1.05,0.21,-14.26,-1.60,2.51,2.48"
"494.39,1.47,-13.65,0.02,-0.65,-13.91,-2.12,2.53,2.48"
"495.40,1.38,-10.93,0.39,-1.84,-10.25,0.98,2.52,2.48"
"496.41,1.95,-10.84,2.56,1.96,-10.66,3.60,2.53,2.48"
"497.42,1.26,-10.37,-0.07,1.14,-7.36,-0.17,2.52,2.46"
"498.43,-0.33,-8.00,1.18,-0.14,-7.18,1.19,2.51,2.49"
"499.44,0.13,-5.84,0.57,0.84,-3.54,0.59,2.52,2.48"
"500.45,-0.57,-9.70,-0.24,-0.62,-9.35,-1.01,2.51,2.47"
"501.45,-0.61,-11.19,-0.63,2.40,-5.34,0.97,2.51,2.47"
"502.47,1.33,-2.89,1.50,-0.82,-8.08,1.36,2.52,2.49"
"503.48,-3.26,-9.57,0.90,-0.64,-14.38,1.90,2.50,2.47"
"504.48,1.94,-11.77,0.36,2.13,-6.27,1.81,2.52,2.49"
"505.50,2.07,-9.01,0.47,1.62,-16.18,-1.38,2.54,2.48"
"506.51,-2.24,-13.01,3.03,2.47,-8.44,3.12,2.55,2.48"
"507.51,0.77,-14.59,-2.97,-0.60,-7.66,-3.84,2.50,2.46"
"508.52,0.07,-14.37,-4.56,-0.54,-13.56,-3.37,2.53,2.49"
"509.53,-1.70,-10.37,-1.52,-1.54,-8.97,-0.67,2.52,2.48"
"510.54,1.98,-10.20,1.70,0.54,-9.40,1.71,2.50,2.48"
"511.55,-1.08,-7.44,-2.36,-0.19,-7.91,-1.53,2.52,2.47"
"512.56,1.97,-9.11,2.93,5.30,-5.32,3.95,2.53,2.48"
"513.57,2.03,-10.55,2.72,-0.00,-8.67,0.06,2.52,2.47"
"514.58,-1.85,-14.65,-3.72,-2.41,-11.62,-3.20,2.52,2.47"
"515.59,1.50,-10.77,-0.57,4.02,-5.85,1.12,2.53,2.47"
"516.60,-0.74,-11.63,-0.30,-0.17,-11.48,-0.20,2.51,2.48"
"517.61,3.14,-6.36,1.01,-1.17,-10.44,-1.40,2.51,2.47"
"518.62,3.67,-12.10,2.45,2.11,-14.35,3.01,2.52,2.49"
"519.63,-0.68,-8.73,-4.09,-1.28,-6.00,-3.15,2.52,2.47"
"520.64,1.40,-5.01,-0.52,0.40,-9.13,-2.32,2.53,2.48"
"521.65,0.94,-6.57,0.43,0.87,-8.23,0.49,2.52,2.47"
"522.66,0.41,-8.94,-0.86,0.16,-4.19,-1.49,2.51,2.47"
"523.67,-0.08,-8.76,-1.99,-0.25,-8.75,-1.47,2.50,2.47"
"524.68,0.13,-8.62,-0.50,1.88,-14.07,0.24,2.52,2.47"
"525.69,-1.65,-12.50,-2.07,-0.07,-8.12,-1.00,2.53,2.47"
"526.70,2.74,-6.36,2.04,0.77,-8.23,1.04,2.53,2.47"
"527.71,1.93,-10.12,0.84,-0.70,-13.94,-0.69,2.52,2.49"
"528.72,2.47,-10.26,1.43,0.08,-12.84,0.75,2.53,2.48"
"529.73,2.45,-12.12,0.08,4.32,-14.22,2.70,2.52,2.48"
"530.74,1.48,-14.43,-0.61,0.47,-11.04,-1.20,2.52,2.48"
"531.75,4.18,-9.07,3.45,2.97,-8.43,0.52,2.52,2.48"
"532.76,0.03,-4.58,1.01,0.97,-3.03,2.01,2.51,2.46"
"533.77,1.00,-9.28,2.21,2.80,-9.76,0.26,2.51,2.48"
"534.78,0.04,-4.48,-0.24,-2.41,-7.49,-1.87,2.52,2.48"
"535.79,1.53,-6.00,2.96,-0.27,-10.35,2.35,2.53,2.47"
"536.80,4.98,-11.17,3.08,2.59,-17.00,1.79,2.51,2.47"
"537.81,3.92,-3.16,2.74,-1.13,-6.39,-0.69,2.51,2.47"
"538.82,-0.70,-2.95,-1.43,-2.57,-3.30,-2.09,2.52,2.47"
"539.83,0.07,-5.38,0.03,0.88,-9.19,1.34,2.52,2.47"
"540.84,1.84,-12.71,1.50,0.31,-11.17,-0.70,2.53,2.48"
"541.85,0.74,-16.44,-1.29,1.28,-9.82,-0.98,2.51,2.48"
"542.86,-1.82,-4.15,-1.02,0.28,-10.61,-1.07,2.54,2.49"
"543.86,0.01,-12.04,1.64,0.51,-7.16,1.31,2.53,2.47"
"544.88,2.49,-5.66,-0.01,-1.09,-15.70,0.72,2.51,2.47"
"545.89,1.26,-11.30,0.51,1.87,-8.67,1.23,2.52,2.48"
"546.90,-1.96,-3.06,-1.86,-1.29,-7.48,-1.92,2.51,2.48"
"547.91,1.74,-10.59,2.09,2.37,-12.04,0.79,2.52,2.47"
"548.91,-2.05,-10.47,0.48,1.58,-4.86,1.22,2.52,2.47"
"549.92,0.35,-9.07,-1.56,-1.56,-8.41,-0.22,2.51,2.47"
"550.93,2.59,-9.84,2.51,3.00,-14.96,1.63,2.52,2.47"
"551.94,3.85,-11.21,-0.01,1.87,-12.71,-2.01,2.53,2.49"
"552.95,1.64,-6.84,1.66,1.63,-8.50,0.12,2.53,2.49"
"553.96,0.82,-8.26,2.33,-0.13,-8.21,2.84,2.52,2.47"
"554.97,1.06,-14.04,0.54,3.42,-11.74,1.49,2.52,2.46"
"555.98,6.21,-10.76,1.23,1.27,-9.89,-1.38,2.51,2.46"
"556.99,0.04,-8.06,-0.01,-1.19,-10.45,0.21,2.53,2.47"
"558.00,-1.89,-11.44,-2.86,1.30,-9.08,-1.35,2.52,2.48"
"559.01,3.84,-7.77,-0.94,0.98,-6.16,-1.25,2.51,2.48"
"560.02,-1.41,-6.72,-1.21,-1.04,-3.07,-0.95,2.53,2.49"
"561.03,0.82,-6.22,-0.36,0.35,-9.85,-0.21,2.51,2.48"
"562.04,1.71,-9.56,1.33,2.99,-3.72,0.81,2.53,2.46"
"563.05,0.59,-11.82,-2.02,2.47,-11.08,-2.08,2.53,2.47"
"564.06,1.36,-13.28,-1.27,-1.70,-9.24,-2.82,2.52,2.48"
"565.07,-4.12,-9.12,-4.41,-0.25,-10.78,-3.14,2.53,2.47"
"566.08,5.04,-9.67,3.96,4.49,-12.89,3.99,2.52,2.47"
"567.09,-1.50,-16.98,-0.14,-0.53,-11.69,1.30,2.51,2.46"
"568.10,0.68,-8.76,1.36,2.47,-5.89,1.64,2.53,2.46"
"569.11,-1.29,-4.80,-0.30,-3.35,-11.28,-1.61,2.51,2.46"
"570.12,-1.95,-12.04,0.01,-1.05,-15.36,1.28,2.52,2.47"
"571.13,-0.02,-13.18,-2.71,0.89,-9.23,-2.76,2.51,2.46"
"572.14,2.74,-10.49,3.70,0.79,-10.00,2.65,2.53,2.49"
"573.15,2.78,-8.92,1.18,2.44,-13.84,0.17,2.53,2.48"
"574.16,-0.79,-9.31,0.01,5.58,-8.67,4.15,2.52,2.47"
"575.17,3.32,-13.79,0.91,0.58,-11.54,-0.17,2.52,2.48"
"576.18,-2.31,-8.42,-2.53,-2.66,-7.20,-1.12,2.51,2.48"
"577.19,-0.72,-4.57,0.91,1.56,-8.04,0.24,2.53,2.48"
"578.20,6.87,-10.93,1.44,3.16,-12.43,-1.33,2.53,2.48"
"579.21,3.83,-7.31,0.64,2.35,-16.18,-1.10,2.54,2.48"
"580.22,2.63,-7.63,0.57,2.80,-9.70,-0.31,2.53,2.46"
"581.23,3.63,-13.87,1.26,1.25,-15.48,1.12,2.51,2.46"
"582.24,5.92,-9.36,3.68,2.17,-9.82,1.45,2.53,2.47"
"583.25,4.63,-6.17,0.52,0.91,-12.19,-1.62,2.53,2.47"
"584.26,-2.26,-15.77,-2.53,-0.86,-9.76,-1.10,2.53,2.46"
"585.27,-0.70,-9.20,-1.86,-1.50,-6.97,-1.64,2.52,2.47"
"586.28,-2.84,-14.83,0.06,-0.37,-6.20,1.68,2.53,2.48"
"587.29,1.93,-7.52,-1.05,0.66,-6.39,-1.65,2.53,2.47"
"588.30,-0.16,-9.69,-0.84,-2.77,-13.81,-1.87,2.52,2.46"
"589.30,-0.52,-11.45,-2.30,0.07,-7.79,-0.87,2.52,2.48"
"590.32,3.15,-12.39,2.03,3.20,-13.64,2.77,2.52,2.47"
"591.33,0.81,-7.58,1.09,0.67,-4.70,2.89,2.53,2.47"
"592.33,0.06,-10.36,-1.22,-0.44,-10.78,-0.58,2.53,2.47"
"593.34,1.57,-9.61,-0.19,-0.68,-10.49,-1.38,2.54,2.49"
"594.35,2.47,-12.90,1.30,6.42,-5.22,2.83,2.52,2.47"
"595.36,-1.68,-13.13,0.38,0.65,-11.25,-0.17,2.51,2.47"
"596.37,0.12,-8.21,-0.19,-0.09,-10.08,-0.38,2.52,2.47"
"597.38,1.19,-10.27,-1.59,4.17,-9.81,-0.24,2.53,2.47"
"598.39,0.59,-9.95,0.06,0.21,-10.93,-0.32,2.53,2.47"
"599.40,3.43,-8.40,4.28,2.70,-4.36,2.97,2.53,2.47"
"600.41,1.39,-9.71,0.74,1.12,-12.39,-0.03,2.52,2.47"
"601.42,0.92,-9.62,-1.57,1.44,-8.63,-1.38,2.51,2.49"
"602.43,-0.39,-9.52,-1.19,-0.53,-13.89,-2.48,2.53,2.47"
"603.44,0.13,-9.05,0.92,1.19,-4.71,0.79,2.51,2.47"
"604.45,-1.19,-6.62,0.54,2.57,-8.03,2.32,2.53,2.48"
"605.46,1.86,-18.27,0.80,-0.07,-13.00,-0.59,2.52,2.48"
"606.47,1.47,-9.00,-0.10,-0.14,-11.74,-0.05,2.52,2.47"
"607.48,0.12,-12.67,1.84,2.36,-9.64,1.90,2.53,2.49"
"608.49,-0.77,-12.76,1.02,-0.79,-10.68,0.26,2.54,2.48"
"609.50,-0.81,-18.41,-2.04,0.04,-15.47,-1.60,2.52,2.47"
"610.51,0.18,-11.15,0.59,4.31,-11.07,2.97,2.52,2.48"
"611.52,3.99,-10.19,2.64,0.61,-15.41,1.25,2.54,2.49"
"612.53,0.00,-12.41,-0.60,0.63,-10.91,-0.98,2.54,2.48"
"613.54,0.08,-9.27,2.84,0.37,-8.63,1.60,2.53,2.48"
"614.55,-0.61,-11.13,-0.93,1.01,-7.82,1.57,2.54,2.47"
"615.56,0.48,-8.12,1.06,1.04,-7.50,-0.66,2.53,2.47"
"616.57,-0.11,-2.21,-0.81,0.72,-6.34,-0.14,2.53,2.49"
"617.58,3.35,-10.43,-0.70,1.42,-10.98,-0.34,2.52,2.47"
"618.59,2.00,-8.63,-1.70,-1.20,-14.43,-4.77,2.53,2.49"
"619.60,1.56,-6.27,0.98,3.75,-6.85,2.05,2.52,2.47"
"620.61,-3.30,-12.46,0.01,-1.34,-7.10,1.41,2.52,2.46"
"621.62,0.18,-13.18,-0.83,2.67,-14.74,-0.17,2.52,2.48"
"622.63,1.26,-4.04,-0.42,3.81,-6.17,-1.77,2.52,2.47"
"623.64,1.59,-11.80,0.81,0.26,-7.70,2.19,2.53,2.47"
"624.65,0.72,-11.95,0.68,-0.64,-11.79,0.13,2.54,2.48"
"625.66,3.68,-11.42,4.68,2.40,-8.85,3.40,2.54,2.47"
"626.67,2.66,-6.04,0.13,0.62,-7.09,0.00,2.54,2.47"
"627.68,0.11,-14.08,0.53,0.14,-11.00,0.21,2.52,2.47"
"628.69,-0.45,-11.67,-1.60,1.07,-11.42,-0.45,2.52,2.47"
"629.70,-0.19,-15.30,-2.94,-2.13,-11.35,-1.91,2.52,2.48"
"630.71,1.70,-15.00,1.67,2.40,-12.49,1.32,2.53,2.47"
"631.72,1.06,-7.26,2.05,1.57,-6.81,2.06,2.54,2.48"
"632.73,-1.74,-11.83,-1.70,0.31,-11.23,-1.49,2.53,2.48"
"633.74,0.50,-9.00,0.49,0.99,-7.87,0.10,2.53,2.47"
"634.75,0.42,-10.40,0.05,3.68,-5.88,3.05,2.53,2.48"
"635.76,0.65,-10.51,-0.62,-1.90,-11.52,-1.79,2.54,2.50"
"636.77,2.87,-6.91,1.07,1.04,-6.29,1.08,2.52,2.47"
"637.77,0.68,-6.21,2.01,1.84,-9.94,-0.75,2.54,2.49"
"638.78,0.08,-7.35,-0.46,2.08,-8.92,-1.57,2.52,2.47"
"639.79,-1.55,-12.73,1.29,-0.06,-10.02,2.71,2.53,2.47"
"640.80,0.22,-12.09,1.67,2.40,-5.34,3.35,2.52,2.48"
"641.81,1.92,-9.14,-1.40,-2.09,-8.89,-2.11,2.52,2.49"
"642.82,-1.61,-12.16,-1.25,-0.34,-11.69,-2.11,2.53,2.47"
"643.83,-1.15,-8.19,2.21,1.86,-2.85,2.72,2.54,2.48"
"644.84,2.51,-5.57,0.39,-1.02,-4.56,0.14,2.53,2.48"
"645.85,2.11,-4.70,0.01,-2.10,-9.73,-4.14,2.52,2.47"
"646.86,-2.94,-17.77,-2.68,0.57,-7.94,-0.23,2.52,2.47"
"647.87,0.51,-12.21,1.22,-0.92,-13.78,1.79,2.52,2.48"
"648.88,-1.69,-8.58,-1.75,1.49,-8.41,-0.67,2.53,2.48"
"649.89,1.37,-9.88,-2.68,-1.16,-7.69,-1.88,2.53,2.47"
"650.90,0.27,-12.18,-2.05,-1.34,-12.20,-0.11,2.52,2.47"
"651.91,1.17,-8.43,-2.14,-2.34,-9.31,-1.38,2.53,2.48"
"652.92,0.77,-9.18,0.03,-1.63,-10.16,-0.60,2.52,2.49"
"653.93,-1.83,-11.55,-2.16,-0.95,-9.46,-1.05,2.52,2.48"
"654.94,0.23,-9.43,-2.13,-0.83,-12.26,-3.01,2.53,2.46"
"655.95,0.18,-11.63,2.20,0.08,-10.60,1.61,2.53,2.48"
"656.96,0.17,-12.00,-1.09,0.35,-11.52,-1.76,2.52,2.47"
"657.97,0.37,-15.34,-2.41,0.06,-11.47,-1.43,2.52,2.47"
"658.98,0.21,-9.10,1.35,1.13,-11.18,1.30,2.52,2.46"
"659.99,2.20,-5.32,-0.17,0.90,-8.07,-0.02,2.53,2.49"
"661.00,1.11,-5.60,-1.44,-0.24,-8.15,-1.57,2.53,2.48"
"662.01,0.24,-9.15,1.23,0.71,-8.49,0.50,2.52,2.49"
"663.02,1.40,-14.42,0.99,0.69,-10.97,0.96,2.52,2.48"
"664.03,1.72,-10.19,0.12,-0.78,-11.62,-0.58,2.52,2.47"
"665.04,1.84,-13.59,0.27,1.03,-13.81,0.30,2.53,2.47"
"666.05,-1.10,-8.21,-0.10,2.76,-7.81,0.75,2.52,2.48"
"667.06,2.67,-14.65,-1.67,1.44,-14.39,-1.90,2.50,2.47"
"668.07,0.77,-9.95,-0.16,2.72,-9.54,0.21,2.52,2.48"
"669.08,2.33,-8.84,1.74,1.93,-5.72,1.42,2.52,2.47"
"670.09,1.77,-9.50,-0.79,2.09,-12.03,0.95,2.52,2.48"
"671.10,1.87,-7.94,-0.04,4.17,-6.19,1.60,2.52,2.46"
"672.11,2.04,-2.25,-1.13,2.36,-7.10,-1.75,2.52,2.47"
"673.12,0.36,-10.31,-2.39,1.17,-13.24,-1.74,2.54,2.51"
"674.13,2.02,-12.59,1.85,1.25,-15.07,0.91,2.53,2.49"
"675.14,1.01,-18.60,1.36,2.60,-11.20,1.47,2.53,2.48"
"676.15,3.31,-10.09,2.70,-2.29,-11.72,0.66,2.51,2.47"
"677.16,-0.94,-8.87,-2.49,0.65,-6.19,-0.54,2.52,2.47"
"678.16,2.89,-10.33,-0.50,3.62,-9.99,0.32,2.51,2.48"
"679.17,0.20,-3.54,1.50,1.35,-3.89,3.06,2.51,2.46"
"680.18,1.33,-13.04,-1.54,0.58,-8.00,-0.88,2.51,2.48"
"681.19,1.13,-8.41,-0.97,-1.24,-15.00,-3.22,2.53,2.49"
"682.21,-0.57,-13.26,-0.91,2.01,-7.43,-0.63,2.51,2.48"
"683.21,0.64,-18.92,-0.47,0.04,-12.03,-1.29,2.53,2.50"
"684.22,2.13,-6.84,-0.80,1.29,-10.86,0.12,2.52,2.48"
"685.23,1.09,-7.93,-0.20,-0.86,-7.01,-2.65,2.52,2.47"
"686.24,2.38,-11.20,-0.69,-0.53,-5.66,-1.16,2.52,2.47"
"687.25,1.57,-5.56,1.54,-0.17,-11.37,3.65,2.52,2.46"
"688.26,0.90,-6.86,-0.45,3.28,-10.93,1.65,2.53,2.48"
"689.27,0.97,-6.64,-0.56,1.70,-6.61,1.57,2.52,2.47"
"690.28,0.48,-7.96,-1.62,-3.45,-13.43,-3.74,2.52,2.46"
"691.29,-0.06,-8.40,-2.53,-1.74,-6.80,-3.61,2.53,2.48"
"692.30,2.56,-8.70,0.17,0.37,-8.37,-1.31,2.51,2.48"
"693.31,1.60,-13.14,-0.06,5.82,-14.43,3.08,2.52,2.47"
"694.32,1.71,-19.81,3.17,3.02,-15.78,3.10,2.52,2.49"
"695.33,-3.20,-14.41,-2.77,1.21,-7.64,-1.19,2.52,2.48"
"696.34,0.77,-7.94,-0.01,0.81,-7.87,-0.31,2.52,2.48"
"697.35,4.08,-10.82,2.72,1.01,-12.34,2.83,2.52,2.47"
"698.36,2.34,-10.65,1.04,-0.34,-9.47,0.80,2.51,2.46"
"699.37,-0.06,-12.21,0.93,-1.74,-12.43,-0.24,2.50,2.48"
"700.38,1.45,-9.79,0.42,0.59,-10.93,-1.54,2.51,2.47"
"701.39,-3.91,-14.05,-3.04,-0.60,-6.21,-0.46,2.52,2.47"
"702.40,-0.02,-9.09,2.15,1.98,-6.06,1.94,2.51,2.47"
"703.41,0.99,-17.13,-1.48,1.28,-10.38,-0.81,2.52,2.46"
"704.42,-0.92,-8.88,-1.64,0.38,-13.13,-0.83,2.52,2.47"
"705.43,2.70,-14.83,4.28,1.14,-13.08,2.59,2.53,2.47"
"706.44,-0.80,-6.05,0.09,-1.40,-7.89,-1.12,2.52,2.47"
"707.45,-1.56,-5.06,-1.26,-1.64,-4.61,-1.05,2.51,2.48"
"708.46,0.63,-12.89,-1.61,0.49,-12.06,-0.93,2.52,2.47"
"709.47,2.19,-13.90,2.92,-0.23,-13.56,2.70,2.52,2.49"
"710.48,1.16,-5.47,-0.63,-0.63,-5.99,-1.92,2.52,2.46"
"711.49,0.34,-12.27,-0.56,-0.18,-8.99,-1.19,2.53,2.48"
"712.50,1.29,-11.92,0.42,-0.36,-15.40,-1.06,2.52,2.47"
"713.51,-0.76,-12.28,1.43,1.30,-10.43,1.96,2.52,2.47"
"714.52,-0.44,-11.99,1.46,1.98,-8.94,0.74,2.52,2.48"
"715.53,0.15,-8.40,-1.30,-1.24,-6.59,0.11,2.52,2.47"
"716.54,3.23,-11.54,1.83,3.32,-13.25,-0.73,2.54,2.48"
"717.55,-0.05,-12.03,0.49,0.89,-15.78,1.20,2.51,2.48"
"718.56,-0.50,-11.24,0.92,1.30,-12.84,0.22,2.52,2.47"
"719.57,2.19,-9.79,1.53,0.25,-9.39,1.48,2.51,2.48"
"720.58,0.61,-6.39,1.49,4.45,-6.44,4.36,2.50,2.46"
"721.59,7.60,-9.05,1.70,1.89,-15.17,-1.23,2.51,2.48"
"722.59,-0.36,-4.62,-2.03,-1.09,-9.82,-1.67,2.51,2.47"
"723.60,-1.05,-8.90,0.16,-1.11,-8.94,1.18,2.50,2.48"
"724.61,-0.46,-8.79,1.55,-0.78,-11.17,-0.15,2.51,2.47"
"725.62,-0.01,-10.88,0.94,-0.57,-4.46,1.42,2.51,2.48"
"726.63,2.44,-12.74,1.68,2.32,-13.66,0.59,2.51,2.46"
"727.64,-0.85,-12.62,-1.39,1.66,-12.12,-1.71,2.51,2.46"
"728.65,4.56,-5.95,0.92,4.55,-11.17,-0.96,2.50,2.47"
"729.66,-1.14,-4.35,-0.94,0.55,-8.75,0.23,2.52,2.48"
"730.67,1.18,-8.43,-0.26,1.79,-8.40,0.40,2.52,2.48"
"731.68,1.18,-7.29,2.79,2.24,-6.41,3.95,2.51,2.47"
"732.69,3.44,-15.53,-0.38,2.83,-11.67,0.46,2.53,2.46"
"733.70,5.34,-9.91,0.83,4.81,-4.89,0.68,2.51,2.48"
"734.71,6.49,-9.98,3.29,5.37,-14.05,2.83,2.53,2.48"
"735.72,2.20,-8.45,1.75,1.20,-14.25,-0.16,2.52,2.48"
"736.73,0.59,-13.46,-1.99,-0.42,-10.24,-1.29,2.51,2.48"
"737.74,-0.82,-9.11,-0.51,2.17,-9.15,-0.09,2.52,2.48"
"738.75,1.88,-13.01,2.48,1.15,-11.68,0.59,2.52,2.47"
"739.76,0.42,-7.67,-2.38,-0.02,-7.71,-0.85,2.52,2.48"
"740.77,-3.02,-12.87,0.28,-0.13,-10.81,2.52,2.50,2.49"
"741.78,-4.87,-15.38,-0.08,0.08,-6.33,3.11,2.52,2.48"
"742.79,-0.39,-5.95,1.05,-2.91,-11.85,0.69,2.52,2.47"
"743.80,1.54,-8.17,1.46,1.70,-6.07,0.34,2.52,2.48"
"744.81,1.35,-10.46,0.78,2.94,-8.70,-0.08,2.52,2.47"
"745.82,2.65,-13.25,1.62,5.20,-10.97,2.32,2.51,2.47"
"746.83,-2.50,-9.06,-0.69,-2.14,-15.57,-0.59,2.51,2.46"
"747.84,-1.44,-9.02,1.29,-1.03,-7.54,0.89,2.53,2.47"
"748.85,-2.20,-13.17,-3.92,-1.05,-10.78,-3.85,2.51,2.47"
"749.86,0.63,-14.33,2.74,1.57,-13.57,3.33,2.52,2.47"
"750.87,-4.50,-5.91,-2.31,-1.52,-7.45,-2.60,2.52,2.47"
"751.88,-2.42,-8.81,-2.91,-0.40,-7.15,-1.01,2.51,2.46"
"752.89,1.15,-12.65,-0.07,1.53,-11.15,0.05,2.52,2.47"
"753.90,4.69,-5.49,2.11,2.52,-1.32,0.57,2.52,2.47"
"754.91,3.94,-8.94,2.94,2.71,-7.05,0.36,2.51,2.48"
"755.92,-0.46,-8.20,-3.35,-1.12,-3.72,-2.78,2.51,2.48"
"756.93,1.50,-5.40,0.59,0.65,-6.81,0.80,2.52,2.47"
"757.94,2.27,-11.66,-0.69,0.69,-11.79,0.28,2.51,2.47"
"758.95,0.02,-7.82,0.08,0.12,-1.09,0.72,2.51,2.48"
"759.96,-0.82,-11.35,-2.42,0.06,-8.43,-1.06,2.53,2.46"
"760.97,0.18,-5.45,-2.32,-0.15,-7.93,-1.84,2.52,2.49"
"761.98,3.51,-9.33,2.23,3.64,-8.30,3.61,2.54,2.49"
"762.99,-1.33,-9.66,-1.57,-0.26,-8.82,-2.01,2.52,2.47"
"764.00,-0.43,-14.32,-0.98,0.23,-11.03,-1.74,2.54,2.48"
"765.01,-0.80,-13.51,-1.99,0.02,-9.92,-1.27,2.52,2.48"
"766.02,2.90,-11.71,2.07,-2.38,-11.53,0.43,2.51,2.47"
"767.03,3.50,-9.12,2.72,3.21,-13.62,1.91,2.53,2.49"
"768.03,1.26,-8.32,0.84,0.01,-6.44,-0.29,2.51,2.49"
"769.04,-0.62,-12.92,0.36,-1.36,-9.85,-0.36,2.52,2.47"
"770.05,-0.14,-4.98,2.29,3.61,-4.98,4.46,2.52,2.47"
"771.06,0.10,-12.50,-2.46,-3.02,-6.73,-3.56,2.51,2.48"
"772.07,4.00,-11.06,1.99,2.12,-10.75,-0.31,2.53,2.48"
"773.08,1.77,-16.61,0.01,-0.88,-5.70,-0.32,2.50,2.47"
"774.09,-0.58,-8.21,2.18,0.72,-6.82,1.27,2.52,2.47"
"775.10,4.65,-11.92,2.62,1.54,-17.15,0.68,2.53,2.48"
"776.11,2.73,-12.65,1.83,0.35,-11.20,1.09,2.52,2.49"
"777.12,-1.24,-14.60,-2.03,-1.98,-15.61,-0.50,2.51,2.47"
"778.13,-0.37,-7.86,-1.41,-1.10,-6.01,-0.83,2.51,2.47"
"779.14,2.26,-11.36,1.75,1.43,-11.80,1.17,2.51,2.49"
"780.15,0.60,-9.22,-0.41,2.18,-10.49,0.77,2.52,2.47"
"781.16,2.55,-9.78,-0.85,1.54,-11.41,-2.27,2.52,2.46"
"782.17,1.49,-7.00,2.40,0.34,-12.16,1.20,2.51,2.47"
"783.18,1.09,-10.71,1.53,0.21,-9.10,2.34,2.53,2.47"
"784.19,1.97,-12.38,1.76,0.50,-12.90,1.71,2.51,2.47"
"785.20,2.19,-10.35,-1.63,1.20,-7.29,-0.96,2.51,2.49"
"786.21,1.62,-8.89,1.79,1.99,-10.39,1.81,2.53,2.48"
"787.22,-1.33,-11.92,-0.49,4.52,-9.66,2.96,2.53,2.48"
"788.23,3.36,-8.19,2.50,2.07,-9.02,1.31,2.52,2.47"
"789.24,-0.33,-9.71,0.83,0.25,-8.88,1.50,2.53,2.49"
"790.25,1.70,-9.94,-0.91,1.04,-13.30,-1.56,2.51,2.47"
"791.26,-0.14,-7.68,-0.83,0.32,-9.41,-1.63,2.52,2.47"
"792.27,1.24,-9.29,-0.01,1.92,-8.67,0.23,2.51,2.49"
"793.28,-0.92,-12.32,-3.21,0.80,-11.05,0.39,2.51,2.47"
"794.29,-0.68,-12.24,-2.05,-0.16,-11.35,-2.56,2.52,2.48"
"795.30,-0.90,-12.47,-3.00,-1.67,-11.56,-2.71,2.52,2.48"
"796.31,-1.05,-7.47,-0.01,-0.43,-4.51,1.09,2.53,2.50"
"797.32,5.07,-6.12,-0.05,-1.64,-17.62,-1.77,2.51,2.49"
"798.33,1.28,-12.53,0.34,0.20,-10.92,0.94,2.52,2.48"
"799.34,-2.69,-11.97,0.97,0.92,-7.07,1.32,2.51,2.49"
"800.35,-1.78,-2.37,-2.95,0.22,-11.33,-1.82,2.51,2.49"
"801.36,4.64,-9.09,-0.62,0.72,-14.76,-2.16,2.52,2.49"
"802.37,0.94,-13.44,1.10,0.94,-9.55,1.73,2.51,2.49"
"803.38,2.40,-8.97,1.65,4.61,-3.71,3.49,2.52,2.46"
"804.39,-2.73,-17.99,-4.07,-1.60,-10.83,-2.71,2.51,2.49"
"805.40,-0.62,-6.26,-0.25,0.32,-7.01,0.97,2.52,2.46"
"806.41,-0.88,-14.80,-2.96,1.17,-10.90,-3.31,2.50,2.48"
"807.42,-0.91,-10.40,-1.34,-2.37,-11.66,-3.00,2.53,2.49"
"808.43,-2.27,-5.01,1.16,1.35,-5.77,0.88,2.51,2.48"
"809.44,0.89,-5.47,1.24,1.23,-5.57,-0.56,2.52,2.49"
"810.45,0.47,-10.08,-0.03,-0.13,-10.94,0.67,2.51,2.49"
"811.46,-0.56,-14.36,-1.82,0.40,-14.23,-1.44,2.52,2.47"
"812.47,1.91,-9.79,2.55,2.26,-9.96,2.12,2.50,2.48"
"813.47,3.44,-6.84,1.21,1.62,-10.35,-1.64,2.52,2.49"
"814.48,1.66,-4.86,-0.30,0.06,-9.09,-1.05,2.50,2.49"
"815.49,0.98,-11.25,1.56,3.19,-11.05,2.90,2.52,2.47"
"816.50,3.01,-6.25,3.29,1.66,-10.03,2.43,2.51,2.48"
"817.51,1.43,-6.18,2.14,1.56,-9.91,1.04,2.52,2.48"
"818.52,1.55,-6.97,1.34,4.40,-13.21,2.77,2.52,2.47"
"819.53,-0.99,-16.14,-1.97,0.99,-14.72,-1.48,2.53,2.47"
"820.54,1.71,-12.19,-0.59,1.41,-9.34,-0.31,2.52,2.48"
"821.55,2.77,-5.53,-0.78,0.67,-13.21,-1.96,2.53,2.47"
"822.56,0.54,-11.54,-1.84,0.89,-8.02,-0.10,2.51,2.47"
"823.57,-0.25,-8.60,-1.37,-0.66,-5.64,-0.50,2.51,2.47"
"824.58,2.76,-16.49,-0.98,-0.12,-12.74,-0.68,2.51,2.48"
"825.59,0.10,-4.38,0.23,3.58,-5.81,0.44,2.51,2.47"
"826.60,1.55,-5.62,-0.18,1.26,-4.30,-1.49,2.52,2.48"
"827.61,1.28,-13.35,4.08,2.93,-12.55,3.25,2.53,2.47"
"828.62,1.28,-6.55,-0.11,4.77,-10.01,2.50,2.50,2.47"
"829.63,-0.23,-16.14,-0.12,3.30,-13.99,-0.06,2.52,2.47"
"830.64,-1.00,-7.33,-3.36,-1.24,-11.26,-0.59,2.50,2.48"
"831.65,0.43,-11.64,-0.74,1.69,-10.73,-0.54,2.51,2.49"
"832.66,0.56,-12.05,-0.32,0.13,-10.53,0.93,2.51,2.49"
"833.67,1.82,-13.28,1.16,2.80,-10.46,1.97,2.52,2.48"
"834.68,1.69,-7.98,1.02,-0.84,-6.83,0.20,2.52,2.49"
"835.69,1.39,-6.42,-0.54,0.64,-7.75,1.10,2.50,2.48"
"836.70,2.11,-8.20,1.83,1.90,-12.72,0.52,2.52,2.47"
"837.71,-2.51,-15.46,-2.48,-1.80,-8.06,-1.95,2.51,2.47"
"838.72,-1.07,-10.10,-0.54,0.17,-8.07,1.01,2.51,2.47"
"839.73,0.52,-8.59,0.13,1.34,-10.90,-1.58,2.51,2.47"
"840.74,1.29,-5.00,1.13,1.68,-8.24,3.10,2.50,2.48"
"841.75,-0.67,-14.52,1.81,2.08,-11.68,4.97,2.51,2.47"
"842.76,1.68,-9.92,0.06,0.88,-10.83,-0.01,2.53,2.47"
"843.77,-0.30,-5.45,-1.84,-0.13,-5.79,-1.48,2.52,2.48"
"844.78,0.75,-11.53,-1.51,0.15,-11.14,-1.53,2.53,2.47"
"845.79,-0.90,-10.12,-0.43,0.44,-9.53,1.50,2.51,2.48"
"846.80,-1.65,-6.53,-0.78,1.48,-9.05,0.50,2.53,2.48"
"847.81,4.11,-13.33,3.66,2.68,-13.92,2.35,2.51,2.47"
"848.82,1.36,-12.25,4.64,2.03,-11.85,3.85,2.52,2.48"
"849.83,0.55,-10.81,-0.10,2.62,-13.08,1.58,2.52,2.48"
"850.84,-1.13,-13.50,-0.91,-1.56,-11.77,-0.50,2.51,2.47"
"851.85,-0.80,-14.19,-1.23,0.57,-9.94,-0.05,2.50,2.48"
"852.85,-0.56,-11.39,-0.45,2.13,-8.33,-0.04,2.51,2.47"
"853.86,1.94,-6.78,1.13,0.79,-9.58,-1.03,2.51,2.48"
"854.88,0.53,-11.28,-1.13,0.84,-9.75,-1.29,2.50,2.48"
"855.89,1.10,-4.33,-1.02,-1.36,-6.25,-0.70,2.51,2.47"
"856.90,2.37,-13.59,1.47,2.66,-12.77,1.46,2.50,2.48"
"857.91,0.35,-8.68,1.14,4.51,-10.15,3.03,2.52,2.48"
"858.91,0.58,-5.00,-0.61,-1.58,-7.31,-1.50,2.52,2.47"
"859.92,2.05,-8.24,0.73,0.81,-8.90,0.75,2.51,2.49"
"860.93,2.10,-6.32,-0.42,0.03,-1.35,-1.00,2.51,2.48"
"861.94,-1.55,-7.76,0.20,-1.21,-9.87,0.71,2.51,2.47"
"862.95,-0.81,-18.74,3.09,3.89,-11.97,4.32,2.52,2.48"
"863.96,3.57,-10.61,-0.46,3.30,-10.47,0.49,2.51,2.47"
"864.97,1.59,-9.99,-1.52,0.73,-11.29,-1.39,2.50,2.47"
"865.98,0.19,-12.08,-2.60,-1.50,-12.06,-2.23,2.50,2.47"
"866.99,1.25,-17.17,4.23,4.62,-18.92,4.01,2.52,2.48"
"868.00,1.36,-6.78,-0.48,1.06,-14.72,-1.30,2.52,2.47"
"869.01,-0.76,-9.13,-2.27,-2.17,-12.81,-2.92,2.50,2.47"
"870.02,0.42,-10.05,-1.20,-2.93,-8.02,-1.94,2.50,2.47"
"871.03,3.06,-11.80,2.09,1.87,-13.98,0.45,2.52,2.48"
"872.04,-1.59,-10.64,-1.09,-1.45,-10.08,-0.03,2.51,2.50"
"873.05,2.23,-11.48,2.53,1.52,-9.90,3.09,2.51,2.48"
"874.06,2.50,-16.75,5.09,2.10,-17.07,3.76,2.53,2.50"
"875.07,2.02,-12.16,0.23,0.34,-12.21,-1.40,2.51,2.50"
"876.08,0.24,-12.81,-1.63,-0.85,-9.19,-2.48,2.51,2.48"
"877.09,-0.05,-7.04,-0.30,0.04,-10.68,0.59,2.51,2.49"
"878.10,2.79,-12.13,2.38,1.27,-12.90,1.15,2.52,2.48"
"879.11,0.63,-13.85,0.33,-0.86,-18.43,-0.16,2.52,2.49"
"880.12,-0.49,-14.18,-2.17,2.08,-11.96,-1.94,2.51,2.47"
"881.13,2.38,-7.72,0.14,1.84,-7.20,0.65,2.51,2.49"
"882.14,-0.89,-11.19,-2.34,-1.08,-13.37,-2.43,2.51,2.47"
"883.15,-3.08,-10.45,-0.97,2.11,-7.91,0.39,2.51,2.47"
"884.16,3.19,-6.21,2.49,2.76,-8.05,-0.06,2.52,2.46"
"885.17,2.84,-9.81,1.98,0.45,-8.13,1.35,2.51,2.49"
"886.18,0.74,-8.92,1.24,3.09,-7.20,0.60,2.52,2.47"
"887.19,0.69,-3.64,0.23,0.62,-10.28,-0.68,2.53,2.48"
"888.20,1.54,-14.29,2.66,1.19,-9.72,2.65,2.53,2.49"
"889.21,1.29,-11.65,-2.23,0.01,-15.20,-0.99,2.52,2.49"
"890.22,-2.27,-8.38,-1.68,-2.71,-8.59,-2.36,2.52,2.48"
"891.23,5.33,-7.31,2.17,-2.29,-9.83,-0.85,2.51,2.47"
"892.24,3.08,-8.91,-0.38,0.31,-11.67,-1.82,2.52,2.47"
"893.25,2.21,-12.39,1.91,1.63,-15.89,0.75,2.51,2.49"
"894.26,0.74,-4.06,0.59,-0.08,-6.85,-0.07,2.50,2.45"
"895.27,1.33,-4.20,0.83,1.03,-7.84,-1.40,2.52,2.47"
"896.28,-1.24,-12.79,-0.23,-0.03,-16.77,0.96,2.51,2.48"
"897.29,-2.05,-10.31,-2.43,-0.79,-7.08,-0.84,2.53,2.48"
"898.29,1.42,-9.36,-1.37,0.48,-11.60,-2.02,2.52,2.48"
"899.30,1.42,-9.18,-1.67,-0.33,-7.81,-2.54,2.49,2.47"
"900.32,-0.78,-11.88,0.87,-1.44,-11.44,0.40,2.52,2.50"
"901.32,-0.36,-14.35,-0.99,0.55,-9.73,-0.68,2.50,2.47"
"902.34,1.89,-9.20,1.30,0.53,-7.65,0.32,2.52,2.49"
"903.34,-1.26,-7.42,-1.19,1.14,-8.96,0.28,2.52,2.48"
"904.35,-0.87,-7.02,-0.31,-0.37,-9.52,-1.39,2.51,2.46"
"905.36,1.08,-10.57,-0.80,-1.51,-11.67,-1.02,2.52,2.48"
"906.37,4.67,-13.89,3.21,1.18,-16.82,1.05,2.52,2.47"
"907.38,0.94,-11.46,-0.66,0.21,-11.97,0.12,2.52,2.47"
"908.39,0.58,-10.89,-2.00,0.54,-12.94,-0.62,2.52,2.49"
"909.40,2.00,-13.94,-1.19,2.14,-12.72,-1.63,2.52,2.48"
"910.41,0.10,-9.28,-2.22,0.91,-7.25,-1.13,2.51,2.47"
"911.42,0.17,-10.32,-0.74,-0.50,-6.05,-0.39,2.51,2.48"
"912.43,-0.02,-13.13,-1.80,-3.13,-12.95,-3.04,2.53,2.47"
"913.44,-2.54,-13.48,-1.18,-0.10,-6.62,0.14,2.51,2.46"
"914.45,0.83,-7.16,1.19,1.21,-6.31,0.79,2.53,2.49"
"915.46,3.48,-10.48,0.30,2.68,-10.27,-0.53,2.51,2.49"
"916.47,-1.99,-9.23,-1.81,-0.51,-9.14,-0.80,2.50,2.48"
"917.48,-1.20,-13.63,-2.60,-0.97,-10.91,-1.13,2.51,2.49"
"918.49,-3.29,-12.61,-1.12,-1.37,-8.55,1.19,2.51,2.47"
"919.50,2.53,-3.73,1.56,0.15,-5.85,-1.31,2.52,2.48"
"920.51,-4.06,-15.05,-0.25,1.22,-6.97,2.18,2.51,2.48"
"921.52,0.91,-5.94,2.70,1.24,-7.48,1.65,2.51,2.48"
"922.53,1.08,-5.97,0.25,2.50,-10.23,0.62,2.53,2.47"
"923.54,1.55,-12.12,0.16,-0.22,-20.68,-0.45,2.51,2.47"
"924.55,0.51,-9.05,-3.37,-2.22,-9.45,-1.45,2.51,2.46"
"925.56,1.77,-13.58,0.50,1.70,-8.52,0.47,2.51,2.48"
"926.57,1.81,-10.75,2.31,4.32,-11.56,3.46,2.52,2.48"
"927.58,-0.99,-11.64,-0.32,0.43,-9.44,0.80,2.52,2.48"
"928.59,-0.78,-15.45,-0.49,0.81,-11.41,-0.37,2.52,2.49"
"929.60,-3.29,-9.12,-1.89,-1.62,-4.57,-1.48,2.51,2.45"
"930.61,1.53,-5.40,0.90,1.12,-8.50,0.70,2.51,2.47"
"931.62,-0.73,-9.64,-3.26,-1.86,-6.95,-2.35,2.52,2.48"
"932.63,-1.53,-9.93,0.48,-1.38,-8.83,1.64,2.51,2.48"
"933.64,0.44,-7.63,1.78,4.11,-8.03,2.28,2.52,2.48"
"934.65,2.42,-5.46,0.96,3.20,-2.62,1.49,2.51,2.48"
"935.66,3.02,-6.09,0.08,1.17,-5.51,-0.68,2.53,2.50"
"936.67,-0.52,-8.29,0.08,1.03,-10.30,-0.33,2.52,2.48"
"937.68,2.06,-12.49,-0.94,1.30,-14.56,-1.47,2.52,2.47"
"938.69,3.25,-9.50,-0.91,-0.68,-5.13,-1.77,2.53,2.48"
"939.70,-1.62,-7.77,0.97,-1.66,-5.62,0.69,2.52,2.48"
"940.71,-0.58,-10.55,-1.78,-0.56,-10.28,-1.36,2.51,2.47"
"941.72,0.83,-12.37,-0.54,2.48,-6.62,0.11,2.52,2.47"
"942.73,1.87,-7.23,1.20,1.16,-10.46,0.46,2.51,2.48"
"943.73,-0.48,-12.63,-0.23,1.48,-7.77,0.07,2.52,2.49"
"944.75,0.75,-7.23,-0.20,0.71,-8.64,0.10,2.52,2.48"
"945.76,0.67,-6.61,-0.58,3.95,-8.29,1.56,2.53,2.48"
"946.76,3.74,-11.94,2.26,3.48,-9.87,2.15,2.52,2.49"
"947.77,-0.40,-16.18,-0.82,-1.84,-13.42,1.45,2.52,2.49"
"948.78,2.04,-8.90,2.09,2.55,-8.93,2.60,2.53,2.49"
"949.79,-0.52,-15.07,-1.92,-2.56,-16.38,-2.03,2.53,2.47"
"950.80,-0.13,-9.35,2.84,-0.16,-10.28,3.55,2.53,2.48"
"951.81,-0.22,-7.10,-0.31,-3.18,-9.35,-1.68,2.51,2.49"
"952.82,1.80,-11.45,1.34,1.52,-10.16,1.62,2.52,2.49"
"953.83,1.71,-7.93,-1.85,1.73,-9.62,-2.28,2.52,2.49"
"954.84,0.80,-9.81,-0.20,1.02,-9.51,-0.13,2.52,2.48"
"955.85,-2.16,-13.31,0.36,1.09,-5.85,1.54,2.51,2.48"
"956.86,1.26,-16.08,-1.64,-0.57,-11.97,-1.98,2.52,2.50"
"957.87,1.41,-7.91,1.51,0.27,-13.39,0.88,2.52,2.49"
"958.88,0.98,-13.67,0.80,0.83,-11.31,-0.54,2.53,2.48"
"959.89,1.09,-8.28,1.95,1.91,-8.22,1.47,2.52,2.49"
"960.90,0.33,-10.02,1.04,0.53,-14.08,0.78,2.52,2.48"
"961.91,1.06,-10.47,1.08,1.90,-10.20,2.56,2.52,2.48"
"962.92,1.84,-14.84,0.13,0.40,-11.03,0.17,2.50,2.48"
"963.93,2.41,-7.90,-0.78,1.72,-7.43,-0.14,2.52,2.49"
"964.94,2.97,-9.85,0.76,0.77,-11.88,1.51,2.52,2.47"
"965.95,0.64,-8.96,-1.33,-0.17,-10.14,-0.74,2.52,2.47"
"966.96,2.67,-8.10,2.08,2.78,-11.58,3.17,2.51,2.50"
"967.97,-1.01,-9.04,-2.14,-0.10,-10.30,-1.96,2.52,2.49"
"968.98,5.19,-6.30,2.39,2.50,-12.40,0.13,2.50,2.49"
"969.99,2.58,-9.62,3.57,2.46,-8.74,3.66,2.52,2.48"
"971.00,-0.25,-8.59,0.74,0.63,-7.22,1.86,2.54,2.49"
"972.01,2.59,-4.21,0.58,1.76,-9.27,-1.41,2.53,2.49"
"973.02,0.72,-10.94,-0.62,1.67,-13.44,-1.07,2.52,2.47"
"974.03,1.68,-10.90,-1.07,-2.55,-11.88,-2.55,2.53,2.48"
"975.04,-0.59,-15.97,-2.19,0.46,-12.54,-2.23,2.51,2.47"
"976.05,-0.92,-6.74,0.97,3.97,-6.39,0.17,2.51,2.49"
"977.06,3.18,-10.10,0.74,1.92,-12.09,-1.12,2.51,2.50"
"978.07,-3.51,-14.31,-2.52,-1.93,-6.98,-1.44,2.51,2.49"
"979.08,1.13,-7.33,1.66,2.18,-6.20,3.85,2.51,2.47"
"980.09,2.79,-7.32,2.38,-0.02,-11.63,1.84,2.52,2.49"
"981.10,2.60,-9.58,1.65,2.24,-10.84,1.95,2.50,2.49"
"982.11,0.56,-5.19,1.06,2.09,-5.39,2.21,2.53,2.48"
"983.12,-0.07,-10.83,-1.82,2.21,-6.76,-0.70,2.51,2.49"
"984.13,2.81,-10.99,2.26,0.27,-10.59,2.07,2.52,2.48"
"985.14,0.96,-11.32,0.11,1.19,-9.69,0.77,2.52,2.47"
"986.15,1.58,-12.03,-0.83,-0.69,-9.46,-1.73,2.51,2.48"
"987.16,0.69,-7.56,2.35,1.59,-4.55,2.20,2.52,2.48"
"988.16,-0.66,-7.71,-1.92,-0.05,-9.26,-1.99,2.52,2.49"
"989.17,1.69,-9.79,-1.15,0.18,-11.60,-0.05,2.53,2.51"
"990.18,1.65,-6.00,-2.10,-2.02,-7.26,-2.76,2.51,2.47"
"991.20,-0.51,-14.75,0.43,-0.28,-7.85,0.90,2.52,2.46"
"992.20,-0.88,-14.38,-1.59,-0.72,-15.78,-0.33,2.52,2.49"
"993.21,0.51,-6.69,-1.15,-1.46,-9.60,-1.61,2.52,2.48"
"994.22,0.62,-11.03,-0.20,0.18,-14.07,-0.85,2.52,2.49"
"995.23,2.92,-6.17,-0.64,0.10,-5.92,-1.79,2.50,2.48"
"996.24,1.20,-11.34,2.54,3.59,-8.27,2.65,2.52,2.48"
"997.25,3.00,-8.42,1.73,3.19,-5.66,1.96,2.52,2.48"
"998.26,1.72,-8.02,-0.75,3.95,-12.16,1.30,2.50,2.49"
"999.27,2.29,-10.48,1.27,1.21,-9.59,-0.75,2.52,2.47"
"1000.28,3.21,-5.09,-1.89,-0.48,-12.45,-1.68,2.51,2.47"
"1001.29,0.33,-9.02,0.06,0.48,-9.58,0.44,2.52,2.49"
"1002.30,0.32,-3.66,1.24,2.06,-5.37,3.02,2.52,2.47"
"1003.31,0.73,-10.97,-2.22,-0.84,-7.67,-2.24,2.53,2.48"
"1004.32,-1.00,-11.19,-0.25,0.17,-10.12,0.07,2.51,2.47"
"1005.33,1.65,-8.86,2.47,2.54,-5.94,2.50,2.52,2.48"
"1006.34,1.29,-11.32,-0.13,-0.39,-8.60,0.62,2.52,2.49"
"1007.35,0.03,-11.04,-2.10,-0.18,-11.53,-2.41,2.51,2.48"
"1008.36,1.15,-11.77,1.00,3.19,-10.66,1.73,2.52,2.48"
"1009.37,-1.39,-7.90,-0.43,-0.01,-3.16,-0.82,2.52,2.49"
"1010.38,0.64,-9.94,-1.78,0.24,-10.43,-2.30,2.51,2.48"
"1011.39,-0.27,-10.39,-0.54,-0.43,-10.35,-1.33,2.51,2.48"
"1012.40,-0.57,-10.87,-3.92,1.02,-6.40,-3.49,2.52,2.48"
"1013.41,-1.23,-9.07,-2.53,0.36,-9.87,-2.23,2.53,2.49"
"1014.42,0.28,-13.26,-2.54,-0.16,-11.70,-2.36,2.52,2.47"
"1015.43,1.08,-5.04,2.86,1.68,-10.07,0.79,2.53,2.49"
"1016.44,0.83,-9.34,1.71,-0.76,-9.74,0.12,2.52,2.48"
"1017.45,4.52,-7.85,2.78,0.23,-11.62,0.77,2.52,2.48"
"1018.46,-1.21,-8.05,-0.35,0.16,-11.38,0.45,2.51,2.48"
"1019.47,-1.44,-14.47,-1.61,2.22,-7.90,-0.40,2.51,2.48"
"1020.48,-1.39,-9.49,-1.00,0.71,-9.68,-0.19,2.53,2.48"
"1021.49,0.38,-8.68,-1.36,0.87,-7.98,0.01,2.52,2.49"
"1022.50,-0.39,-7.84,0.10,-1.21,-16.12,-1.79,2.52,2.48"
"1023.51,-0.58,-9.09,-2.18,-0.68,-11.02,-1.01,2.52,2.48"
"1024.52,-3.34,-7.63,-0.18,0.97,-5.92,0.71,2.52,2.48"
"1025.53,3.02,-14.23,2.37,1.48,-11.50,2.06,2.51,2.47"
"1026.54,-0.48,-11.84,-0.86,0.93,-10.01,-1.49,2.52,2.47"
"1027.55,2.80,-9.99,1.15,1.12,-12.91,-1.57,2.51,2.48"
"1028.56,-0.03,-8.73,-0.87,1.25,-11.17,-0.25,2.52,2.49"
"1029.57,-1.61,-10.66,-2.01,-0.48,-8.77,-0.15,2.52,2.48"
"1030.58,4.01,-7.67,2.45,1.23,-6.65,2.15,2.52,2.50"
"1031.59,3.11,-7.00,3.97,3.90,-8.49,5.66,2.53,2.50"
"1032.60,-0.46,-11.94,-1.07,0.20,-9.19,-0.27,2.50,2.49"
"1033.61,0.20,-10.45,0.74,0.79,-6.60,-0.43,2.51,2.48"
"1034.61,-1.41,-12.26,-0.28,0.00,-11.48,0.17,2.52,2.48"
"1035.63,0.70,-11.08,1.33,-0.08,-10.21,0.19,2.52,2.48"
"1036.64,2.02,-11.17,-1.25,2.00,-10.58,-2.65,2.53,2.48"
"1037.65,-0.28,-10.68,-1.55,-1.63,-8.52,-0.46,2.52,2.47"
"1038.66,-1.65,-7.24,0.04,-0.23,-6.44,1.43,2.51,2.50"
"1039.67,-1.95,-0.60,-0.00,1.05,-0.23,1.49,2.52,2.48"
"1040.67,0.69,-7.33,-3.16,0.92,-10.88,-2.28,2.52,2.48"
"1041.68,0.40,-3.31,-0.39,2.21,-6.27,2.17,2.53,2.46"
"1042.69,1.44,-20.72,3.73,3.22,-14.47,3.16,2.52,2.51"
"1043.70,1.29,-5.99,-0.14,0.02,-12.67,-0.98,2.54,2.48"
"1044.71,-2.38,-9.84,-3.19,-0.99,-11.43,-1.39,2.51,2.48"
"1045.72,1.89,-5.72,-0.66,1.84,-10.71,1.10,2.53,2.49"
"1046.73,2.85,-21.26,1.27,2.27,-12.25,2.53,2.52,2.48"
"1047.74,-0.49,-10.17,-1.48,-1.29,-8.71,-3.07,2.53,2.48"
"1048.75,1.37,-12.42,1.65,2.88,-13.07,2.67,2.52,2.49"
"1049.76,2.91,-11.79,2.51,1.75,-8.85,1.14,2.52,2.50"
"1050.77,0.85,-11.34,-1.35,1.71,-11.65,-1.51,2.52,2.48"
"1051.78,0.34,-12.46,-0.96,0.63,-12.31,-0.58,2.54,2.49"
"1052.79,0.32,-9.17,0.11,0.22,-12.81,0.03,2.53,2.50"
"1053.80,2.16,-9.91,1.86,2.58,-9.42,3.03,2.52,2.49"
"1054.81,-0.96,-7.60,-1.25,-0.33,-5.55,-0.21,2.54,2.48"
"1055.82,0.41,-4.85,-0.61,0.68,-6.34,-1.93,2.52,2.50"
"1056.83,0.08,-13.63,-1.76,0.50,-7.77,-0.97,2.52,2.49"
"1057.84,0.60,-7.79,-1.10,-1.13,-12.40,-2.93,2.52,2.49"
"1058.85,1.64,-7.03,0.45,1.64,-7.35,0.50,2.52,2.49"
"1059.86,0.29,-9.16,0.56,5.05,-4.53,1.68,2.52,2.48"
"1060.87,1.00,-9.45,-0.17,2.20,-9.24,-1.01,2.50,2.48"
"1061.88,1.64,-10.49,0.02,-0.88,-11.79,-1.58,2.53,2.49"
"1062.89,0.95,-10.84,1.16,0.55,-13.52,2.28,2.51,2.49"
"1063.90,-1.24,-15.68,-4.47,-2.95,-11.07,-3.53,2.52,2.48"
"1064.91,1.45,-10.93,0.16,-1.25,-11.33,-0.16,2.52,2.48"
"1065.92,0.87,-10.55,0.04,1.95,-7.22,0.82,2.52,2.48"
"1066.93,-0.67,-11.45,-1.19,-0.98,-10.19,-0.51,2.51,2.48"
"1067.94,0.61,-11.05,-0.88,1.32,-8.26,0.10,2.51,2.46"
"1068.95,0.65,-9.83,0.28,0.73,-10.60,0.17,2.52,2.47"
"1069.96,1.09,-10.29,-0.37,0.59,-9.17,0.51,2.52,2.49"
"1070.97,-0.17,-13.23,-1.90,-1.92,-11.65,-0.82,2.51,2.46"
"1071.98,-0.15,-12.29,1.01,0.60,-9.27,1.63,2.52,2.49"
"1072.99,0.73,-10.53,-0.41,1.31,-9.34,0.11,2.53,2.47"
"1074.00,-0.66,-8.79,-2.15,1.22,-4.48,-0.37,2.52,2.49"
"1075.01,-0.07,-9.84,1.60,1.59,-7.49,1.35,2.52,2.49"
"1076.02,1.72,-9.16,-1.10,0.11,-9.57,-1.76,2.50,2.49"
"1077.03,1.57,-6.49,-0.11,2.05,-8.89,1.52,2.53,2.49"
"1078.04,-0.48,-14.68,-1.79,-0.60,-9.28,-0.55,2.53,2.49"
"1079.05,0.22,-6.96,0.08,2.10,-7.46,1.70,2.52,2.50"
"1080.06,1.21,-6.78,-1.34,-0.77,-11.81,-1.61,2.51,2.49"
"1081.07,-0.95,-8.67,0.20,-0.69,-12.35,2.21,2.51,2.50"
"1082.08,0.90,-7.33,-0.97,-1.55,-14.81,-2.32,2.54,2.48"
"1083.09,2.35,-12.37,-0.92,2.16,-11.96,-0.99,2.51,2.48"
"1084.10,0.96,-6.09,-1.52,1.54,-7.83,-1.81,2.51,2.48"
"1085.11,1.08,-5.09,-1.15,2.59,-8.32,-0.22,2.52,2.48"
"1086.12,0.52,-9.85,-0.17,0.59,-9.51,-0.04,2.52,2.49"
"1087.13,0.61,-9.60,-0.03,0.76,-9.96,-0.01,2.52,2.49"
"1088.14,-0.40,-7.24,-0.47,1.08,-9.75,-0.50,2.52,2.48"
"1089.15,0.75,-9.94,0.00,0.67,-9.82,-0.06,2.52,2.47"
