"0.62,2.81,-38.02,-0.24,0.51,-10.10,-0.04,2.52,2.50"
"1.63,0.64,-9.82,0.10,0.53,-9.90,-0.02,2.52,2.48"
"2.64,0.57,-9.98,0.07,0.58,-9.81,-0.09,2.53,2.50"
"3.65,0.56,-9.97,0.00,0.68,-9.59,0.02,2.53,2.50"
"4.66,0.53,-9.85,-0.03,0.66,-9.54,0.01,2.53,2.48"
"5.67,0.48,-10.19,-0.22,0.62,-9.33,-0.11,2.53,2.50"
"6.68,0.60,-9.69,0.05,0.67,-9.54,-0.01,2.53,2.49"
"7.69,0.60,-9.66,0.00,0.73,-9.67,-0.07,2.52,2.50"
"8.69,0.74,-9.77,0.03,0.58,-10.10,-0.05,2.52,2.49"
"9.71,0.11,-10.19,-0.24,-0.12,-10.72,-0.35,2.51,2.49"
"10.72,0.56,-9.92,0.07,0.59,-9.79,0.04,2.52,2.48"
"11.72,0.65,-9.68,0.05,0.70,-9.72,0.12,2.53,2.48"
"12.73,0.63,-9.38,0.00,0.46,-10.01,-0.17,2.52,2.49"
"13.74,0.56,-9.81,-0.13,0.54,-9.91,-0.06,2.53,2.50"
"14.75,0.62,-9.65,0.04,0.84,-9.92,-0.03,2.53,2.50"
"15.76,0.39,-9.16,-0.44,0.11,-9.23,-0.46,2.53,2.50"
"16.77,0.88,-9.96,0.44,0.62,-9.67,0.33,2.52,2.49"
"17.78,0.98,-9.21,0.02,0.31,-10.57,-0.25,2.53,2.50"
"18.79,0.47,-8.20,-0.19,-0.41,-9.38,-0.48,2.52,2.51"
"19.80,0.65,-9.81,0.05,0.09,-10.23,-0.72,2.52,2.49"
"20.81,0.67,-8.89,-0.37,0.10,-10.76,-0.41,2.52,2.49"
"21.82,0.67,-10.10,0.11,0.75,-9.87,0.03,2.53,2.49"
"22.83,0.29,-9.89,-0.14,0.97,-10.35,0.21,2.52,2.50"
"23.84,0.92,-9.86,-0.11,0.92,-9.79,0.16,2.52,2.49"
"24.85,0.15,-9.91,-0.35,0.70,-9.48,-0.20,2.52,2.49"
"25.86,0.91,-9.43,0.01,0.64,-9.73,0.15,2.53,2.50"
"26.87,0.38,-10.07,-0.27,0.59,-9.87,-0.20,2.53,2.49"
"27.88,0.36,-9.46,-0.24,0.31,-9.51,-0.19,2.53,2.49"
"28.89,0.79,-9.68,0.00,0.64,-9.97,-0.06,2.53,2.50"
"29.90,0.73,-9.65,-0.04,0.78,-9.89,0.09,2.52,2.49"
"30.91,0.66,-9.99,-0.02,0.66,-9.62,-0.16,2.52,2.50"
"31.92,0.57,-10.13,-0.12,1.04,-8.97,0.14,2.51,2.49"
"32.93,0.23,-16.17,-0.45,0.35,-10.41,-0.45,2.53,2.50"
"33.94,1.49,-11.63,-0.60,-0.00,-11.38,-0.13,2.52,2.50"
"34.95,-0.93,-10.69,-0.44,1.23,-7.50,0.03,2.53,2.50"
"35.96,0.52,-13.03,-0.26,1.78,-9.53,1.08,2.52,2.51"
"36.97,0.18,-10.71,-0.71,2.56,-8.21,0.42,2.52,2.48"
"37.98,-2.05,-15.01,-0.84,-0.17,-10.87,1.16,2.52,2.50"
"38.99,-1.52,-14.61,-0.95,1.49,-10.02,0.11,2.53,2.50"
"40.00,0.79,-10.36,2.04,0.29,-9.14,0.17,2.53,2.50"
"41.01,-2.50,-8.34,-1.75,-1.37,-7.83,-1.65,2.53,2.49"
"42.02,0.16,-11.17,0.14,1.07,-9.46,-0.22,2.54,2.50"
"43.03,0.66,-9.98,0.51,-1.09,-10.60,-0.50,2.53,2.49"
"44.04,1.87,-9.31,-0.13,0.82,-8.06,-0.38,2.52,2.49"
"45.04,-2.40,-5.26,1.71,-0.94,-2.57,1.34,2.51,2.48"
"46.05,1.34,-13.22,0.72,-1.90,-11.95,-1.32,2.52,2.50"
"47.06,-1.22,-6.85,1.80,1.65,-8.73,1.55,2.53,2.51"
"48.07,-1.10,-8.53,-0.27,-0.86,-3.85,0.92,2.52,2.50"
"49.08,0.96,-11.24,0.32,3.11,-8.98,0.40,2.51,2.50"
"50.09,0.14,-11.52,-1.64,2.04,-11.18,-0.09,2.51,2.48"
"51.10,-0.69,-9.59,-1.81,-1.47,-5.28,-0.04,2.52,2.48"
"52.11,0.96,-4.61,-1.01,0.66,-12.62,-1.06,2.51,2.49"
"53.12,0.52,-10.41,-1.02,1.92,-8.18,-1.13,2.53,2.50"
"54.13,-0.56,-10.58,-2.97,-1.05,-12.08,-2.08,2.52,2.50"
"55.14,-0.50,-10.05,0.51,-1.76,-7.28,-0.51,2.51,2.51"
"56.15,3.83,-5.48,0.60,0.70,-11.82,-0.17,2.51,2.50"
"57.16,0.67,-11.49,-0.06,0.56,-12.28,-0.31,2.52,2.50"
"58.17,2.26,-5.06,0.87,0.17,-8.16,0.41,2.53,2.50"
"59.18,-0.21,-12.61,-1.58,0.51,-7.68,-0.10,2.53,2.50"
"60.19,1.71,-8.84,0.88,-0.89,-12.50,-0.35,2.52,2.49"
"61.20,-0.72,-9.69,-0.17,2.69,-4.96,3.38,2.51,2.49"
"62.21,1.16,-13.26,-0.92,0.97,-7.40,-0.82,2.53,2.50"
"63.22,1.26,-10.04,0.54,-0.20,-12.16,-1.30,2.52,2.50"
"64.23,-0.31,-12.37,-0.65,-0.53,-13.00,-0.34,2.52,2.51"
"65.24,1.02,-8.79,0.74,-0.40,-11.61,-0.17,2.52,2.50"
"66.25,0.65,-10.13,1.36,1.54,-8.69,1.38,2.51,2.49"
"67.26,0.81,-11.16,0.30,2.20,-12.11,-0.53,2.51,2.50"
"68.27,0.45,-7.77,1.45,1.87,-7.26,2.29,2.53,2.51"
"69.28,0.29,-10.83,0.01,1.61,-13.77,-0.42,2.51,2.49"
"70.29,-0.17,-9.01,0.31,0.94,-9.84,0.48,2.52,2.50"
"71.30,0.80,-8.37,2.03,1.05,-9.70,1.33,2.51,2.50"
"72.31,3.27,-6.62,2.55,1.52,-11.64,1.50,2.52,2.51"
"73.32,2.26,-9.15,-0.48,1.41,-8.27,0.58,2.52,2.50"
"74.33,-0.11,-13.22,-1.93,-0.04,-11.13,-0.95,2.52,2.50"
"75.33,0.03,-6.71,0.59,0.47,-9.10,-1.18,2.52,2.48"
"76.34,1.36,-10.28,-0.11,0.87,-10.46,0.33,2.52,2.49"
"77.36,-0.97,-10.54,-1.62,1.85,-7.29,-0.47,2.52,2.50"
"78.36,0.01,-12.85,-1.10,0.76,-10.24,0.26,2.51,2.49"
"79.37,5.21,-11.57,5.69,2.10,-14.25,3.87,2.52,2.50"
"80.38,0.79,-8.77,-0.29,0.71,-8.18,0.32,2.53,2.51"
"81.39,0.48,-11.10,0.79,0.01,-12.05,1.30,2.52,2.49"
"82.40,1.69,-7.94,1.32,0.36,-12.53,0.22,2.52,2.49"
"83.41,-1.45,-11.15,-0.22,-0.28,-9.76,-0.21,2.52,2.49"
"84.42,-0.62,-12.41,0.24,0.25,-6.81,-0.25,2.53,2.49"
"85.43,1.60,-7.77,0.39,0.23,-8.11,0.42,2.54,2.50"
"86.44,1.42,-9.08,1.06,-1.13,-8.68,0.19,2.52,2.50"
"87.45,1.29,-7.83,-0.01,1.32,-8.88,0.38,2.51,2.49"
"88.46,-1.12,-7.92,-0.28,1.98,-6.60,1.11,2.53,2.49"
"89.47,2.02,-8.21,-0.01,3.20,-9.20,0.62,2.50,2.50"
"90.48,2.21,-7.94,2.09,1.41,-10.70,1.57,2.53,2.50"
"91.49,0.63,-10.02,-0.52,2.30,-9.41,-0.40,2.52,2.50"
"92.50,1.58,-8.56,0.07,-1.07,-11.31,-0.30,2.51,2.50"
"93.51,1.05,-7.88,2.25,2.75,-11.50,4.00,2.52,2.49"
"94.52,1.19,-10.30,0.20,-1.05,-10.46,-0.95,2.52,2.50"
"95.53,2.33,-7.64,1.54,0.81,-7.98,0.94,2.50,2.50"
"96.54,1.19,-13.13,-0.32,-2.37,-15.78,-0.57,2.52,2.49"
"97.55,0.86,-8.49,-0.38,1.61,-9.91,-0.39,2.53,2.50"
"98.56,-0.42,-13.43,-1.04,0.78,-11.50,0.36,2.52,2.50"
"99.57,1.15,-10.58,0.19,0.45,-11.37,0.20,2.51,2.49"
"100.58,-0.09,-10.61,0.33,0.39,-8.17,0.66,2.53,2.49"
"101.59,0.01,-8.74,-0.36,-1.08,-15.43,0.09,2.50,2.49"
"102.60,-1.03,-9.04,0.26,1.98,-8.79,0.61,2.53,2.49"
"103.61,0.71,-9.90,-1.91,0.58,-6.10,-0.92,2.52,2.48"
"104.62,1.25,-4.73,2.36,-0.72,-9.13,0.10,2.52,2.50"
"105.63,1.02,-14.33,1.26,2.75,-9.13,2.94,2.52,2.49"
"106.64,1.95,-6.30,1.49,1.47,-11.03,1.25,2.52,2.50"
"107.65,1.00,-11.21,-0.06,0.42,-7.58,0.43,2.52,2.50"
"108.66,-1.04,-9.50,-2.60,-2.62,-5.90,-4.08,2.52,2.49"
"109.67,-0.05,-6.69,-1.04,-1.47,-8.84,-2.21,2.54,2.51"
"110.68,-0.07,-11.04,1.48,3.81,-8.69,3.75,2.51,2.49"
"111.68,0.55,-13.74,-1.88,-0.99,-6.91,-1.22,2.53,2.50"
"112.69,1.84,-10.22,2.94,1.69,-7.84,2.02,2.52,2.49"
"113.70,3.02,-7.54,1.25,1.96,-12.13,-1.92,2.52,2.52"
"114.71,-0.44,-16.83,0.54,1.53,-12.10,1.05,2.52,2.50"
"115.72,0.52,-11.82,0.20,-1.27,-9.66,-1.33,2.51,2.49"
"116.73,0.70,-10.00,0.98,-0.45,-10.86,-0.49,2.52,2.50"
"117.74,1.68,-7.30,0.79,2.27,-8.90,1.59,2.52,2.49"
"118.75,1.22,-8.98,1.44,-0.56,-11.02,1.34,2.53,2.50"
"119.76,-1.60,-7.78,-1.53,0.16,-11.72,-0.14,2.52,2.49"
"120.77,2.95,-11.19,4.00,4.42,-6.99,2.02,2.52,2.48"
"121.78,0.74,-8.98,-2.64,-1.44,-9.70,-3.08,2.51,2.49"
"122.79,-0.41,-10.21,-1.52,0.11,-13.91,-1.35,2.52,2.50"
"123.80,-1.90,-10.44,-0.44,-1.74,-9.54,-0.42,2.53,2.50"
"124.81,-0.63,-1.13,-2.34,-0.91,-5.97,-0.98,2.52,2.49"
"125.82,1.97,-7.10,0.39,3.00,-9.80,2.07,2.52,2.49"
"126.83,3.88,-6.99,-0.29,0.91,-8.49,-0.96,2.51,2.51"
"127.84,2.10,-3.86,1.31,-0.26,-10.29,0.89,2.52,2.49"
"128.85,4.30,-14.21,0.09,-0.61,-14.98,-1.63,2.52,2.51"
"129.86,-0.01,-14.88,-2.33,4.10,-6.59,-0.59,2.52,2.49"
"130.87,3.79,-14.69,0.38,1.44,-14.36,-0.44,2.51,2.49"
"131.88,0.75,-11.54,0.05,0.57,-9.02,0.71,2.52,2.49"
"132.89,1.58,-7.19,0.55,0.59,-7.44,-0.58,2.53,2.48"
"133.90,2.59,-9.24,1.30,-0.35,-11.62,1.14,2.51,2.50"
"134.91,0.26,-10.78,-2.02,0.53,-12.74,-1.87,2.51,2.52"
"135.92,1.40,-13.33,-0.58,0.46,-8.99,-0.28,2.51,2.50"
"136.93,1.08,-4.42,1.30,0.03,-8.71,0.81,2.52,2.50"
"137.94,-1.14,-7.52,-0.60,0.10,-8.33,-0.44,2.52,2.50"
"138.95,-1.13,-11.38,0.36,0.27,-7.80,-0.35,2.52,2.49"
"139.96,4.54,-10.25,1.64,1.38,-10.37,-0.03,2.51,2.51"
"140.97,1.41,-12.89,0.38,2.09,-12.87,0.11,2.52,2.51"
"141.98,0.19,-14.13,-0.47,-0.85,-10.74,-0.88,2.52,2.49"
"142.99,1.16,-12.86,-1.96,0.02,-9.11,-1.36,2.52,2.50"
"144.00,1.37,-14.62,-1.48,0.08,-13.68,-1.94,2.53,2.51"
"145.01,0.63,-10.29,1.38,2.25,-13.23,2.09,2.53,2.51"
"146.02,1.35,-5.91,2.04,-3.02,-8.29,0.44,2.53,2.51"
"147.03,2.38,-13.88,1.15,-1.12,-9.39,1.72,2.51,2.49"
"148.04,0.66,-10.19,-0.32,1.11,-10.49,1.44,2.52,2.50"
"149.05,-0.49,-11.01,-0.12,0.72,-4.07,0.30,2.51,2.50"
"150.06,-0.16,-9.39,0.25,0.03,-4.13,0.06,2.52,2.50"
"151.07,1.23,-12.65,-0.55,0.40,-11.62,-0.08,2.53,2.50"
"152.08,0.83,-14.76,-1.02,0.76,-14.39,-1.20,2.52,2.50"
"153.09,-0.85,-12.96,-1.42,-0.87,-10.13,-1.81,2.52,2.49"
"154.10,0.52,-7.34,0.36,0.68,-4.63,-0.11,2.52,2.50"
"155.11,-3.54,-10.01,-2.66,-1.00,-10.14,-2.56,2.52,2.49"
"156.12,-0.73,-12.38,-1.71,-1.25,-8.95,-2.67,2.51,2.51"
"157.13,2.09,-14.25,0.72,2.78,-14.27,1.90,2.53,2.49"
"158.13,0.93,-7.72,-0.48,-0.03,-11.40,-0.38,2.51,2.49"
"159.14,1.95,-7.87,1.94,2.93,-8.44,2.45,2.53,2.51"
"160.15,1.53,-13.73,2.18,0.70,-4.85,0.36,2.52,2.51"
"161.16,1.14,-12.77,-1.11,-2.48,-13.54,-1.98,2.52,2.49"
"162.17,-0.23,-11.47,-0.26,0.68,-8.42,0.17,2.52,2.50"
"163.18,1.82,-10.43,-0.95,4.11,-9.36,-1.05,2.53,2.51"
"164.19,1.97,-13.94,-1.37,0.86,-9.48,-0.94,2.51,2.48"
"165.20,-0.89,-5.72,-0.78,0.25,-4.98,-1.15,2.51,2.50"
"166.21,1.19,-7.30,-0.40,0.75,-9.58,-1.07,2.52,2.50"
"167.22,-0.21,-7.15,0.20,3.46,-8.26,1.78,2.52,2.48"
"168.23,2.79,-8.09,3.29,3.67,-4.76,3.05,2.52,2.50"
"169.24,0.48,-9.24,-0.51,0.03,-9.33,0.20,2.52,2.48"
"170.25,-0.05,-6.03,-0.36,1.64,-7.82,-0.24,2.51,2.48"
"171.26,0.53,-10.97,0.09,0.46,-5.21,-0.48,2.53,2.50"
"172.27,1.31,-8.33,-0.22,3.22,-6.43,0.68,2.51,2.49"
"173.28,0.10,-11.58,-3.11,-2.02,-10.92,-4.05,2.51,2.49"
"174.29,0.47,-10.52,1.19,1.94,-15.00,1.24,2.52,2.52"
"175.30,-1.25,-4.11,-0.74,1.12,-8.32,-1.13,2.52,2.49"
"176.31,0.19,-13.60,-1.34,0.16,-9.90,-1.40,2.52,2.51"
"177.32,-0.29,-12.10,1.43,2.04,-3.61,1.87,2.52,2.48"
"178.33,0.98,-8.99,-0.76,-0.16,-11.74,-2.23,2.51,2.50"
"179.34,2.76,-11.12,0.31,1.73,-14.74,0.76,2.51,2.49"
"180.35,0.86,-7.00,2.72,-0.74,-9.30,1.70,2.52,2.49"
"181.36,2.99,-6.62,-1.04,0.36,-14.03,-1.15,2.53,2.50"
"182.37,2.45,-7.99,1.57,-0.93,-10.47,-0.88,2.53,2.50"
"183.38,4.28,-4.56,3.31,-0.29,-5.71,1.34,2.51,2.51"
"184.39,-0.58,-7.91,1.14,2.65,-10.94,3.55,2.52,2.48"
"185.40,-0.08,-3.71,-1.47,-0.32,-5.00,-1.10,2.52,2.49"
"186.41,-0.63,-10.03,-3.46,-1.37,-9.16,-1.50,2.51,2.49"
"187.42,-0.01,-13.01,0.97,1.34,-12.77,1.52,2.54,2.50"
"188.43,0.48,-14.13,-1.50,1.87,-12.49,0.13,2.52,2.48"
"189.44,0.42,-9.38,-0.39,1.39,-6.93,-0.26,2.52,2.49"
"190.45,-0.81,-11.15,-1.18,-0.13,-12.48,-1.31,2.53,2.49"
"191.46,2.84,-10.52,2.12,0.54,-16.24,1.03,2.52,2.50"
"192.47,2.40,-13.60,0.22,1.17,-14.11,0.37,2.52,2.49"
"193.48,0.57,-9.46,-1.72,1.72,-7.94,0.73,2.52,2.48"
"194.49,1.22,-12.02,-0.79,3.49,-11.75,1.04,2.51,2.50"
"195.50,1.17,-4.76,1.50,3.40,-9.60,1.30,2.53,2.49"
"196.51,0.29,-12.04,-1.11,-0.09,-6.56,-0.38,2.51,2.50"
"197.52,-1.43,-10.38,-1.05,-1.02,-2.59,-0.51,2.52,2.49"
"198.52,-0.58,-12.79,1.30,0.56,-9.16,3.22,2.52,2.49"
"199.54,1.71,-9.63,0.75,1.80,-10.60,-0.23,2.52,2.48"
"200.55,1.52,-7.02,-0.53,0.71,-8.75,-1.47,2.53,2.50"
"201.55,2.17,-11.37,-1.23,0.97,-11.47,0.40,2.51,2.48"
"202.56,1.55,-4.48,1.55,0.26,-11.79,1.36,2.51,2.50"
"203.57,-0.08,-10.24,-1.70,2.40,-9.84,-0.91,2.53,2.48"
"204.58,2.37,-11.10,0.90,-1.47,-13.29,-0.56,2.52,2.48"
"205.59,0.55,-7.86,-1.85,-1.91,-12.32,-3.31,2.53,2.48"
"206.60,-0.17,-18.33,1.18,1.15,-7.65,1.99,2.52,2.48"
"207.61,0.43,-7.64,-0.40,3.60,-1.77,-0.44,2.52,2.49"
"208.62,-0.02,-11.24,-1.79,0.87,-9.50,0.40,2.53,2.50"
"209.63,1.50,-6.47,0.22,-1.00,-8.00,-1.30,2.52,2.49"
"210.64,2.49,-11.69,-1.53,-0.06,-9.53,-2.25,2.51,2.49"
"211.65,1.20,-10.85,-0.02,0.93,-7.64,0.53,2.53,2.48"
"212.66,0.40,-5.27,-1.96,0.64,-9.63,-1.61,2.52,2.49"
"213.67,2.28,-15.97,1.28,4.99,-8.79,3.24,2.53,2.48"
"214.68,0.67,-10.01,-0.85,0.55,-12.74,-0.48,2.53,2.48"
"215.69,-0.22,-9.46,-1.90,0.29,-8.14,0.91,2.52,2.47"
"216.70,3.31,-13.03,-0.20,1.15,-16.61,-1.13,2.54,2.49"
"217.71,0.42,-16.15,-0.72,-0.82,-18.48,-0.02,2.53,2.47"
"218.72,0.22,-15.02,-1.51,-0.30,-10.90,0.21,2.51,2.49"
"219.73,-0.03,-12.89,-2.02,1.57,-9.87,-1.08,2.54,2.49"
"220.74,-1.54,-10.11,0.66,1.09,-4.98,1.02,2.52,2.48"
"221.75,-3.14,-5.51,-1.92,-3.73,-14.41,-2.84,2.53,2.50"
"222.76,-0.09,-16.92,-1.04,0.33,-12.28,-0.59,2.52,2.49"
"223.77,-0.76,-14.40,0.08,-0.34,-11.31,-0.25,2.54,2.51"
"224.78,0.61,-11.16,-0.81,1.41,-8.49,0.41,2.52,2.49"
"225.79,-1.07,-9.17,0.29,-1.16,-7.41,-0.86,2.53,2.49"
"226.80,0.81,-6.09,0.15,1.94,-6.03,0.40,2.53,2.47"
"227.81,3.37,-14.11,-0.11,-1.25,-13.94,-0.39,2.53,2.48"
"228.82,-1.97,-9.03,-2.91,-0.81,-8.88,-1.45,2.51,2.49"
"229.83,0.04,-7.43,-0.85,1.62,-10.89,0.10,2.54,2.48"
"230.84,0.21,-6.68,0.17,1.03,-8.06,0.38,2.53,2.48"
"231.85,0.13,-7.24,-2.83,-0.58,-7.93,-2.48,2.52,2.48"
"232.86,1.84,-8.67,-0.30,2.09,-8.83,-0.77,2.53,2.48"
"233.87,0.97,-13.29,-1.35,2.16,-15.06,0.64,2.51,2.48"
"234.88,1.62,-11.19,0.20,-0.93,-11.45,0.73,2.52,2.49"
"235.89,0.14,-8.47,-0.48,1.99,-7.37,-0.74,2.54,2.48"
"236.90,2.34,-10.80,1.09,1.33,-14.41,-0.77,2.52,2.49"
"237.91,0.66,-7.82,-1.30,-1.18,-7.01,-2.13,2.53,2.48"
"238.92,1.36,-7.86,-0.68,1.41,-9.25,-0.48,2.53,2.48"
"239.93,-0.37,-7.29,1.23,2.93,-9.62,3.76,2.53,2.46"
"240.94,1.61,-10.43,2.14,3.36,-10.70,2.32,2.52,2.48"
"241.95,0.14,-8.73,0.19,0.18,-6.07,1.23,2.53,2.48"
"242.96,-0.55,-11.03,-1.19,0.80,-7.82,-0.85,2.52,2.48"
"243.96,1.32,-9.00,-1.57,0.08,-7.84,-1.44,2.53,2.48"
"244.97,0.94,-8.93,-1.59,1.13,-14.58,-1.04,2.51,2.47"
"245.98,0.42,-9.14,0.17,0.88,-2.88,0.02,2.52,2.49"
"246.99,0.60,-8.86,-2.30,0.19,-7.29,-0.19,2.52,2.49"
"248.00,0.34,-10.29,0.74,2.15,-11.91,0.12,2.54,2.48"
"249.01,-0.00,-10.45,0.58,1.19,-9.77,0.27,2.52,2.47"
"250.02,-0.35,-11.19,-0.95,0.05,-11.34,-0.97,2.53,2.48"
"251.03,0.08,-10.01,-0.25,-0.12,-10.70,0.26,2.51,2.49"
"252.04,0.40,-1.66,-0.39,1.11,-4.05,-1.17,2.52,2.49"
"253.05,0.99,-9.35,-1.30,-2.48,-13.70,-3.46,2.52,2.48"
"254.06,2.64,-12.28,2.00,1.69,-12.39,0.19,2.52,2.49"
"255.07,-0.98,-13.58,-0.38,0.83,-9.60,1.28,2.51,2.48"
"256.08,1.07,-13.17,0.22,0.63,-11.78,0.12,2.52,2.47"
"257.09,-2.08,-11.02,-2.01,0.24,-5.97,0.21,2.52,2.48"
"258.10,3.47,-13.48,-0.30,0.31,-10.79,-0.00,2.52,2.47"
"259.11,0.07,-9.72,2.05,-1.37,-9.05,2.12,2.53,2.48"
"260.12,2.79,-10.64,-0.64,0.04,-10.71,-1.44,2.52,2.48"
"261.13,0.63,-14.34,2.39,0.31,-12.57,1.08,2.51,2.47"
"262.14,-2.02,-12.05,-2.78,0.38,-9.11,-2.38,2.50,2.46"
"263.15,2.40,-10.30,1.73,0.68,-12.41,-0.04,2.52,2.48"
"264.16,0.06,-11.42,-3.33,-1.12,-10.74,-2.78,2.52,2.48"
"265.17,1.13,-9.02,-0.64,-0.04,-8.19,-0.74,2.52,2.50"
"266.18,-0.53,-11.40,-0.51,-0.62,-6.11,-0.26,2.53,2.48"
"267.19,3.06,-10.52,1.93,0.33,-15.85,1.01,2.52,2.49"
"268.20,-1.45,-3.35,1.25,3.56,-3.18,2.68,2.53,2.48"
"269.21,-0.11,-12.91,-2.95,-3.52,-8.04,-4.03,2.54,2.48"
"270.22,-0.08,-8.94,-1.30,1.31,-5.55,-1.46,2.53,2.48"
"271.23,1.35,-1.53,-0.26,1.91,-6.28,0.62,2.53,2.47"
"272.24,1.59,-13.64,0.15,0.81,-15.44,-0.01,2.53,2.48"
"273.25,1.53,-5.33,1.08,1.48,-11.72,2.36,2.54,2.50"
"274.26,2.61,-23.90,2.02,1.66,-15.50,1.86,2.52,2.49"
"275.27,3.15,-7.21,0.05,0.84,-7.57,0.30,2.53,2.49"
"276.28,2.10,-12.33,0.36,0.51,-16.31,-1.59,2.52,2.49"
"277.29,-0.93,-8.37,-1.46,-0.66,-7.55,-1.81,2.53,2.50"
"278.30,-0.35,-12.82,-1.59,-0.54,-13.19,-0.49,2.53,2.47"
"279.31,0.79,-9.21,0.10,3.35,-10.34,-0.08,2.52,2.49"
"280.32,0.74,-10.43,0.03,1.42,-9.80,0.29,2.52,2.48"
"281.33,-2.12,-7.53,-1.17,-0.58,-7.36,-1.75,2.52,2.47"
"282.34,4.44,-7.48,1.45,0.52,-4.03,-0.47,2.52,2.47"
"283.35,1.26,-6.72,1.97,4.77,-5.55,4.22,2.53,2.49"
"284.36,0.40,-7.08,0.57,0.80,-8.90,0.97,2.51,2.48"
"285.36,0.91,-5.14,1.46,1.64,-5.06,0.97,2.54,2.48"
"286.37,2.81,-11.29,1.27,5.29,-14.01,1.22,2.52,2.49"
"287.39,-1.59,-7.58,-0.87,-2.08,-1.19,-1.63,2.54,2.48"
"288.39,-0.65,-11.38,0.78,-0.45,-13.08,0.23,2.54,2.48"
"289.40,2.27,-6.60,-0.17,1.42,-7.40,0.69,2.52,2.48"
"290.41,0.02,-5.91,-0.84,-1.89,-11.06,-2.48,2.51,2.48"
"291.42,0.62,-12.61,-2.19,-1.38,-8.78,-1.85,2.50,2.48"
"292.43,1.90,-6.31,-0.04,-1.38,-10.98,-0.72,2.54,2.49"
"293.44,2.71,-8.36,2.32,6.55,-6.38,1.72,2.53,2.46"
"294.45,2.33,-7.21,0.12,0.27,-8.43,-1.84,2.54,2.47"
"295.46,1.24,-12.55,1.15,1.10,-12.02,0.97,2.53,2.49"
"296.47,2.26,-13.92,3.44,1.29,-14.20,2.81,2.54,2.48"
"297.48,0.73,-13.40,0.35,0.27,-15.64,-0.17,2.52,2.47"
"298.49,0.50,-18.08,-0.14,-0.95,-13.27,-0.27,2.52,2.49"
"299.50,0.67,-12.49,-1.44,-1.10,-10.37,-1.03,2.54,2.50"
"300.51,1.97,-11.26,-1.46,2.24,-12.71,-2.08,2.52,2.47"
"301.52,0.60,-8.55,-1.17,0.68,-8.77,0.18,2.53,2.48"
"302.53,1.48,-16.21,-0.54,0.64,-17.77,-0.65,2.52,2.48"
"303.54,1.33,-7.50,-1.16,1.41,-6.85,-1.38,2.53,2.48"
"304.55,-3.15,-8.54,-2.25,-2.07,-8.90,-0.30,2.53,2.49"
"305.56,4.58,-10.34,0.75,3.08,-8.91,0.89,2.53,2.48"
"306.57,2.64,-6.05,2.35,1.52,-7.44,1.60,2.52,2.48"
"307.58,-0.12,-10.11,1.16,1.88,-13.95,1.24,2.53,2.48"
"308.59,-1.47,-14.15,-3.48,-3.45,-9.72,-4.59,2.52,2.49"
"309.60,0.95,-7.11,-1.55,-1.15,-11.14,-2.20,2.52,2.47"
"310.61,-0.46,-11.48,-0.19,2.03,-7.14,0.32,2.54,2.49"
"311.62,-0.12,-10.37,-2.30,-1.27,-8.33,-2.19,2.53,2.48"
"312.63,-1.08,-10.62,0.18,0.57,-10.06,0.34,2.52,2.49"
"313.64,0.29,-10.36,-1.55,-0.16,-11.57,-0.71,2.53,2.48"
"314.65,-0.24,-14.87,-1.95,0.89,-11.61,-0.60,2.53,2.49"
"315.66,2.68,-9.45,0.54,2.13,-13.15,0.72,2.53,2.48"
"316.67,-2.20,-15.31,-1.19,0.01,-10.16,-1.88,2.53,2.51"
"317.68,2.40,-9.17,1.84,1.71,-8.67,2.03,2.52,2.48"
"318.69,0.29,-10.46,-0.31,0.00,-13.43,0.17,2.52,2.49"
"319.70,-0.52,-12.31,-1.12,2.11,-16.44,-0.51,2.53,2.50"
"320.71,-0.55,-14.20,-1.38,-2.67,-9.90,0.05,2.54,2.49"
"321.72,1.41,-8.95,-2.03,0.73,-9.66,-0.42,2.54,2.49"
"322.73,-0.53,-9.28,0.33,0.79,-0.30,1.24,2.51,2.47"
"323.74,-0.37,-6.31,-3.72,-0.28,-7.44,-2.80,2.52,2.46"
"324.75,1.77,-6.12,-1.40,1.17,-9.16,-0.68,2.52,2.50"
"325.76,0.97,-11.10,-1.68,-0.20,-17.56,-2.15,2.53,2.48"
"326.77,0.18,-7.34,-0.73,0.40,-8.45,-1.44,2.54,2.46"
"327.78,0.18,-8.01,1.27,-2.30,-8.80,0.35,2.53,2.48"
"328.79,-0.89,-8.78,1.13,1.39,-5.19,0.55,2.52,2.47"
"329.80,1.21,-7.95,0.76,0.88,-10.13,-0.14,2.53,2.50"
"330.80,-0.35,-9.25,-1.87,-1.64,-7.73,-3.00,2.53,2.47"
"331.81,0.57,-9.56,1.20,2.33,-9.39,2.05,2.53,2.49"
"332.82,0.33,-11.15,1.03,1.21,-5.12,1.38,2.52,2.46"
"333.83,0.40,-14.00,-0.68,1.26,-10.24,-1.04,2.53,2.48"
"334.84,0.83,-9.89,0.53,3.34,-4.57,0.06,2.54,2.48"
"335.85,3.83,-11.92,-0.53,0.35,-10.95,-2.32,2.52,2.48"
"336.86,0.54,-7.65,-1.37,0.41,-11.88,-1.03,2.53,2.47"
"337.87,1.71,-9.81,-2.45,1.14,-9.41,-0.96,2.54,2.48"
"338.88,2.25,-7.12,-2.63,-2.07,-14.04,-3.29,2.52,2.50"
"339.89,0.67,-6.25,0.89,1.25,-12.50,1.69,2.50,2.46"
"340.90,0.32,-1.59,1.05,-2.25,-6.65,-0.02,2.53,2.49"
"341.91,-0.26,-10.91,1.43,1.48,-8.59,2.50,2.53,2.47"
"342.92,0.18,-9.73,1.36,1.10,-6.76,0.84,2.52,2.47"
"343.93,2.84,-13.37,0.58,2.29,-13.78,1.83,2.52,2.48"
"344.94,1.43,-12.18,-1.66,2.94,-10.37,-0.07,2.51,2.47"
"345.95,-0.61,-14.15,-2.79,-1.80,-16.67,-3.85,2.53,2.48"
"346.96,3.65,-11.56,0.77,1.12,-13.72,-1.24,2.53,2.48"
"347.97,-0.62,-11.95,-1.98,-1.11,-12.87,-0.55,2.51,2.46"
"348.98,-0.54,-14.44,-0.70,0.91,-11.60,0.47,2.53,2.47"
"349.99,1.71,-9.49,1.17,3.06,-9.49,1.21,2.53,2.48"
"351.00,0.57,-9.44,1.76,3.76,-8.10,1.60,2.54,2.47"
"352.01,-0.18,-15.23,-1.29,0.89,-12.47,0.00,2.53,2.48"
"353.02,0.23,-5.75,2.10,-0.07,-6.82,1.84,2.52,2.46"
"354.03,1.29,-7.10,-2.47,1.20,-10.75,-2.18,2.52,2.48"
"355.04,2.78,-16.64,-0.15,2.34,-20.54,-0.54,2.52,2.47"
"356.05,0.45,-12.97,-3.38,-0.71,-13.30,-2.90,2.53,2.49"
"357.06,1.49,-10.05,1.63,3.78,-7.75,3.07,2.53,2.47"
"358.07,0.88,-12.16,-1.60,-0.12,-11.68,-1.70,2.54,2.48"
"359.08,3.27,-10.95,-0.43,1.84,-13.33,0.70,2.55,2.48"
"360.09,0.70,-10.44,0.04,-0.28,-6.68,-0.52,2.54,2.50"
"361.10,1.64,-9.66,0.34,3.95,-9.83,1.58,2.54,2.49"
"362.11,-0.27,-5.51,1.68,2.99,-6.98,1.28,2.51,2.48"
"363.12,-0.75,-7.07,0.70,0.37,-5.30,0.24,2.53,2.48"
"364.13,2.40,-13.67,2.57,4.30,-12.46,4.43,2.52,2.47"
"365.14,-0.98,-3.85,0.40,-0.70,-4.35,0.26,2.51,2.48"
"366.15,2.45,0.28,1.59,0.84,-6.03,-1.28,2.52,2.48"
"367.16,1.64,-10.08,-0.73,-0.34,-7.79,-0.87,2.53,2.48"
"368.17,0.96,-11.76,1.45,-1.13,-13.48,2.09,2.53,2.49"
"369.18,2.12,-11.65,-0.12,0.06,-13.80,-1.99,2.53,2.48"
"370.19,0.97,-5.77,-0.71,0.27,-3.73,-0.10,2.53,2.49"
"371.20,0.77,-1.73,0.26,0.53,-11.66,-0.64,2.52,2.48"
"372.20,2.55,-3.63,0.71,0.95,-8.16,-0.28,2.54,2.49"
"373.22,2.00,-10.46,1.38,3.51,-12.81,0.40,2.52,2.47"
"374.22,0.90,-12.23,-0.06,0.31,-11.20,1.55,2.53,2.47"
"375.23,-0.68,-11.77,-1.54,0.81,-9.09,-0.94,2.54,2.47"
"376.25,2.25,-4.18,2.72,3.81,-10.23,2.44,2.53,2.47"
"377.25,-0.10,-10.41,-0.31,-0.29,-11.34,-0.51,2.53,2.47"
"378.26,0.40,-13.89,0.72,3.59,-9.57,1.49,2.53,2.46"
"379.27,1.54,-12.46,-0.31,-0.06,-10.41,-0.21,2.54,2.47"
"380.28,-1.03,-16.09,-0.35,4.63,-11.44,0.64,2.53,2.47"
"381.29,0.28,-14.82,-0.10,-0.30,-12.74,0.68,2.54,2.49"
"382.30,1.30,-9.73,-0.53,0.37,-12.86,-0.67,2.54,2.48"
"383.31,1.52,-11.26,1.01,0.95,-14.67,1.34,2.54,2.49"
"384.32,0.48,-11.59,0.25,3.93,-9.97,2.49,2.53,2.48"
"385.33,0.19,-13.78,-1.38,-1.10,-15.68,-1.12,2.52,2.47"
"386.34,2.02,-10.90,-0.60,-1.04,-14.01,-0.77,2.53,2.47"
"387.35,0.30,-9.61,-1.40,0.70,-5.83,-0.19,2.54,2.49"
"388.36,2.16,-11.54,2.62,-2.62,-11.90,0.64,2.52,2.48"
"389.37,-0.47,-8.63,0.73,4.20,-4.05,1.06,2.53,2.48"
"390.38,2.19,-6.37,1.98,2.97,-7.91,2.04,2.54,2.47"
"391.39,1.40,-16.15,-1.43,3.30,-15.13,-0.90,2.54,2.49"
"392.40,0.31,-9.91,1.79,0.54,-8.87,2.93,2.54,2.49"
"393.41,-0.03,-5.86,2.12,0.52,-10.28,2.58,2.51,2.47"
"394.42,0.18,-11.99,-0.40,-0.08,-15.03,-1.28,2.53,2.49"
"395.43,1.58,-7.41,3.35,4.97,-12.17,3.94,2.52,2.48"
"396.44,1.87,-6.92,0.01,1.67,-11.93,-0.13,2.53,2.48"
"397.45,1.36,-10.42,-1.74,0.93,-12.97,-1.74,2.54,2.48"
"398.46,1.32,-7.98,-0.68,2.17,-4.66,-1.64,2.53,2.48"
"399.47,1.61,-10.26,-0.13,0.21,-11.75,-0.14,2.52,2.48"
"400.48,2.55,-13.42,-0.93,1.08,-16.61,-1.97,2.52,2.47"
"401.49,-2.04,-9.61,-2.87,1.45,-7.16,-1.68,2.52,2.46"
"402.50,-0.29,-9.18,-1.90,-1.32,-11.56,-3.10,2.52,2.49"
"403.51,-0.11,-9.33,0.04,-0.27,-5.51,-0.29,2.52,2.49"
"404.52,0.72,-10.37,0.64,1.05,-11.34,0.62,2.53,2.48"
"405.53,4.84,-11.85,4.69,4.49,-15.01,4.33,2.54,2.49"
"406.54,2.45,-10.04,2.63,5.06,-8.60,2.74,2.52,2.47"
"407.55,2.18,-8.52,1.63,-0.12,-8.54,0.00,2.53,2.47"
"408.56,-0.01,-4.50,0.55,-0.40,-7.91,0.70,2.53,2.50"
"409.57,2.65,-6.62,-0.56,0.22,-10.06,-1.08,2.53,2.49"
"410.58,0.27,-9.24,0.06,4.80,-10.01,1.53,2.53,2.48"
"411.59,0.25,-9.83,-2.09,-0.76,-11.67,-2.68,2.51,2.49"
"412.60,0.72,-9.02,-2.02,-0.90,-10.80,-1.13,2.52,2.49"
"413.61,1.54,-7.03,0.31,2.37,-4.68,0.19,2.53,2.47"
"414.62,2.06,-11.51,-0.48,1.17,-15.12,-0.54,2.54,2.47"
"415.63,1.82,-7.44,2.06,-0.90,-9.42,1.07,2.54,2.48"
"416.64,-0.53,-14.56,0.47,-1.74,-12.19,0.37,2.54,2.49"
"417.64,1.39,-10.09,-2.49,-0.24,-14.07,-3.00,2.53,2.47"
"418.66,0.30,-12.19,-1.13,0.97,-12.66,0.31,2.53,2.48"
"419.66,0.27,-11.92,1.69,1.30,-10.57,1.59,2.53,2.49"
"420.67,1.45,-14.35,0.51,3.17,-13.89,1.04,2.51,2.49"
"421.68,5.86,-11.78,5.75,4.55,-9.19,2.76,2.53,2.49"
"422.69,0.50,-7.57,0.59,-0.40,-11.83,-0.45,2.52,2.48"
"423.70,2.79,-12.79,-1.06,2.89,-8.96,-0.19,2.52,2.48"
"424.71,-1.49,-8.27,-2.57,-0.88,-11.51,-0.91,2.52,2.48"
"425.72,1.36,-6.62,-1.03,1.06,-3.31,-0.96,2.53,2.48"
"426.73,0.89,-9.98,1.72,0.28,-12.93,1.68,2.52,2.48"
"427.74,0.01,-8.81,0.11,-1.27,-11.31,-0.88,2.53,2.46"
"428.75,0.67,-9.31,0.21,0.47,-10.03,-0.50,2.52,2.48"
"429.76,0.79,-15.13,-2.35,2.13,-6.32,-0.83,2.55,2.49"
"430.77,1.64,-8.94,-2.14,0.55,-15.48,-2.56,2.53,2.50"
"431.78,-0.15,-12.02,2.34,1.81,-11.68,2.34,2.53,2.47"
"432.79,-0.11,-7.25,0.25,0.41,-7.42,-0.17,2.53,2.49"
"433.80,-0.17,-11.16,1.03,0.55,-13.82,1.63,2.53,2.49"
"434.81,-1.03,-10.39,-0.56,-1.57,-5.65,1.17,2.52,2.49"
"435.82,-1.76,-11.19,-2.66,-0.48,-9.96,-0.32,2.53,2.48"
"436.83,5.23,-6.18,0.86,2.58,-5.70,0.25,2.53,2.48"
"437.84,0.46,-12.73,-0.44,2.86,-11.19,-0.51,2.53,2.47"
"438.85,1.29,-10.73,-0.29,-1.87,-15.59,0.02,2.53,2.48"
"439.86,1.47,-6.84,1.63,2.75,-11.55,2.82,2.53,2.50"
"440.87,3.90,-6.42,0.41,3.81,-9.17,-1.15,2.52,2.49"
"441.88,-1.32,-10.09,-2.89,0.35,-12.30,-1.83,2.52,2.46"
"442.89,-2.04,-13.74,-3.71,0.85,-10.12,-0.68,2.52,2.47"
"443.90,0.63,-8.43,0.25,0.09,-6.10,0.38,2.54,2.48"
"444.91,1.39,-14.61,1.47,1.42,-9.70,0.78,2.54,2.49"
"445.92,-0.94,-9.72,-0.61,0.13,-9.48,-0.57,2.54,2.48"
"446.93,-0.17,-10.02,-1.00,-1.77,-10.20,-1.94,2.52,2.48"
"447.94,1.25,-7.95,0.96,0.45,-7.55,1.69,2.53,2.49"
"448.95,-0.35,-10.34,-1.52,1.82,-10.07,-1.30,2.54,2.48"
"449.96,1.03,-9.77,2.36,2.45,-7.14,2.55,2.52,2.47"
"450.97,1.16,-11.64,-0.05,2.72,-8.50,0.56,2.54,2.47"
"451.98,1.70,-14.05,-0.18,2.89,-9.85,1.92,2.52,2.48"
"452.99,4.45,-8.70,0.65,3.58,-13.70,0.56,2.51,2.48"
"454.00,1.80,-4.00,1.95,1.71,-10.41,0.68,2.53,2.46"
"455.01,1.19,-9.94,-0.47,0.27,-15.09,-2.92,2.52,2.49"
"456.02,-1.26,-7.92,-0.21,-0.14,-4.10,0.41,2.53,2.48"
"457.03,1.07,-11.17,-0.70,3.75,-12.91,1.43,2.52,2.48"
"458.04,3.47,-5.36,1.36,2.40,-11.16,1.88,2.52,2.47"
"459.05,0.80,-11.26,-1.77,0.31,-9.25,-1.77,2.52,2.47"
"460.05,0.95,-5.24,-1.10,4.30,-9.68,-1.40,2.53,2.48"
"461.07,3.16,-8.21,1.67,2.35,-12.47,0.13,2.55,2.50"
"462.08,3.10,-10.44,2.20,3.57,-7.94,2.15,2.53,2.47"
"463.08,0.10,-6.53,0.21,2.66,-6.45,0.43,2.53,2.50"
"464.10,-0.98,-11.81,-1.28,-0.97,-7.55,-0.71,2.52,2.48"
"465.10,0.07,-10.78,-3.83,-3.38,-7.74,-2.95,2.53,2.47"
"466.11,0.40,-7.76,2.42,1.39,-7.66,1.59,2.52,2.47"
"467.12,-0.10,-8.51,0.45,0.81,-5.81,-0.24,2.53,2.48"
"468.13,1.11,-2.41,-0.23,-1.83,-1.78,-1.66,2.53,2.50"
"469.14,2.75,-7.21,1.37,0.78,-10.28,0.73,2.53,2.49"
"470.15,2.56,-6.82,3.11,1.05,-12.08,2.84,2.52,2.47"
"471.16,-0.31,-8.18,-0.83,0.27,-10.72,-1.75,2.52,2.50"
"472.17,1.37,-13.00,1.84,2.49,-10.72,2.10,2.53,2.48"
"473.18,1.07,-10.06,-0.89,2.65,-9.85,-0.99,2.53,2.48"
"474.19,-0.19,-9.24,0.70,-1.39,-8.05,-0.07,2.54,2.51"
"475.20,0.32,-11.76,-1.02,0.07,-10.10,0.22,2.53,2.47"
"476.21,0.79,-8.77,1.17,1.02,-8.96,0.16,2.53,2.48"
"477.22,-1.57,-14.38,-1.01,0.65,-8.89,-0.75,2.53,2.49"
"478.23,0.53,-3.35,-1.64,-1.19,-7.94,-1.99,2.53,2.48"
"479.24,-0.21,-9.03,-2.71,-0.01,-8.18,-1.33,2.53,2.47"
"480.25,-1.15,-7.47,-0.24,-0.26,-7.02,0.67,2.54,2.48"
"481.26,1.02,-10.47,-0.56,-1.79,-13.86,-2.55,2.52,2.51"
"482.27,-0.40,-8.27,-1.82,-0.30,-7.13,-0.39,2.52,2.49"
"483.28,0.61,-13.63,-1.29,0.77,-17.07,0.12,2.52,2.47"
"484.29,-1.84,-9.48,-2.63,-0.06,-8.43,-1.68,2.51,2.48"
"485.30,0.14,-11.53,-1.33,-1.29,-10.47,-2.40,2.52,2.49"
"486.31,1.96,-8.83,-0.78,0.74,-11.20,-0.52,2.52,2.48"
"487.32,2.27,-4.41,0.99,1.98,-7.28,0.49,2.52,2.49"
"488.33,1.02,-15.18,0.50,1.09,-10.72,0.71,2.52,2.49"
"489.34,1.15,-15.16,-0.65,0.67,-12.91,-1.08,2.56,2.50"
"490.35,1.60,-9.78,1.03,0.22,-11.24,0.62,2.53,2.50"
"491.36,-1.73,-11.97,-1.28,-0.15,-12.75,-1.76,2.52,2.48"
"492.37,0.78,-8.38,1.16,2.50,-3.78,-0.28,2.52,2.49"
"493.38,-0.77,-6.55,-2.10,0.41,-6.33,-0.98,2.51,2.48"
"494.39,2.39,-5.00,2.06,0.59,-8.94,3.61,2.53,2.48"
"495.40,-1.33,-14.34,-1.50,1.01,-10.07,-0.23,2.52,2.48"
"496.41,3.97,-8.07,2.59,1.11,-13.92,1.48,2.52,2.47"
"497.42,-0.99,-6.76,0.06,1.41,-2.03,0.35,2.53,2.48"
"498.43,2.06,-11.35,-0.12,-0.45,-7.84,-0.87,2.53,2.47"
"499.44,0.83,-10.94,-1.64,0.00,-10.72,-2.74,2.52,2.49"
"500.45,-0.43,-12.98,-0.49,1.48,-7.91,0.45,2.53,2.49"
"501.45,0.13,-6.66,-0.15,1.03,-6.27,-0.66,2.53,2.49"
"502.47,0.88,-7.44,0.42,4.39,-6.77,2.39,2.54,2.46"
"503.48,2.29,-11.84,1.81,1.15,-9.14,0.94,2.53,2.49"
"504.48,2.38,-14.93,-0.72,2.73,-12.93,0.50,2.51,2.46"
"505.50,-0.24,-14.94,0.71,-1.20,-11.41,1.53,2.51,2.49"
"506.51,0.64,-8.17,-0.24,1.06,-6.46,0.00,2.53,2.49"
"507.51,1.41,-8.35,-0.40,1.80,-7.75,-1.33,2.51,2.49"
"508.52,1.09,-17.24,0.27,-1.85,-13.04,-0.50,2.54,2.49"
"509.53,0.42,-13.10,0.73,0.53,-7.20,0.43,2.53,2.48"
"510.54,-0.74,-17.23,-2.70,-1.16,-9.32,-1.78,2.52,2.48"
"511.55,1.33,-4.75,0.02,0.66,-5.11,0.24,2.52,2.49"
"512.56,1.57,-9.43,2.18,0.12,-9.56,1.69,2.52,2.49"
"513.57,-0.84,-8.77,0.91,-0.19,-6.49,0.78,2.54,2.49"
"514.58,3.70,-12.82,-2.37,0.84,-17.58,-2.03,2.53,2.47"
"515.59,1.49,-8.92,-0.85,-2.59,-13.78,-1.84,2.53,2.48"
"516.60,-1.33,-7.73,2.09,-1.72,-8.39,-0.02,2.52,2.50"
"517.61,-0.05,-8.51,-1.61,1.01,-9.96,-1.67,2.53,2.50"
"518.62,0.41,-9.52,2.59,2.66,-9.06,2.52,2.53,2.49"
"519.63,0.14,-11.97,-0.09,-0.60,-7.27,0.05,2.55,2.49"
"520.64,-2.27,-15.31,-0.40,0.09,-8.48,1.22,2.53,2.48"
"521.65,-0.40,-11.61,-0.72,1.44,-11.94,-1.83,2.53,2.48"
"522.66,0.02,-5.97,1.63,2.38,-7.98,1.54,2.54,2.49"
"523.67,0.19,-10.48,-1.51,-2.08,-13.74,-0.91,2.52,2.49"
"524.68,-0.57,-7.72,-1.58,-0.09,-9.23,-1.51,2.54,2.47"
"525.69,0.91,-7.01,0.89,0.07,-13.08,0.88,2.54,2.48"
"526.70,-1.46,-11.23,-2.28,-2.66,-7.53,-2.40,2.54,2.49"
"527.71,0.71,-10.56,0.14,1.79,-9.65,0.29,2.52,2.48"
"528.72,2.81,-13.89,1.08,1.47,-10.41,0.24,2.51,2.49"
"529.73,-0.46,-3.52,-0.39,0.02,-8.64,-0.34,2.51,2.49"
"530.74,-0.38,-7.99,0.35,0.20,-8.22,0.62,2.53,2.49"
"531.75,2.27,-3.19,2.30,-1.81,-7.17,1.10,2.54,2.48"
"532.76,0.11,-9.90,0.29,0.89,-6.68,0.02,2.52,2.49"
"533.77,0.43,-4.43,-1.04,2.02,-6.48,-0.49,2.52,2.46"
"534.78,2.21,-3.90,1.74,2.51,-10.45,3.25,2.53,2.49"
"535.79,1.22,-11.33,-0.68,2.29,-9.81,-0.78,2.53,2.48"
"536.80,1.38,-8.25,0.95,1.21,-9.05,0.07,2.54,2.47"
"537.81,-1.31,-16.64,0.05,-0.43,-9.70,0.67,2.53,2.49"
"538.82,0.49,-7.05,0.64,2.20,-10.40,-0.96,2.52,2.48"
"539.83,-0.72,-7.52,0.16,-0.51,-4.39,-0.37,2.53,2.48"
"540.84,0.87,-8.44,1.61,2.94,-11.27,1.52,2.53,2.48"
"541.85,3.52,-13.51,0.84,1.38,-13.67,1.63,2.51,2.46"
"542.86,-2.13,-11.91,0.58,-0.14,-11.10,0.30,2.53,2.48"
"543.86,-0.24,-7.88,1.34,-0.85,-11.72,-0.01,2.52,2.48"
"544.88,0.39,-8.47,-1.16,3.39,-6.40,-1.51,2.52,2.46"
"545.89,1.58,-12.94,-0.74,0.71,-6.99,-1.03,2.54,2.50"
"546.89,-0.24,-8.49,-1.24,-1.43,-4.81,-1.86,2.52,2.50"
"547.90,-0.10,-4.58,0.53,0.51,-8.26,-0.50,2.50,2.48"
"548.91,2.25,-8.88,-1.21,1.20,-10.68,-0.96,2.52,2.49"
"549.92,0.78,-13.13,-0.11,1.06,-13.35,1.41,2.52,2.48"
"550.93,-1.16,-9.52,-2.01,1.25,-7.49,-1.61,2.52,2.47"
"551.94,-0.25,-17.53,-1.17,0.92,-14.54,-0.66,2.52,2.49"
"552.95,0.08,-4.58,-0.51,0.75,-8.98,-0.75,2.53,2.49"
"553.96,0.54,-14.03,-0.36,-1.28,-8.96,-2.90,2.54,2.50"
"554.97,-0.83,-10.69,-2.35,-2.51,-11.39,-2.28,2.52,2.47"
"555.98,-0.28,-10.59,-1.80,1.48,-10.60,-0.89,2.52,2.50"
"556.99,1.93,-7.24,2.57,2.42,-6.68,1.92,2.51,2.48"
"558.00,-1.02,-8.16,-2.46,0.67,-7.66,-2.33,2.52,2.48"
"559.01,1.16,-10.99,1.91,0.30,-9.61,3.11,2.51,2.49"
"560.02,-0.13,-7.93,-0.79,0.55,-6.82,-1.06,2.54,2.49"
"561.03,2.52,-7.90,1.98,1.24,-7.81,1.55,2.52,2.49"
"562.04,0.60,-8.53,0.50,0.16,-6.05,-0.08,2.54,2.48"
"563.05,0.70,-7.02,-0.40,1.66,-7.45,-0.08,2.54,2.49"
"564.06,0.89,-11.31,0.34,2.67,-9.29,0.50,2.53,2.49"
"565.07,1.37,-10.54,1.09,1.22,-11.75,0.07,2.51,2.47"
"566.08,2.61,-4.18,1.01,1.01,-9.98,2.20,2.51,2.47"
"567.09,0.44,-10.46,-1.05,0.55,-12.60,-1.67,2.53,2.49"
"568.10,1.46,-9.97,0.45,2.09,-9.80,-0.75,2.53,2.50"
"569.11,0.57,-11.15,-0.72,-0.42,-8.37,-0.31,2.54,2.49"
"570.12,-2.09,-10.39,-2.48,-4.24,-7.94,-4.50,2.53,2.49"
"571.13,0.29,-5.60,-0.34,1.72,-10.15,0.50,2.53,2.49"
"572.14,-0.82,-12.48,-1.07,-1.06,-11.32,-0.73,2.51,2.48"
"573.15,-0.31,-8.64,-1.91,-1.87,-9.42,-2.62,2.53,2.50"
"574.16,0.76,-11.44,-0.84,0.49,-17.38,-1.13,2.52,2.48"
"575.17,2.58,-7.70,2.79,1.23,-12.39,1.41,2.51,2.49"
"576.18,2.21,-10.25,0.50,0.40,-9.96,0.01,2.51,2.49"
"577.19,0.88,-8.67,0.28,0.73,-9.23,0.17,2.51,2.48"
"578.20,-1.54,-6.97,1.84,-0.53,-9.28,2.01,2.52,2.49"
"579.21,-0.48,-6.38,-1.14,3.47,-7.69,1.87,2.51,2.49"
"580.22,0.63,-9.16,-0.45,0.54,-11.12,-2.88,2.51,2.47"
"581.23,2.07,-14.21,-0.95,2.30,-14.95,-0.77,2.51,2.49"
"582.24,0.40,-5.64,1.85,-0.84,-10.34,1.44,2.52,2.49"
"583.25,0.55,-5.81,-0.13,-0.36,-7.02,-1.41,2.52,2.47"
"584.26,5.14,-7.95,2.35,-1.82,-10.33,-2.55,2.52,2.47"
"585.27,-1.96,-14.20,-2.16,0.52,-9.06,-1.71,2.51,2.48"
"586.28,-0.07,-9.28,1.01,-0.67,-9.65,2.01,2.51,2.49"
"587.28,2.95,-7.58,3.31,4.36,-8.95,2.00,2.54,2.48"
"588.29,4.17,-12.87,3.02,5.67,-12.15,1.74,2.53,2.48"
"589.30,0.71,-14.05,-0.39,-0.23,-14.61,-1.44,2.53,2.48"
"590.31,-0.98,-5.20,-2.10,-0.56,-10.14,-1.05,2.53,2.48"
"591.32,1.01,-8.55,-1.90,0.44,-9.02,-1.26,2.52,2.47"
"592.33,1.55,-9.61,1.01,1.12,-4.47,1.79,2.52,2.50"
"593.34,1.64,-8.92,-2.35,-0.45,-10.46,-4.22,2.53,2.50"
"594.35,0.48,-8.37,-0.41,-0.24,-9.73,-0.55,2.54,2.47"
"595.36,1.23,-9.16,-0.28,0.66,-9.99,0.28,2.53,2.48"
"596.37,0.36,-11.29,2.21,0.62,-8.64,1.30,2.52,2.49"
"597.38,-0.84,-10.99,-2.10,1.92,-8.72,-0.69,2.52,2.48"
"598.39,1.50,-12.48,1.74,0.46,-8.72,1.41,2.52,2.47"
"599.40,-0.74,-7.77,0.36,-1.23,-10.58,0.37,2.54,2.48"
"600.41,2.23,-10.11,1.44,-1.34,-10.48,0.25,2.55,2.50"
"601.42,2.86,-13.75,1.03,-0.05,-11.12,-0.44,2.52,2.47"
"602.43,1.57,-4.43,0.35,2.01,-1.80,-1.10,2.54,2.46"
"603.44,0.21,-8.62,-2.08,-0.67,-10.28,-2.72,2.52,2.49"
"604.45,-0.07,-10.23,-0.21,-1.13,-12.52,-0.31,2.52,2.49"
"605.46,4.76,-4.48,0.80,1.39,-10.94,-1.33,2.52,2.49"
"606.47,4.20,-14.69,2.20,4.32,-13.92,1.53,2.52,2.48"
"607.48,0.85,-7.27,-1.80,-0.41,-9.75,-2.76,2.52,2.49"
"608.49,2.49,-4.56,-0.26,1.77,-7.14,-0.86,2.51,2.49"
"609.50,2.44,-12.14,-1.07,0.67,-15.24,-2.18,2.52,2.47"
"610.51,1.38,-10.04,-0.52,-1.87,-15.20,-3.06,2.52,2.48"
"611.52,1.88,-5.94,0.70,-1.05,-7.38,0.20,2.51,2.49"
"612.53,-1.11,-7.76,-0.52,-0.84,-7.44,0.98,2.52,2.48"
"613.54,1.50,-8.88,1.18,2.38,-9.73,2.60,2.52,2.50"
"614.55,-1.28,-10.16,0.28,-0.28,-5.34,0.37,2.53,2.50"
"615.56,0.45,-15.89,-0.43,0.82,-12.74,-0.05,2.52,2.48"
"616.57,1.78,-10.72,-0.74,0.12,-8.07,-0.74,2.51,2.48"
"617.58,-1.78,-11.09,1.50,-1.20,-8.54,0.46,2.51,2.49"
"618.59,-0.57,-9.53,0.43,-1.70,-12.85,-0.81,2.52,2.48"
"619.60,1.81,-15.45,-1.35,1.35,-17.70,-0.66,2.52,2.49"
"620.61,-0.72,-10.01,-1.92,-0.61,-14.11,-1.62,2.51,2.49"
"621.62,1.03,-7.74,-1.05,1.45,-5.28,-1.91,2.52,2.49"
"622.63,0.47,-8.10,-1.45,-0.35,-8.84,-1.43,2.52,2.47"
"623.64,0.43,-12.00,-0.23,1.13,-11.95,0.12,2.52,2.48"
"624.65,-0.75,-12.73,-1.53,1.32,-16.47,-1.81,2.51,2.48"
"625.66,2.58,-7.94,0.14,-0.97,-11.16,0.11,2.52,2.50"
"626.67,0.25,-6.62,-1.34,-1.87,-9.35,-0.84,2.51,2.50"
"627.68,2.00,-10.39,-0.35,0.18,-10.79,0.16,2.52,2.47"
"628.69,1.24,-9.73,0.37,0.44,-10.57,0.14,2.52,2.49"
"629.70,0.14,-7.31,1.82,1.23,-10.63,0.99,2.52,2.49"
"630.71,1.20,-7.28,2.00,0.41,-9.88,1.02,2.53,2.50"
"631.72,-1.05,-9.47,-2.07,0.73,-10.26,0.89,2.54,2.49"
"632.72,-1.24,-5.99,-0.86,1.57,-5.93,0.56,2.52,2.49"
"633.73,1.14,-9.55,0.70,2.31,-11.61,1.07,2.52,2.48"
"634.74,-0.24,-5.42,0.44,-0.21,-11.74,0.11,2.51,2.49"
"635.75,3.11,-7.01,1.79,2.36,-8.45,2.62,2.52,2.48"
"636.76,-3.09,-6.00,-3.26,-1.15,-4.73,-2.92,2.51,2.50"
"637.77,-1.15,-5.71,0.25,-0.53,-9.84,0.32,2.51,2.48"
"638.78,-1.52,-5.54,-1.66,-0.47,-5.87,-1.96,2.52,2.49"
"639.79,1.56,-8.15,1.50,1.30,-4.75,3.28,2.50,2.49"
"640.80,1.04,-9.56,0.56,1.87,-16.01,-0.01,2.53,2.49"
"641.81,0.92,-9.75,-1.91,-0.02,-11.96,-1.37,2.52,2.49"
"642.82,0.54,-8.21,-0.59,-0.08,-7.63,-0.48,2.51,2.49"
"643.83,0.11,-6.46,0.50,3.28,-5.59,-0.24,2.53,2.48"
"644.84,1.14,-8.35,0.05,2.03,-7.81,0.28,2.53,2.48"
"645.85,-1.62,-10.49,-2.15,-0.33,-9.86,-0.84,2.52,2.49"
"646.86,-0.22,-5.45,-1.58,0.31,-3.80,-0.54,2.53,2.48"
"647.87,0.41,-5.56,-0.94,-1.39,-9.28,-1.97,2.53,2.49"
"648.88,-2.29,-12.71,-2.79,-4.23,-8.34,-3.26,2.52,2.48"
"649.89,2.05,-11.07,-0.64,0.72,-4.65,-0.02,2.53,2.48"
"650.90,2.79,-11.29,-0.48,3.23,-9.25,0.45,2.52,2.47"
"651.91,2.85,-7.44,2.35,1.86,-8.87,1.00,2.53,2.49"
"652.92,-0.45,-17.58,-0.43,-1.84,-12.35,-0.22,2.53,2.48"
"653.93,0.54,-5.26,-0.97,1.98,-8.67,-1.86,2.52,2.48"
"654.94,2.25,-6.55,-0.93,-0.92,-13.92,-2.98,2.52,2.48"
"655.95,-0.61,-10.55,-1.18,0.34,-11.57,-1.38,2.51,2.49"
"656.96,-0.74,-6.59,-1.22,-0.73,-11.08,-1.25,2.51,2.49"
"657.97,0.71,-10.42,-1.62,-0.06,-7.37,-2.12,2.51,2.49"
"658.98,0.93,-5.14,1.14,0.45,-9.66,1.42,2.52,2.49"
"659.99,-0.87,-10.59,-1.16,-0.97,-5.67,-0.75,2.53,2.50"
"661.00,0.23,-6.43,-1.80,0.85,-4.53,-0.84,2.52,2.48"
"662.01,0.34,-7.38,0.33,0.72,-9.39,-0.41,2.52,2.48"
"663.02,1.22,-10.30,0.07,1.06,-9.99,0.10,2.52,2.49"
"664.03,1.04,-9.48,0.08,0.69,-9.32,-0.10,2.52,2.49"
"665.04,0.73,-9.88,-0.11,0.60,-9.87,-0.11,2.52,2.48"
"666.05,0.67,-9.74,-0.11,0.76,-9.87,-0.12,2.53,2.49"
"667.06,0.68,-9.74,-0.06,0.60,-9.56,-0.10,2.53,2.48"
"668.07,0.72,-9.70,0.03,0.67,-9.82,-0.09,2.53,2.49"
"669.08,0.77,-9.75,-0.06,0.72,-9.96,-0.02,2.53,2.49"
