"0.62,3.01,-36.88,0.02,0.50,-10.73,-0.24,2.53,2.50"
"1.63,0.76,-9.39,0.05,0.62,-10.38,-0.09,2.52,2.50"
"2.64,0.77,-9.71,0.12,0.45,-10.12,-0.17,2.52,2.50"
"3.65,0.90,-11.26,0.18,0.78,-11.08,0.28,2.52,2.50"
"4.66,0.86,-9.73,-0.17,0.79,-9.84,0.03,2.51,2.50"
"5.67,1.01,-9.47,0.27,0.86,-8.87,0.35,2.51,2.50"
"6.68,1.37,-8.49,-0.45,-1.78,-5.58,-1.04,2.52,2.50"
"7.69,0.26,-9.80,-0.18,0.98,-9.22,0.36,2.51,2.49"
"8.69,0.55,-10.22,-0.20,0.67,-9.49,-0.01,2.53,2.50"
"9.71,0.55,-9.36,0.10,0.32,-10.13,-0.40,2.52,2.51"
"10.72,0.68,-9.57,0.15,0.63,-10.45,-0.13,2.53,2.50"
"11.72,0.37,-9.41,-0.15,0.44,-9.65,-0.05,2.52,2.50"
"12.73,0.48,-10.12,0.05,1.03,-9.42,0.13,2.52,2.51"
"13.74,0.55,-9.54,-0.28,0.44,-9.75,0.07,2.52,2.50"
"14.75,0.54,-9.58,0.09,0.55,-9.75,0.02,2.53,2.49"
"15.76,0.64,-9.50,0.02,0.52,-9.89,0.06,2.51,2.50"
"16.77,0.03,-8.85,-0.07,0.59,-9.05,-0.05,2.53,2.51"
"17.78,0.04,-10.16,0.31,0.69,-10.02,0.03,2.52,2.51"
"18.79,-0.10,-9.67,-0.39,-0.10,-10.08,-0.17,2.52,2.50"
"19.80,-0.32,-9.54,-0.77,0.07,-9.98,-0.52,2.52,2.50"
"20.81,0.87,-10.06,0.12,0.68,-9.92,0.25,2.52,2.50"
"21.82,0.79,-9.15,0.09,0.40,-9.92,-0.12,2.52,2.49"
"22.83,0.23,-10.10,-0.24,0.86,-9.81,0.25,2.52,2.49"
"23.84,0.67,-8.80,-0.07,0.72,-10.37,0.16,2.52,2.49"
"24.85,0.75,-9.75,0.13,0.55,-9.68,-0.18,2.53,2.51"
"25.86,0.44,-9.63,-0.05,0.45,-9.42,-0.11,2.53,2.50"
"26.87,0.82,-9.31,0.18,0.76,-9.12,0.23,2.52,2.50"
"27.88,0.93,-9.12,0.11,0.54,-9.85,-0.32,2.52,2.50"
"28.89,0.67,-9.89,-0.10,0.79,-9.70,0.17,2.52,2.49"
"29.90,1.52,-14.55,-0.16,-0.06,-22.61,-0.23,2.51,2.53"
"30.91,0.52,-8.93,-0.97,0.10,-10.41,-0.69,2.52,2.49"
"31.92,-0.54,-13.15,-0.58,0.54,-11.57,0.18,2.53,2.50"
"32.93,-1.36,-15.65,-0.10,-0.39,-9.83,-0.59,2.52,2.50"
"33.94,1.18,-5.32,0.61,1.51,-7.17,-0.21,2.53,2.51"
"34.95,1.39,-11.30,-0.04,-0.41,-10.02,-0.02,2.52,2.51"
"35.96,0.31,-13.03,1.38,4.82,-13.49,2.51,2.52,2.50"
"36.97,2.07,-12.03,0.83,0.81,-11.46,0.44,2.54,2.50"
"37.98,0.11,-12.06,-0.26,0.66,-13.67,-0.68,2.52,2.49"
"38.99,-0.23,-8.87,-0.90,0.53,-4.40,-1.45,2.52,2.51"
"40.00,-0.82,-9.27,-1.58,1.72,-6.31,-0.79,2.53,2.49"
"41.01,0.89,-7.90,0.09,0.32,-11.48,0.05,2.52,2.50"
"42.02,-1.79,-8.81,-0.92,-1.01,-7.84,-0.79,2.51,2.51"
"43.03,-3.26,-12.67,-1.27,0.90,-15.64,-1.31,2.53,2.50"
"44.04,-1.28,-10.15,-1.79,0.72,-7.40,0.15,2.52,2.50"
"45.04,1.57,-10.34,-0.35,4.15,-6.07,2.39,2.52,2.50"
"46.05,2.94,-11.23,4.78,1.37,-4.72,3.48,2.54,2.51"
"47.06,2.12,-6.67,5.14,1.08,-5.12,2.22,2.53,2.49"
"48.07,-1.91,-11.55,-1.43,-0.47,-11.38,-1.71,2.52,2.50"
"49.08,-2.36,-11.48,-3.55,-1.39,-16.01,-2.21,2.51,2.48"
"50.09,3.27,-4.86,-1.10,1.43,-9.83,0.81,2.52,2.50"
"51.10,3.90,-7.11,4.15,4.54,-9.39,4.03,2.53,2.50"
"52.11,0.95,-3.32,1.16,-3.15,-4.17,-0.76,2.53,2.51"
"53.12,-0.23,-8.63,-0.28,0.65,-8.28,-1.94,2.53,2.47"
"54.13,4.30,-12.07,5.98,3.67,-9.45,5.05,2.53,2.49"
"55.14,2.11,-11.61,-4.07,0.71,-10.27,-3.68,2.52,2.49"
"56.15,-0.85,-12.02,-2.43,0.28,-9.63,-1.87,2.53,2.48"
"57.16,1.22,-4.00,-1.27,0.23,-8.60,-5.48,2.53,2.50"
"58.17,-0.70,-6.27,-2.33,1.40,-4.96,-0.68,2.52,2.50"
"59.18,3.82,-11.61,1.43,1.24,-15.69,2.88,2.52,2.50"
"60.19,2.25,-9.13,1.31,-2.39,-12.84,-0.33,2.51,2.49"
"61.20,2.07,-13.31,-0.96,-6.34,-9.35,-3.23,2.52,2.49"
"62.21,3.70,-5.71,2.18,3.86,-7.95,1.78,2.52,2.50"
"63.22,1.66,-14.25,3.05,2.27,-10.65,3.20,2.54,2.50"
"64.23,3.43,-10.68,0.96,5.25,-9.91,0.79,2.51,2.51"
"65.24,0.54,-7.79,1.30,3.19,-5.94,1.22,2.53,2.48"
"66.25,-0.08,-13.03,-0.11,-1.52,-12.63,-0.28,2.52,2.49"
"67.26,1.03,-4.21,5.02,2.37,-5.15,4.12,2.53,2.50"
"68.27,0.17,-8.59,0.68,6.30,-6.34,6.14,2.52,2.49"
"69.28,-1.54,-8.40,-4.44,-1.19,-6.60,-6.01,2.52,2.48"
"70.29,4.40,-1.56,4.45,2.48,-7.37,0.92,2.51,2.49"
"71.30,-0.05,-5.17,-0.01,0.92,-5.17,-0.45,2.52,2.49"
"72.31,2.63,-7.27,2.28,7.23,-9.22,5.14,2.52,2.50"
"73.32,-0.53,-7.06,0.69,1.15,-7.86,2.89,2.53,2.50"
"74.33,-1.38,-12.41,-0.13,-2.34,-8.75,0.49,2.52,2.47"
"75.34,-4.20,-10.94,-2.01,0.11,-4.84,0.64,2.50,2.50"
"76.35,1.50,-5.81,-2.31,-0.34,-5.14,-3.69,2.53,2.50"
"77.36,2.42,-5.60,0.81,1.64,-6.16,0.01,2.52,2.50"
"78.36,6.26,-10.55,5.49,3.70,-11.42,4.83,2.52,2.48"
"79.37,0.77,-6.60,-1.53,-0.12,-7.75,-4.86,2.52,2.49"
"80.38,1.45,-9.84,-3.36,-0.13,-10.49,-4.55,2.51,2.49"
"81.39,0.26,-10.11,-4.18,2.45,-13.11,-4.82,2.51,2.49"
"82.40,1.48,-6.27,0.29,0.04,-7.21,-0.60,2.52,2.49"
"83.41,1.28,-8.57,1.01,-0.98,-9.66,0.53,2.52,2.48"
"84.42,4.10,-8.81,-2.85,-1.99,-12.74,-2.59,2.52,2.51"
"85.43,0.09,-7.74,0.21,3.69,-11.21,1.41,2.51,2.50"
"86.44,-0.86,-11.92,-0.44,1.27,-9.75,1.14,2.52,2.50"
"87.45,1.87,-9.25,1.98,5.53,-5.79,3.02,2.53,2.50"
"88.46,-0.42,-10.91,0.27,2.44,-14.83,2.58,2.52,2.50"
"89.47,-0.14,-4.69,-2.43,-0.13,-5.66,-0.99,2.53,2.49"
"90.48,0.47,-4.84,5.35,1.84,-7.43,4.13,2.52,2.50"
"91.49,1.78,-15.53,0.23,0.28,-12.12,0.79,2.51,2.49"
"92.50,1.97,-7.26,-1.41,1.69,-9.56,0.80,2.52,2.49"
"93.51,1.25,-7.98,-0.95,-0.55,-8.73,-1.90,2.52,2.50"
"94.52,-0.84,-10.72,-3.77,-5.67,-8.55,-3.92,2.53,2.49"
"95.53,0.00,-17.22,-0.46,-0.95,-11.44,-0.23,2.52,2.50"
"96.54,0.73,-9.00,-0.05,0.87,-9.88,0.04,2.52,2.51"
"97.55,-1.42,-5.81,-1.36,0.48,-13.04,-1.45,2.51,2.49"
"98.56,2.51,-7.86,1.91,3.06,-8.76,2.26,2.52,2.50"
"99.57,4.51,-10.84,1.72,-1.10,-14.75,-1.01,2.54,2.50"
"100.58,0.86,-10.92,-0.16,3.77,-7.69,0.72,2.53,2.49"
"101.59,-0.51,-8.96,-2.04,-2.93,-8.15,-2.81,2.51,2.50"
"102.60,0.45,-10.56,1.87,-1.57,-7.32,1.82,2.52,2.49"
"103.61,2.04,-10.94,5.23,2.11,-2.16,2.98,2.52,2.49"
"104.62,-2.31,-12.46,-4.21,-1.23,-11.59,-2.64,2.52,2.49"
"105.63,1.38,-6.84,-1.47,-2.17,-10.98,-3.15,2.52,2.49"
"106.64,2.52,-11.04,1.49,1.66,-11.72,-0.63,2.50,2.49"
"107.65,-1.70,-15.67,-2.57,-4.25,-8.83,-1.70,2.52,2.48"
"108.66,2.43,-7.98,1.13,4.26,-8.93,3.17,2.52,2.49"
"109.67,0.87,-14.24,0.35,-0.20,-11.71,1.45,2.52,2.48"
"110.68,-0.89,-8.79,-2.23,-2.77,-7.07,-3.00,2.53,2.50"
"111.69,-2.78,-9.24,-2.32,-2.48,-7.37,-1.87,2.52,2.49"
"112.70,3.65,-10.19,2.61,2.38,-6.38,3.49,2.51,2.51"
"113.70,-0.79,-9.75,-3.59,0.94,-5.06,-2.87,2.53,2.49"
"114.71,0.84,-8.77,4.53,2.43,-10.44,2.66,2.53,2.50"
"115.73,4.47,-14.23,2.08,1.89,-13.22,2.31,2.51,2.50"
"116.74,2.38,-15.56,2.05,1.77,-8.55,2.58,2.52,2.50"
"117.75,3.00,-8.49,0.76,3.46,-7.58,-3.21,2.53,2.51"
"118.75,2.28,-10.07,6.08,0.24,-15.25,4.57,2.52,2.51"
"119.76,0.66,-16.08,-0.61,3.34,-10.95,-0.83,2.52,2.49"
"120.77,-2.82,-14.11,-3.74,-4.87,-5.80,-3.04,2.51,2.49"
"121.78,-4.07,-13.31,-6.40,-2.28,-12.15,-3.57,2.51,2.49"
"122.79,-1.63,-4.09,0.28,-0.46,-8.92,-0.19,2.53,2.49"
"123.80,-1.29,-11.98,-0.19,1.76,-15.31,-1.59,2.53,2.51"
"124.81,0.41,-10.70,1.35,0.87,-10.58,1.06,2.52,2.49"
"125.82,-0.52,-6.63,-0.14,2.10,-6.85,0.88,2.52,2.50"
"126.83,-3.39,-7.06,-2.21,-3.98,-14.76,-2.30,2.52,2.51"
"127.84,3.28,-12.93,6.69,4.63,-11.59,6.33,2.52,2.50"
"128.85,0.45,-12.77,-3.26,-1.55,-12.50,-3.35,2.51,2.49"
"129.86,-1.80,-14.72,2.20,0.34,-7.75,1.38,2.53,2.48"
"130.87,0.30,-10.29,-0.72,0.90,-10.65,-0.38,2.52,2.50"
"131.88,2.41,-11.69,-2.29,-4.31,-9.03,-2.94,2.52,2.51"
"132.89,1.34,-10.20,0.70,0.55,-11.23,-0.16,2.52,2.50"
"133.90,0.11,-11.48,1.12,1.62,-10.45,1.85,2.52,2.49"
"134.91,1.30,-12.83,0.37,1.28,-7.24,1.09,2.52,2.51"
"135.92,-1.24,-7.63,0.39,0.00,-9.79,0.38,2.52,2.50"
"136.93,-1.36,-10.15,-0.39,1.12,-7.82,-0.89,2.52,2.49"
"137.94,-0.19,-10.03,-1.38,1.17,-12.05,-1.50,2.51,2.50"
"138.95,-0.35,-7.03,-1.76,-0.98,-11.31,0.05,2.53,2.51"
"139.96,-0.29,-6.90,-0.67,3.47,-6.55,-0.14,2.51,2.50"
"140.97,-0.24,-11.07,1.00,1.32,-8.57,0.12,2.52,2.49"
"141.98,3.84,-7.78,-1.07,-1.40,-11.27,-3.99,2.53,2.50"
"142.99,-0.66,-5.45,-0.77,0.22,-7.51,-0.66,2.52,2.50"
"144.00,0.54,-10.15,-0.46,0.75,-8.57,0.17,2.52,2.49"
"145.01,2.53,-9.11,1.19,4.27,-5.82,1.48,2.52,2.50"
"146.02,0.52,-11.67,1.24,5.32,-5.64,2.70,2.53,2.51"
"147.03,-0.71,-11.14,0.89,-0.50,-10.03,1.45,2.52,2.50"
"148.04,0.38,-8.47,-2.80,-1.71,-5.90,-3.11,2.52,2.50"
"149.05,0.24,-11.43,-0.60,-1.56,-8.24,0.94,2.52,2.50"
"150.06,-3.05,-9.32,-3.04,-3.17,-6.41,-1.82,2.50,2.51"
"151.07,-1.44,-12.26,-2.22,0.50,-11.34,-0.11,2.53,2.49"
"152.08,0.86,-16.48,1.17,-3.27,-14.90,0.70,2.51,2.49"
"153.09,4.36,-3.04,-3.43,-0.38,-7.72,-4.47,2.53,2.50"
"154.10,0.00,-14.15,-0.76,1.78,-13.31,0.53,2.51,2.48"
"155.11,4.03,-5.82,2.72,-1.15,-14.04,-0.73,2.51,2.50"
"156.12,-1.08,-4.98,-0.18,-0.49,-10.60,-1.17,2.52,2.51"
"157.13,1.28,-13.09,-1.54,-1.16,-9.33,-1.71,2.52,2.49"
"158.14,-0.56,-9.16,-1.02,0.50,-7.16,0.45,2.50,2.49"
"159.15,1.86,-6.64,-0.49,-1.21,-9.97,-0.50,2.51,2.50"
"160.16,-0.05,-9.27,-3.08,1.49,-7.26,-2.43,2.51,2.50"
"161.16,-0.18,-10.69,-1.63,-2.12,-10.94,-1.90,2.52,2.50"
"162.17,0.51,-7.78,-1.43,0.51,-10.96,-0.96,2.53,2.50"
"163.19,0.33,-12.04,0.56,3.73,-6.64,1.04,2.53,2.49"
"164.20,3.64,-5.89,-1.36,2.82,-10.25,-2.22,2.53,2.51"
"165.20,-1.64,-9.70,-3.25,0.24,-5.49,-1.98,2.52,2.50"
"166.21,-3.14,-8.36,-2.20,-1.39,-10.87,-0.32,2.51,2.50"
"167.22,2.50,-4.01,-0.54,0.57,-6.73,-0.86,2.54,2.49"
"168.23,1.18,-10.83,1.41,3.47,-5.98,1.73,2.53,2.51"
"169.24,3.40,-8.29,3.25,0.22,-13.88,1.09,2.51,2.50"
"170.25,1.23,-6.54,-0.16,0.29,-6.11,-2.43,2.53,2.50"
"171.26,0.97,-16.13,0.85,0.99,-12.49,0.73,2.50,2.49"
"172.27,-0.77,-13.25,-0.84,1.47,-12.90,-0.87,2.52,2.49"
"173.28,-0.69,-9.92,-1.12,4.31,-5.63,0.97,2.52,2.50"
"174.29,-0.36,-7.06,-2.00,0.67,-7.48,-0.87,2.53,2.50"
"175.30,-0.19,-7.64,0.38,4.23,-12.81,3.27,2.52,2.50"
"176.31,3.05,-8.42,0.94,1.69,-12.35,1.41,2.51,2.50"
"177.32,2.34,-5.71,0.61,2.55,-6.95,1.36,2.52,2.50"
"178.33,0.95,-12.16,-0.17,0.46,-11.20,0.19,2.52,2.51"
"179.34,1.90,-7.60,1.60,-0.19,-7.66,-0.12,2.51,2.49"
"180.35,4.35,-11.15,1.39,3.75,-13.74,1.83,2.53,2.50"
"181.36,0.61,-4.59,-2.33,0.68,-12.36,-1.70,2.52,2.49"
"182.37,-0.65,-9.50,-3.05,-1.36,-5.40,-3.36,2.52,2.51"
"183.38,1.75,-9.16,-0.02,0.90,-10.96,0.73,2.51,2.49"
"184.39,2.34,-4.02,2.20,2.49,-7.32,1.83,2.52,2.51"
"185.40,-1.44,-9.34,0.17,3.25,-5.66,-0.37,2.53,2.50"
"186.41,0.96,-10.18,0.43,1.14,-6.36,-0.49,2.52,2.49"
"187.42,1.27,-10.48,-0.01,1.53,-11.76,-0.21,2.52,2.50"
"188.43,-0.56,-8.36,1.28,-1.53,-9.04,0.57,2.52,2.49"
"189.44,-0.22,-5.90,1.72,-2.32,-14.04,0.11,2.52,2.49"
"190.45,4.84,-7.06,1.38,1.87,-8.07,1.18,2.52,2.51"
"191.46,0.98,-10.77,0.46,2.36,-10.71,-0.54,2.52,2.50"
"192.47,2.02,-10.16,-1.02,0.74,-14.39,-0.82,2.52,2.49"
"193.48,3.38,-10.19,0.68,1.60,-8.20,-1.00,2.52,2.48"
"194.49,-0.07,-6.20,-3.20,-1.65,-8.86,-3.85,2.52,2.49"
"195.50,2.96,-9.74,1.19,6.11,-8.45,2.00,2.52,2.50"
"196.51,-1.23,-7.39,-1.41,-0.43,-7.83,-2.60,2.53,2.48"
"197.52,-1.19,-8.68,-1.13,3.56,-4.76,1.91,2.51,2.48"
"198.53,-4.24,-12.15,0.59,0.62,-4.59,2.55,2.52,2.49"
"199.54,0.51,-3.99,4.02,-0.53,-1.82,2.08,2.52,2.47"
"200.55,-0.38,-14.92,-2.01,2.77,-13.94,-1.74,2.51,2.50"
"201.55,-0.49,-11.77,-3.12,0.87,-10.05,-1.14,2.52,2.50"
"202.57,-0.86,-11.06,-3.23,0.20,-7.23,-2.64,2.53,2.50"
"203.58,0.74,-9.97,0.79,-1.77,-9.62,-1.18,2.53,2.50"
"204.58,0.94,-10.61,-0.91,4.56,-6.06,0.05,2.51,2.49"
"205.59,0.79,-9.67,-0.47,0.08,-10.12,-1.58,2.51,2.49"
"206.61,-0.17,-8.44,-0.37,0.81,-12.54,0.62,2.50,2.50"
"207.61,-0.66,-9.47,-1.19,-4.72,-14.73,-2.38,2.51,2.49"
"208.62,1.64,-7.82,-0.05,0.36,-7.62,-2.24,2.52,2.48"
"209.63,0.96,-7.34,-1.82,-1.32,-8.36,-2.09,2.52,2.49"
"210.64,1.28,-10.49,-2.17,-0.02,-9.22,-1.46,2.51,2.49"
"211.65,1.10,-10.62,0.59,0.66,-13.54,-0.18,2.50,2.51"
"212.66,0.34,-9.37,1.18,1.61,-10.99,2.22,2.52,2.51"
"213.67,0.85,-6.49,1.69,-0.70,-7.98,0.02,2.52,2.48"
"214.68,2.44,-13.08,1.39,1.42,-15.17,1.90,2.52,2.50"
"215.69,1.50,-8.72,-0.26,-0.09,-8.09,-0.34,2.51,2.49"
"216.70,1.25,-12.05,-2.46,-0.35,-11.79,-2.44,2.51,2.49"
"217.71,-1.33,-8.49,-2.32,-0.01,-9.89,-3.13,2.50,2.49"
"218.72,-0.88,-12.49,-2.07,-1.20,-10.56,-1.37,2.52,2.49"
"219.73,-0.28,-6.29,-1.13,0.67,-4.70,-0.51,2.53,2.49"
"220.74,-3.22,-10.55,-1.18,0.32,-10.59,-0.79,2.53,2.50"
"221.75,0.43,-8.43,-0.13,0.34,-10.50,-0.15,2.51,2.50"
"222.76,2.36,-9.12,2.21,0.78,-8.63,2.13,2.51,2.50"
"223.77,-0.31,-9.34,-0.19,3.07,-7.94,0.60,2.51,2.50"
"224.78,-0.58,-3.47,-1.94,0.66,-7.09,-2.63,2.52,2.49"
"225.79,2.21,-14.59,-0.30,0.64,-11.14,-1.81,2.50,2.51"
"226.80,1.30,-4.78,1.07,3.42,-6.74,1.74,2.52,2.49"
"227.81,-0.17,-7.71,0.19,-0.82,-11.41,0.25,2.51,2.49"
"228.82,0.83,-9.15,0.60,-1.37,-10.42,0.32,2.52,2.49"
"229.83,3.21,-8.39,3.53,-1.80,-18.21,-0.05,2.52,2.49"
"230.84,0.01,-11.34,-0.48,-0.24,-9.96,-0.38,2.52,2.50"
"231.85,-0.19,-8.26,0.50,2.23,-9.74,2.41,2.52,2.50"
"232.86,-0.34,-9.20,0.72,0.21,-6.02,0.42,2.52,2.49"
"233.87,-1.15,-9.58,0.05,-0.65,-9.86,-0.65,2.51,2.49"
"234.88,0.62,-9.88,0.08,1.98,-11.76,1.78,2.51,2.48"
"235.89,-2.24,-16.47,-3.42,0.21,-13.49,-1.97,2.51,2.49"
"236.90,-1.13,-9.84,0.97,-0.73,-11.17,0.82,2.52,2.50"
"237.91,-1.49,-9.08,-1.45,1.85,-6.38,-1.58,2.52,2.49"
"238.92,3.44,-9.38,-0.73,1.57,-12.32,0.43,2.55,2.50"
"239.93,2.29,-8.61,0.25,2.56,-10.05,-0.16,2.51,2.50"
"240.94,1.06,-11.42,-0.06,1.12,-9.13,-0.40,2.50,2.49"
"241.95,2.28,-10.69,2.39,6.79,-5.61,3.46,2.52,2.48"
"242.96,0.86,-10.10,4.29,0.05,-9.50,4.19,2.52,2.49"
"243.97,0.46,-13.98,-2.09,-0.31,-9.70,-1.44,2.52,2.50"
"244.98,-0.81,-6.09,-3.21,-1.13,-7.17,-4.34,2.52,2.49"
"245.99,0.38,-13.89,-2.07,-0.85,-12.33,-3.24,2.52,2.50"
"246.99,2.00,-11.72,3.01,0.75,-10.43,0.62,2.51,2.50"
"248.00,1.38,-9.66,-0.68,-2.51,-12.42,-1.70,2.51,2.49"
"249.02,0.42,-9.45,-0.48,2.03,-7.95,-0.37,2.52,2.48"
"250.02,1.50,-9.51,1.47,-2.69,-7.74,-0.96,2.54,2.48"
"251.03,1.39,-12.09,-1.56,3.27,-6.94,-0.58,2.52,2.51"
"252.04,3.53,-11.71,3.25,-0.14,-13.64,1.87,2.53,2.48"
"253.05,0.13,-8.77,-1.84,-1.24,-8.92,-2.76,2.52,2.48"
"254.06,-0.65,-11.31,-2.20,1.64,-7.40,-2.43,2.54,2.50"
"255.07,-1.50,-11.27,-1.44,-2.78,-8.36,-1.02,2.52,2.50"
"256.08,-2.45,-12.79,-1.46,-0.55,-10.75,0.24,2.52,2.48"
"257.09,-2.62,-12.57,1.20,0.19,-4.16,2.43,2.53,2.48"
"258.10,1.06,-10.48,2.20,2.65,-12.36,2.45,2.53,2.50"
"259.11,-2.71,-7.33,-1.48,1.57,-8.99,-0.07,2.52,2.49"
"260.12,3.61,-4.94,1.79,3.14,-8.10,-0.24,2.53,2.50"
"261.13,2.68,-8.28,1.89,-3.25,-9.35,-1.48,2.52,2.48"
"262.14,-0.51,-7.41,-1.83,-0.43,-7.08,-2.18,2.52,2.49"
"263.15,-0.28,-9.91,-2.53,-0.37,-3.29,-1.15,2.53,2.49"
"264.16,0.69,-9.49,0.71,-3.42,-9.07,-1.44,2.52,2.50"
"265.17,0.50,-6.34,-0.13,1.11,-9.78,0.02,2.52,2.50"
"266.18,0.01,-14.00,-1.07,2.37,-10.49,0.51,2.52,2.49"
"267.19,1.05,-11.97,-1.48,-2.23,-3.52,-1.05,2.52,2.50"
"268.20,-0.06,-12.04,0.34,-0.21,-9.30,-0.56,2.52,2.49"
"269.21,1.98,-12.72,0.41,2.30,-12.87,0.87,2.51,2.48"
"270.22,-0.26,-8.20,-1.55,-1.37,-6.83,-1.11,2.53,2.48"
"271.23,0.94,-12.39,1.06,1.69,-6.15,0.59,2.52,2.49"
"272.24,1.06,-12.30,1.51,2.85,-12.15,0.99,2.52,2.50"
"273.25,1.41,-10.29,1.77,6.95,-4.17,4.44,2.52,2.48"
"274.26,1.60,-7.88,0.36,0.82,-9.64,-0.03,2.52,2.49"
"275.27,0.93,-10.21,-1.16,-0.40,-8.96,-0.67,2.52,2.50"
"276.28,-0.48,-3.51,0.98,0.31,-8.81,0.44,2.52,2.47"
"277.29,1.50,-11.26,-2.72,-0.10,-13.65,-2.85,2.52,2.50"
"278.30,2.75,-3.72,2.48,1.68,-7.14,0.54,2.53,2.49"
"279.31,1.38,-7.17,-2.53,1.46,-11.58,-1.97,2.52,2.50"
"280.32,2.97,-6.58,2.53,0.98,-8.06,2.19,2.53,2.48"
"281.33,3.32,-8.08,0.96,-2.17,-8.05,-0.34,2.52,2.50"
"282.34,0.95,-7.68,-4.87,2.42,-9.59,-3.69,2.53,2.49"
"283.35,0.33,-11.80,1.78,2.49,-8.88,1.75,2.53,2.48"
"284.36,1.65,-10.51,1.13,-0.63,-11.37,0.34,2.53,2.49"
"285.37,-0.63,-10.69,2.77,-3.38,-15.31,0.72,2.52,2.48"
"286.38,0.14,-11.43,1.15,0.24,-10.19,2.49,2.53,2.50"
"287.39,1.43,-3.73,-0.36,0.72,-8.33,-1.26,2.52,2.47"
"288.39,-0.30,-10.97,-2.99,0.53,-10.36,-2.51,2.53,2.50"
"289.40,1.30,-7.15,-1.78,-0.44,-11.90,-2.26,2.52,2.50"
"290.41,2.50,-9.84,5.11,4.30,-8.42,5.12,2.52,2.49"
"291.42,1.26,-10.23,0.59,3.02,-9.81,0.47,2.52,2.49"
"292.43,0.54,-6.84,-1.28,-0.98,-9.43,-0.10,2.52,2.48"
"293.44,-1.92,-10.23,2.26,4.38,-10.07,3.37,2.52,2.49"
"294.45,-0.18,-10.15,0.19,-0.92,-10.31,-1.90,2.53,2.49"
"295.46,0.55,-8.71,2.24,4.45,-9.12,2.85,2.52,2.48"
"296.47,-1.66,-14.98,-0.61,-0.03,-10.64,-1.11,2.53,2.48"
"297.48,4.30,-5.84,2.89,-0.93,-13.32,-2.11,2.52,2.48"
"298.49,4.66,-9.13,4.17,4.52,-9.51,2.34,2.53,2.50"
"299.50,1.04,-10.33,-2.06,2.24,-6.79,-0.07,2.52,2.49"
"300.51,2.65,-4.46,-0.41,2.45,-11.67,1.44,2.51,2.47"
"301.52,-0.45,-10.73,-0.63,-0.66,-9.99,-0.07,2.54,2.50"
"302.53,0.04,-10.13,-3.05,-3.21,-9.11,-3.41,2.53,2.48"
"303.54,0.07,-18.79,0.29,1.18,-10.11,1.49,2.52,2.49"
"304.55,0.27,-11.31,2.57,4.46,-10.09,3.32,2.54,2.50"
"305.56,-1.00,-10.45,-0.93,-1.40,-10.96,-1.72,2.52,2.46"
"306.57,-0.99,-10.71,-3.45,-1.74,-11.79,-4.06,2.52,2.49"
"307.58,3.21,-9.18,3.79,3.08,-9.51,1.45,2.53,2.49"
"308.59,0.81,-10.86,0.04,0.55,-7.65,-0.19,2.53,2.47"
"309.60,2.07,-8.05,-1.90,0.51,-9.14,-1.75,2.53,2.47"
"310.61,-1.52,-13.93,-2.02,0.71,-13.29,-1.62,2.52,2.48"
"311.62,0.67,-8.17,0.62,-0.55,-12.46,0.33,2.51,2.47"
"312.63,1.89,-6.50,2.22,3.11,-8.09,2.29,2.52,2.49"
"313.64,-1.05,-12.91,-0.43,0.49,-9.90,-1.55,2.52,2.49"
"314.65,1.39,-11.44,-0.86,3.75,-13.10,1.13,2.52,2.48"
"315.66,0.47,-8.33,2.05,-1.41,-11.05,1.91,2.53,2.47"
"316.67,-1.47,-5.63,-1.05,0.23,-9.09,1.97,2.54,2.47"
"317.68,-1.01,-6.42,0.28,-0.74,-8.82,-0.23,2.53,2.49"
"318.69,0.14,-10.17,-1.47,-1.48,-13.09,-2.25,2.51,2.49"
"319.70,0.00,-13.75,0.12,-2.69,-14.56,-1.70,2.51,2.49"
"320.71,-0.65,-5.38,-2.09,0.28,-8.57,-2.50,2.53,2.48"
"321.72,-3.24,-11.72,-0.63,-2.85,-7.35,0.06,2.54,2.48"
"322.73,0.98,-6.73,-1.96,0.51,-5.07,-1.56,2.53,2.48"
"323.74,-1.32,-9.66,-0.60,2.04,-10.80,1.18,2.52,2.49"
"324.75,0.26,-11.67,1.20,1.68,-15.43,-0.58,2.52,2.47"
"325.76,0.74,-13.77,-2.15,1.43,-9.44,-4.64,2.54,2.49"
"326.77,0.81,-7.98,1.61,-1.68,-15.21,0.57,2.52,2.48"
"327.78,3.44,-9.49,4.87,5.02,-9.50,3.68,2.52,2.48"
"328.79,1.55,-9.39,0.76,3.33,-7.80,3.42,2.53,2.49"
"329.80,2.26,-7.35,0.96,3.15,-6.85,1.84,2.52,2.49"
"330.81,-0.60,-10.16,-0.69,0.20,-4.34,0.18,2.52,2.47"
"331.82,-0.49,-11.50,-0.99,-0.61,-6.91,-2.54,2.51,2.48"
"332.83,1.67,-8.60,0.19,3.17,-7.75,0.08,2.53,2.46"
"333.83,0.24,-8.90,1.73,-1.27,-13.31,2.74,2.52,2.49"
"334.84,-1.40,-8.67,0.28,-0.76,-6.34,-0.62,2.55,2.48"
"335.85,2.41,-9.43,-0.92,1.18,-10.14,-0.81,2.51,2.48"
"336.86,0.18,-11.35,1.99,-1.09,-6.09,3.63,2.52,2.48"
"337.87,-0.24,-9.14,-0.97,-1.26,-13.43,-0.28,2.52,2.48"
"338.88,-0.49,-10.07,0.28,-0.55,-7.92,2.35,2.53,2.48"
"339.89,4.92,-7.67,2.57,3.67,-8.14,3.01,2.53,2.48"
"340.90,-3.27,-13.11,0.21,1.60,-7.41,1.61,2.52,2.47"
"341.91,-0.40,-8.79,1.02,-2.65,-13.92,1.31,2.52,2.47"
"342.92,-1.22,-12.34,-1.38,-2.39,-16.02,-3.18,2.52,2.48"
"343.93,-4.29,-9.21,-1.47,-0.92,-6.31,-1.20,2.53,2.49"
"344.94,1.02,-8.29,-0.98,0.27,-9.76,-1.51,2.53,2.48"
"345.95,-0.73,-11.79,-1.38,2.62,-8.62,-2.16,2.53,2.47"
"346.96,-0.11,-10.04,1.22,1.80,-11.44,1.26,2.53,2.48"
"347.97,-0.49,-12.58,0.26,-1.67,-9.22,1.49,2.52,2.48"
"348.98,1.84,-11.61,1.20,0.01,-8.85,0.87,2.52,2.46"
"349.99,5.99,-5.42,5.60,2.85,-3.32,1.69,2.53,2.48"
"351.00,-0.44,-15.16,1.34,0.97,-9.90,3.25,2.52,2.49"
"352.01,0.74,-11.34,0.69,1.74,-13.96,0.79,2.50,2.48"
"353.02,-0.93,-7.63,-1.26,0.88,-11.21,-1.71,2.53,2.49"
"354.03,2.26,-14.92,1.30,-0.68,-14.47,-1.07,2.52,2.49"
"355.04,0.63,-6.15,0.99,1.66,-8.49,1.87,2.54,2.49"
"356.05,-0.78,-11.64,-0.27,-0.98,-8.46,0.55,2.53,2.47"
"357.06,1.96,-5.07,2.51,-0.41,-12.02,0.76,2.51,2.46"
"358.07,-0.53,-6.67,-1.18,0.03,-10.99,-1.03,2.53,2.48"
"359.08,0.83,-8.84,0.91,1.11,-9.62,1.38,2.50,2.48"
"360.09,2.34,-9.31,-3.91,-2.59,-18.16,-5.26,2.52,2.49"
"361.10,1.31,-13.54,-0.19,1.51,-9.75,0.84,2.52,2.48"
"362.11,-0.54,-10.88,-0.87,1.83,-9.06,-0.04,2.51,2.47"
"363.12,0.12,-7.84,0.09,4.06,-5.56,1.10,2.52,2.48"
"364.13,-0.75,-12.23,-4.10,-1.63,-5.79,-3.11,2.53,2.48"
"365.14,-1.77,-8.20,-3.07,0.35,-7.70,-2.07,2.51,2.48"
"366.15,-2.11,-14.92,-2.91,-0.39,-14.40,-2.27,2.52,2.47"
"367.16,-0.03,-11.16,-2.87,0.59,-9.98,-0.38,2.52,2.48"
"368.17,0.05,-9.10,4.32,0.91,-8.68,4.39,2.53,2.49"
"369.18,-2.18,-8.51,-2.73,0.63,-11.61,-1.59,2.52,2.46"
"370.19,-0.29,-10.48,-0.32,0.99,-6.52,1.12,2.52,2.49"
"371.20,-0.52,-9.11,2.23,-2.22,-13.36,2.53,2.53,2.46"
"372.21,0.71,-8.83,-0.85,0.67,-10.19,-0.19,2.51,2.48"
"373.22,-1.56,-9.38,-2.95,-0.23,-7.89,-1.27,2.53,2.46"
"374.23,0.51,-14.31,-1.07,0.77,-18.27,-1.71,2.50,2.47"
"375.23,2.25,-11.39,2.21,-1.33,-14.83,-1.26,2.51,2.47"
"376.25,-0.98,-7.02,-0.49,-0.92,-11.29,-0.78,2.51,2.50"
"377.25,1.39,-8.10,0.53,2.34,-5.97,2.61,2.53,2.47"
"378.26,-0.13,-9.09,-0.96,-1.28,-10.80,0.12,2.51,2.49"
"379.27,-0.06,-8.59,-0.36,1.30,-8.70,-0.16,2.52,2.48"
"380.28,3.81,-8.03,3.41,3.48,-11.46,3.31,2.51,2.49"
"381.29,3.89,-4.34,4.20,1.10,-3.24,1.58,2.52,2.48"
"382.30,0.77,-10.18,-2.29,2.03,-11.09,-0.75,2.51,2.48"
"383.31,-0.46,-9.14,1.95,0.52,-11.13,2.21,2.52,2.46"
"384.32,0.52,-7.34,0.05,-2.24,-10.96,-0.91,2.52,2.48"
"385.33,1.50,-12.99,3.02,3.09,-9.61,3.59,2.52,2.47"
"386.34,0.67,-9.11,-0.11,1.48,-6.96,-0.51,2.52,2.48"
"387.35,0.04,-8.75,-1.96,-0.53,-9.87,-1.52,2.52,2.48"
"388.36,1.92,-12.06,-1.42,2.26,-10.42,-0.37,2.53,2.49"
"389.37,1.93,-7.97,-1.93,-1.52,-10.48,-2.34,2.53,2.48"
"390.38,5.28,-9.64,2.72,0.25,-11.76,1.87,2.50,2.47"
"391.39,4.22,-7.24,0.37,2.11,-11.11,0.19,2.51,2.48"
"392.40,0.56,-9.42,2.39,0.81,-11.51,0.54,2.52,2.47"
"393.41,-2.33,-10.10,1.98,-0.26,-10.57,3.27,2.54,2.48"
"394.42,3.15,-5.10,-0.28,3.95,-10.83,-0.19,2.52,2.48"
"395.43,1.55,-15.15,0.15,1.02,-13.35,0.40,2.52,2.47"
"396.44,0.59,-9.98,-2.60,-0.96,-5.91,-0.77,2.51,2.47"
"397.45,4.03,-8.70,3.92,3.75,-13.29,2.93,2.52,2.48"
"398.46,0.56,-7.70,1.60,-0.20,-5.86,0.59,2.51,2.48"
"399.47,-0.39,-13.61,-2.04,-0.54,-13.22,-2.52,2.52,2.49"
"400.48,-1.55,-9.71,1.12,-1.21,-8.95,0.53,2.52,2.47"
"401.49,-1.11,-11.30,-0.16,0.56,-5.35,-0.34,2.51,2.48"
"402.50,-1.42,-11.97,-1.17,1.15,-7.67,1.07,2.52,2.48"
"403.51,-1.66,-11.07,-0.17,3.65,-4.23,-1.67,2.54,2.49"
"404.52,-0.10,-6.51,-0.17,-0.86,-11.73,-1.52,2.52,2.48"
"405.53,2.37,-10.31,-1.03,-0.88,-12.66,-2.12,2.51,2.48"
"406.54,0.68,-8.47,-0.66,-2.82,-14.20,-2.06,2.53,2.48"
"407.55,-1.69,-10.01,-0.66,0.05,-12.27,-2.50,2.52,2.46"
"408.56,2.03,-8.49,0.17,-0.39,-9.45,-1.18,2.52,2.47"
"409.57,0.48,-7.07,-1.67,-0.02,-10.72,-2.92,2.53,2.46"
"410.58,3.65,-7.15,-1.24,1.51,-10.49,-2.92,2.53,2.48"
"411.59,2.32,-4.75,2.32,-0.51,-10.14,3.09,2.52,2.47"
"412.60,0.76,-10.13,-0.28,0.79,-6.85,-1.63,2.51,2.47"
"413.61,2.89,-8.81,0.21,-0.13,-13.39,-0.74,2.51,2.45"
"414.62,-0.99,-12.12,0.26,3.37,-6.24,2.70,2.51,2.48"
"415.63,-0.00,-12.11,-4.04,0.21,-11.68,-2.51,2.52,2.47"
"416.64,3.70,-13.35,-1.77,0.08,-9.85,-2.83,2.54,2.47"
"417.65,-0.02,-0.98,-1.02,1.28,-7.01,-1.23,2.53,2.47"
"418.66,0.80,-8.51,2.46,6.61,-4.72,4.94,2.53,2.47"
"419.67,0.83,-11.06,-0.00,0.12,-5.53,-0.62,2.53,2.50"
"420.67,0.53,-10.17,-2.26,-0.26,-11.20,-1.19,2.51,2.47"
"421.69,0.72,-13.21,0.89,0.85,-8.74,-0.83,2.52,2.48"
"422.69,0.10,-9.59,-2.34,-0.95,-10.88,-2.37,2.52,2.48"
"423.70,-3.35,-12.58,-1.69,-2.15,-9.71,-0.11,2.53,2.48"
"424.71,-1.90,-12.58,3.01,-2.15,-12.26,2.84,2.53,2.47"
"425.72,-0.71,-8.50,-2.38,-0.83,-9.29,-3.31,2.53,2.47"
"426.73,-0.17,-15.59,-1.73,0.61,-8.91,0.83,2.52,2.48"
"427.74,-1.01,-12.24,-0.43,-1.86,-10.00,-0.99,2.51,2.49"
"428.75,-1.37,-7.60,0.39,2.05,-6.90,3.31,2.52,2.49"
"429.76,2.71,-5.68,4.57,0.75,-6.26,2.20,2.53,2.47"
"430.77,-0.33,-9.38,-3.54,-1.00,-9.71,-3.29,2.51,2.48"
"431.78,1.69,-3.32,-0.38,-0.24,-9.31,-0.78,2.52,2.48"
"432.79,0.55,-9.61,-0.86,4.55,-9.07,-0.57,2.53,2.48"
"433.80,-3.54,-9.31,-0.03,1.01,-7.42,1.65,2.55,2.47"
"434.81,-4.91,-7.78,-4.02,0.72,-6.25,-1.17,2.54,2.48"
"435.82,1.18,-11.31,0.53,1.23,-8.39,2.54,2.52,2.48"
"436.83,-0.21,-10.48,-0.37,0.04,-10.15,-0.40,2.52,2.49"
"437.84,0.70,-12.54,-0.90,0.94,-9.07,-2.21,2.53,2.48"
"438.85,0.68,-4.20,-0.27,0.39,-6.86,0.04,2.53,2.47"
"439.86,2.98,-11.56,-0.53,0.61,-15.24,-2.81,2.53,2.49"
"440.87,-0.51,-13.40,-0.14,2.55,-11.48,2.03,2.53,2.46"
"441.88,0.72,-12.83,0.32,3.86,-10.69,1.56,2.54,2.49"
"442.89,1.38,-7.01,0.32,-0.85,-11.01,-1.64,2.53,2.47"
"443.90,-1.99,-12.95,-0.22,0.91,-9.04,1.91,2.53,2.47"
"444.91,1.36,-7.72,-0.43,0.83,-9.38,-0.38,2.53,2.47"
"445.92,3.82,-4.54,-0.41,-2.70,-12.97,-3.24,2.53,2.48"
"446.93,4.29,-6.35,2.09,-0.51,-12.06,0.74,2.52,2.48"
"447.94,1.39,-9.60,0.45,0.82,-7.68,-0.20,2.51,2.49"
"448.95,-2.18,-9.12,-1.91,-0.48,-11.19,-1.59,2.52,2.47"
"449.96,-2.60,-14.67,-3.58,1.68,-6.08,-1.61,2.53,2.49"
"450.97,2.48,-6.81,1.73,-2.18,-7.60,-0.19,2.54,2.47"
"451.98,-1.02,-13.47,-0.66,3.03,-11.34,0.61,2.53,2.48"
"452.99,1.94,-8.33,1.09,1.55,-5.91,-0.74,2.53,2.49"
"454.00,-1.78,-12.96,-0.33,0.44,-11.37,-0.73,2.53,2.48"
"455.01,-1.71,-10.32,1.14,0.63,-5.75,2.09,2.53,2.48"
"456.02,1.00,-8.44,3.36,-2.16,-11.36,0.60,2.53,2.49"
"457.03,-0.71,-10.38,-2.38,1.78,-7.13,-0.52,2.52,2.47"
"458.04,1.47,-5.49,2.06,-2.64,-10.80,0.69,2.54,2.49"
"459.05,0.42,-7.52,-4.78,1.72,-10.75,-4.95,2.54,2.48"
"460.06,2.07,-8.90,0.51,-0.16,-19.21,-2.59,2.54,2.47"
"461.07,1.42,-9.01,-0.06,1.07,-0.28,-0.59,2.53,2.47"
"462.08,3.13,-9.99,1.15,-1.62,-13.30,1.61,2.53,2.48"
"463.08,1.52,-6.05,3.79,1.91,-11.70,2.19,2.54,2.47"
"464.10,-0.59,-12.43,-1.89,0.24,-12.68,-1.37,2.55,2.47"
"465.10,3.76,-10.49,3.50,2.30,-13.39,2.80,2.52,2.48"
"466.11,0.97,-9.63,-1.47,1.10,-8.24,-1.50,2.52,2.49"
"467.12,0.88,-4.56,-1.56,0.18,-8.97,-2.32,2.53,2.47"
"468.13,3.15,-11.81,3.67,4.92,-13.60,3.75,2.52,2.48"
"469.14,2.08,-9.18,-0.33,2.62,-9.30,-0.14,2.53,2.48"
"470.15,2.19,-3.35,-1.01,3.02,-8.41,-0.72,2.52,2.48"
"471.16,0.11,-10.01,2.37,2.21,-6.67,1.45,2.55,2.48"
"472.17,-0.18,-8.48,-1.66,-2.55,-9.22,-1.57,2.53,2.49"
"473.18,2.80,-11.71,1.82,0.57,-10.58,2.62,2.54,2.49"
"474.19,2.63,-11.42,-0.94,3.29,-9.48,-1.60,2.53,2.49"
"475.20,-0.16,-12.55,-1.85,1.92,-6.34,0.13,2.53,2.48"
"476.21,0.48,-7.59,0.37,-1.96,-11.26,-0.67,2.52,2.48"
"477.22,2.52,-11.79,-1.21,-1.78,-17.14,-2.11,2.52,2.49"
"478.23,1.62,-10.69,-0.90,-1.31,-10.56,-2.17,2.52,2.48"
"479.24,1.78,-7.20,-0.52,0.97,-11.89,0.12,2.53,2.48"
"480.25,1.32,-7.94,3.90,1.02,-10.96,1.03,2.54,2.49"
"481.26,-0.90,-13.55,-2.34,-2.45,-7.93,-2.87,2.54,2.48"
"482.27,0.14,-9.94,-0.65,-0.74,-7.60,-1.16,2.53,2.48"
"483.28,-0.97,-10.69,1.82,1.15,-10.43,2.11,2.53,2.47"
"484.29,0.34,-3.09,-0.57,1.27,-9.86,-0.05,2.54,2.48"
"485.30,-0.05,-11.30,0.87,-1.64,-14.15,0.30,2.54,2.48"
"486.31,3.12,-7.77,2.05,2.42,-6.84,1.37,2.53,2.49"
"487.32,3.59,-4.52,-0.67,-0.22,-8.55,-0.22,2.53,2.48"
"488.33,2.36,-12.28,1.14,1.50,-9.48,0.69,2.53,2.47"
"489.34,-2.10,-11.41,-2.43,2.00,-6.42,-1.78,2.52,2.48"
"490.35,-2.55,-9.67,0.23,0.37,-7.07,1.38,2.54,2.48"
"491.36,-0.15,-11.68,-0.09,1.29,-7.75,0.96,2.53,2.45"
"492.37,2.49,-6.02,0.08,0.79,-7.15,0.52,2.53,2.47"
"493.38,5.46,-7.41,-1.52,3.92,-8.76,-2.48,2.52,2.48"
"494.39,1.54,-10.32,2.61,3.57,-10.88,2.59,2.53,2.49"
"495.40,0.76,-8.54,-0.21,-0.36,-10.29,-0.47,2.53,2.49"
"496.41,-1.36,-12.82,1.08,1.13,-11.23,1.48,2.54,2.48"
"497.42,1.01,-8.52,-0.14,0.61,-6.43,0.66,2.52,2.49"
"498.43,4.07,-8.09,1.68,1.02,-15.17,1.94,2.52,2.48"
"499.44,-1.00,-9.56,1.57,1.58,-10.19,2.14,2.54,2.48"
"500.45,2.20,-3.69,-0.88,0.71,-5.47,-2.88,2.53,2.49"
"501.46,-1.97,-13.74,-1.70,-0.92,-7.41,-0.50,2.53,2.49"
"502.47,1.21,-8.30,-1.52,-0.82,-8.79,-2.08,2.54,2.46"
"503.48,3.02,-9.79,1.76,5.95,-3.97,3.04,2.53,2.47"
"504.48,2.12,-13.69,-0.62,-0.55,-5.48,0.09,2.54,2.48"
"505.50,-0.79,-9.90,-2.26,4.01,-6.50,-0.85,2.52,2.48"
"506.51,-0.91,-12.92,1.23,-2.86,-8.42,2.21,2.53,2.48"
"507.51,3.83,-6.55,1.33,1.85,-11.00,-1.12,2.53,2.49"
"508.52,-1.82,-10.15,-1.73,1.36,-7.92,1.47,2.52,2.48"
"509.54,0.86,-10.63,-0.30,0.54,-10.29,-0.63,2.53,2.49"
"510.54,-0.76,-10.82,-2.02,-0.24,-5.99,-1.40,2.53,2.48"
"511.55,0.26,-6.28,0.93,0.84,-6.35,1.67,2.54,2.47"
"512.56,1.40,-10.05,1.56,1.11,-7.55,1.47,2.53,2.47"
"513.57,-0.04,-11.37,-1.49,-0.52,-8.60,-1.76,2.52,2.49"
"514.58,2.66,-12.38,2.94,-0.63,-15.68,1.91,2.53,2.49"
"515.59,-1.06,-11.48,-2.80,1.66,-8.19,-2.14,2.53,2.47"
"516.60,-0.64,-9.31,-0.96,3.46,-9.61,0.56,2.55,2.48"
"517.61,-4.09,-4.85,-3.40,-2.42,-8.19,-2.79,2.52,2.47"
"518.62,0.02,-8.53,-1.36,-0.65,-10.51,-0.38,2.54,2.48"
"519.63,2.01,-10.68,2.13,1.12,-11.68,0.04,2.52,2.48"
"520.64,-5.30,-6.54,-2.13,-1.16,-3.17,-1.29,2.56,2.47"
"521.65,2.54,-9.47,1.92,2.68,-7.56,0.72,2.53,2.50"
"522.66,-0.57,-11.48,-2.63,0.49,-8.75,-1.52,2.53,2.46"
"523.67,-0.14,-13.23,1.13,0.94,-9.28,3.38,2.53,2.49"
"524.68,3.69,-8.10,1.48,1.52,-7.23,-1.50,2.53,2.49"
"525.69,1.29,-8.71,0.76,2.06,-12.36,0.57,2.54,2.48"
"526.70,4.48,-8.37,1.81,3.71,-8.84,2.20,2.53,2.49"
"527.71,-0.73,-7.04,-1.69,-0.68,-5.47,-1.87,2.54,2.47"
"528.72,1.72,-10.59,1.26,2.58,-8.71,1.06,2.51,2.48"
"529.73,-0.79,-4.87,-0.20,1.42,-1.78,1.07,2.52,2.48"
"530.74,-1.80,-14.97,-1.67,0.13,-4.67,-1.21,2.53,2.47"
"531.75,-0.08,-9.11,2.57,1.92,-13.62,2.15,2.52,2.48"
"532.76,1.24,-7.75,-0.03,-0.11,-8.42,-1.32,2.54,2.49"
"533.77,1.26,-8.89,0.27,-0.06,-8.60,0.28,2.54,2.48"
"534.78,4.04,-9.47,0.99,1.61,-9.94,0.26,2.53,2.49"
"535.79,-0.54,-10.24,0.21,1.34,-13.05,0.91,2.51,2.47"
"536.80,0.80,-4.60,-1.95,-0.80,-17.83,-2.93,2.52,2.47"
"537.81,-0.16,-13.58,-0.19,-2.18,-11.30,0.74,2.52,2.46"
"538.82,1.25,-6.94,1.61,2.42,-8.36,1.47,2.54,2.48"
"539.83,3.12,-6.01,2.09,1.63,-13.03,1.60,2.55,2.49"
"540.84,3.81,-11.66,3.84,2.66,-13.45,1.22,2.52,2.47"
"541.85,1.68,-8.17,1.26,3.59,-5.70,1.82,2.54,2.48"
"542.86,-1.01,-8.34,0.03,-0.27,-5.64,1.39,2.53,2.48"
"543.87,-5.62,-16.85,-2.04,-0.22,-8.27,0.29,2.53,2.47"
"544.88,1.75,-8.04,0.94,5.85,-7.88,2.15,2.52,2.47"
"545.89,-1.20,-9.96,-0.15,0.18,-9.91,-0.84,2.53,2.49"
"546.90,1.19,-5.86,1.13,-2.88,-14.68,-0.80,2.54,2.49"
"547.91,0.34,-9.59,-1.29,3.74,-16.57,-0.30,2.54,2.50"
"548.91,0.04,-7.50,-1.05,-1.00,-11.03,-2.54,2.53,2.47"
"549.92,5.35,-6.82,4.67,3.81,-8.09,3.73,2.52,2.48"
"550.94,-1.22,-11.25,0.45,0.82,-9.08,0.99,2.52,2.47"
"551.95,3.43,-8.62,-0.69,-0.30,-11.31,-2.08,2.52,2.47"
"552.95,1.39,-10.54,0.14,1.12,-10.73,-0.12,2.54,2.49"
"553.96,3.37,-11.75,1.07,-0.77,-12.99,-1.68,2.52,2.47"
"554.97,-0.89,-11.09,-2.20,-0.01,-12.50,-1.73,2.51,2.49"
"555.98,0.58,-13.55,1.63,0.33,-13.47,0.79,2.52,2.49"
"556.99,-1.43,-13.26,-2.23,1.88,-8.85,-1.39,2.54,2.48"
"558.00,1.55,-10.78,3.21,2.36,-12.74,3.13,2.53,2.47"
"559.01,0.57,-8.72,0.03,-2.19,-10.62,-2.01,2.53,2.47"
"560.02,2.05,-6.75,-0.59,-2.01,-5.25,-1.30,2.53,2.48"
"561.03,2.55,-11.25,-0.80,1.99,-9.75,-0.55,2.54,2.49"
"562.04,1.49,-8.43,-1.59,-0.39,-9.94,-2.15,2.53,2.49"
"563.05,-0.69,-10.23,2.17,3.60,-8.84,4.06,2.53,2.48"
"564.06,5.43,-7.31,2.13,0.31,-13.07,-0.74,2.51,2.48"
"565.07,1.46,-10.40,2.84,-1.26,-16.74,1.30,2.52,2.47"
"566.08,2.90,-7.62,-1.17,1.62,-11.29,-2.17,2.52,2.48"
"567.09,2.43,-13.47,0.43,3.17,-11.68,1.86,2.53,2.48"
"568.10,0.44,-15.13,2.23,2.24,-15.37,2.79,2.52,2.49"
"569.11,-0.04,-10.81,-0.01,-0.22,-7.09,-0.02,2.53,2.48"
"570.12,-2.79,-13.99,-1.45,-0.56,-12.61,-0.18,2.52,2.47"
"571.13,0.37,-13.24,-0.17,-0.76,-10.54,-0.38,2.53,2.48"
"572.14,0.80,-7.81,1.09,1.19,-7.60,0.98,2.52,2.47"
"573.15,0.80,-10.97,-1.08,-1.56,-9.92,-1.37,2.52,2.49"
"574.16,0.68,-9.76,-0.95,0.26,-12.69,-1.28,2.53,2.49"
"575.17,1.26,-9.15,2.78,0.43,-10.34,1.78,2.53,2.48"
"576.18,1.77,-11.53,1.38,-2.01,-17.01,-0.78,2.55,2.48"
"577.19,-0.04,-10.34,-0.39,0.21,-11.64,-0.37,2.53,2.49"
"578.20,-1.09,-6.73,0.54,0.08,-9.57,-0.01,2.52,2.48"
"579.21,2.09,-13.77,1.15,-0.17,-7.35,-0.17,2.52,2.48"
"580.22,0.67,-10.81,-1.18,0.25,-4.08,-1.29,2.54,2.46"
"581.23,3.55,-5.84,0.60,5.01,-9.96,0.13,2.52,2.49"
"582.24,1.07,-8.56,1.97,0.63,-9.61,2.45,2.55,2.48"
"583.25,0.05,-4.78,1.40,2.07,-2.23,2.36,2.53,2.49"
"584.26,-2.89,-12.12,1.96,2.89,-7.72,4.57,2.54,2.48"
"585.27,1.70,-13.59,-2.70,1.28,-13.88,-0.98,2.53,2.48"
"586.28,-1.16,-8.31,-1.89,-2.89,-13.14,-2.85,2.51,2.48"
"587.29,5.77,-5.66,1.79,-0.34,-7.69,0.46,2.51,2.49"
"588.30,-2.19,-9.21,-2.88,-3.46,-11.78,-2.09,2.53,2.47"
"589.31,2.48,-8.36,1.79,0.11,-8.63,1.29,2.52,2.47"
"590.32,-2.86,-17.93,-1.99,1.69,-7.53,1.82,2.55,2.47"
"591.33,0.31,-6.76,-1.54,0.69,-0.42,-1.07,2.53,2.48"
"592.34,1.06,-10.44,-0.23,0.72,-11.07,-0.15,2.53,2.47"
"593.34,-3.43,-8.66,-1.90,-1.14,-8.53,2.02,2.53,2.48"
"594.35,0.64,-4.72,-0.51,0.53,-7.32,-0.35,2.53,2.50"
"595.36,-1.79,-10.55,-3.22,0.99,-8.72,-1.51,2.53,2.47"
"596.37,1.26,-11.05,0.32,1.85,-9.53,0.63,2.53,2.49"
"597.39,2.25,-12.39,1.59,4.79,-10.68,1.90,2.52,2.48"
"598.39,-0.59,-13.91,-3.37,0.40,-8.26,-2.72,2.54,2.48"
"599.40,1.14,-7.29,0.53,2.13,-7.53,2.55,2.52,2.46"
"600.41,1.53,-8.66,0.16,-3.16,-15.58,-2.59,2.53,2.48"
"601.42,5.27,-7.98,2.11,3.85,-7.20,3.32,2.53,2.49"
"602.43,4.10,-10.03,3.20,4.18,-8.26,2.18,2.52,2.48"
"603.44,1.40,-15.06,-2.92,2.68,-12.04,-1.26,2.53,2.48"
"604.45,-1.88,-9.26,-0.44,-0.08,-11.47,-0.28,2.53,2.48"
"605.46,0.52,-12.43,0.06,0.79,-9.70,-0.42,2.53,2.48"
"606.47,2.52,-7.01,0.62,-1.03,-11.43,1.03,2.53,2.47"
"607.48,-4.62,-14.10,-4.57,0.42,-10.08,-0.97,2.53,2.51"
"608.49,1.09,-9.78,0.65,4.84,-5.77,3.30,2.52,2.47"
"609.50,-1.87,-11.26,-0.38,0.34,-8.47,0.42,2.52,2.48"
"610.51,3.71,-7.15,-0.18,1.39,-14.44,0.09,2.54,2.47"
"611.52,1.46,-2.78,0.64,0.89,-7.73,1.79,2.53,2.47"
"612.53,-0.34,-14.84,-0.66,0.34,-5.71,-0.28,2.53,2.49"
"613.54,2.37,-6.44,-0.02,-0.74,-12.84,-1.62,2.52,2.49"
"614.55,3.42,-8.36,1.59,2.90,-14.36,0.76,2.52,2.51"
"615.56,3.10,-10.21,0.34,2.76,-13.05,1.22,2.53,2.48"
"616.57,1.02,-13.13,0.39,2.53,-12.65,0.48,2.53,2.51"
"617.58,1.94,-6.61,3.00,0.23,-11.88,0.99,2.53,2.47"
"618.59,-0.84,-11.18,0.50,1.88,-7.28,2.41,2.52,2.48"
"619.60,-1.87,-12.51,3.46,4.92,-4.70,3.52,2.54,2.48"
"620.61,-0.18,-9.90,0.11,1.09,-9.20,0.08,2.51,2.49"
"621.62,2.39,-9.96,0.20,0.61,-6.35,0.87,2.52,2.48"
"622.63,-1.27,-9.08,1.92,1.07,-11.80,1.67,2.53,2.48"
"623.64,0.94,-9.59,0.12,1.75,-14.90,-0.77,2.53,2.49"
"624.65,-2.87,-11.41,-3.00,-3.05,-7.13,-1.68,2.53,2.48"
"625.66,3.22,-13.13,1.41,1.12,-12.25,0.86,2.53,2.49"
"626.67,-0.91,-12.88,-1.09,-0.76,-12.43,0.29,2.53,2.47"
"627.68,2.43,-5.46,2.78,0.16,-4.24,0.85,2.52,2.48"
"628.69,-0.01,-9.20,-5.42,1.48,-11.16,-4.11,2.53,2.48"
"629.70,2.04,-11.25,-1.13,1.86,-7.67,-1.23,2.52,2.48"
"630.71,-1.14,-13.33,0.62,1.68,-10.04,0.60,2.54,2.50"
"631.72,3.32,-10.26,-3.21,2.89,-7.03,-2.92,2.53,2.49"
"632.73,-0.24,-9.57,0.37,3.02,-9.31,2.55,2.52,2.49"
"633.74,3.64,-0.65,3.43,-0.54,-8.37,0.11,2.53,2.48"
"634.75,-0.34,-17.04,-1.82,1.70,-19.17,-1.70,2.54,2.50"
"635.76,1.30,-12.69,1.71,2.92,-12.60,-0.12,2.54,2.50"
"636.77,1.39,-9.73,-0.75,-1.13,-10.40,-2.15,2.52,2.48"
"637.78,0.86,-9.14,0.63,-0.03,-9.66,-0.03,2.53,2.48"
"638.78,2.17,-11.02,-0.81,-1.01,-10.84,-2.79,2.53,2.48"
"639.79,0.27,-10.96,0.44,0.94,-12.33,0.18,2.53,2.48"
"640.80,1.48,-8.91,3.11,-0.05,-10.53,2.40,2.54,2.48"
"641.81,2.98,-7.51,-0.43,-0.53,-11.87,-3.01,2.52,2.49"
"642.82,0.13,-10.22,-1.39,-1.74,-9.64,-1.71,2.51,2.48"
"643.83,2.09,-6.34,1.15,3.41,-4.09,2.43,2.52,2.49"
"644.84,-2.58,-10.85,-1.63,2.13,-11.48,0.75,2.52,2.48"
"645.85,0.85,-11.24,1.55,1.87,-10.13,2.00,2.54,2.46"
"646.86,-0.96,-11.31,-4.05,1.54,-10.73,-3.55,2.54,2.48"
"647.87,4.68,-10.90,4.02,-1.51,-10.34,-0.72,2.52,2.47"
"648.88,1.58,-9.55,0.73,-1.07,-12.22,-0.59,2.53,2.49"
"649.89,-2.35,-7.26,0.40,2.04,-6.78,0.74,2.52,2.47"
"650.90,3.79,-6.41,-2.53,-0.81,-11.26,-3.70,2.52,2.49"
"651.91,1.04,-11.66,-0.41,-2.54,-11.48,-1.99,2.53,2.47"
"652.92,1.29,-12.50,1.25,1.72,-10.49,-0.15,2.53,2.47"
"653.93,-4.30,-9.50,-3.87,-0.78,-4.45,-1.52,2.53,2.48"
"654.94,3.33,-12.65,-1.02,1.38,-7.16,0.69,2.53,2.49"
"655.95,0.95,-8.86,-0.33,1.88,-16.61,-0.01,2.51,2.48"
"656.96,1.46,-3.47,0.21,1.17,-3.73,0.43,2.53,2.50"
"657.97,-1.43,-8.60,1.47,1.02,-9.58,1.13,2.53,2.47"
"658.98,-0.05,-12.08,0.27,0.21,-9.05,0.80,2.52,2.48"
"659.99,2.26,-8.78,-0.30,-0.00,-12.59,-1.38,2.52,2.48"
"661.00,-2.54,-8.00,1.24,1.06,-3.37,2.56,2.52,2.47"
"662.01,2.96,-12.18,-0.20,-1.13,-13.72,-0.54,2.52,2.49"
"663.02,5.98,-7.68,3.77,0.34,-13.82,3.59,2.52,2.46"
"664.03,1.45,-10.74,-0.11,-0.16,-12.52,-0.41,2.53,2.49"
"665.04,2.34,-10.71,0.57,1.06,-12.89,-0.33,2.53,2.48"
"666.05,2.34,-8.09,4.17,-0.70,-10.02,2.39,2.54,2.50"
"667.06,-1.60,-9.60,-0.74,0.08,-9.95,-0.09,2.54,2.45"
"668.07,1.66,-9.74,-1.89,1.86,-9.87,-2.29,2.52,2.47"
"669.08,-0.73,-9.79,-0.32,2.52,-10.82,0.55,2.52,2.48"
"670.09,1.47,-11.32,-1.31,0.63,-11.42,-1.45,2.53,2.49"
"671.10,-2.09,-17.01,0.86,2.78,-11.49,2.48,2.52,2.49"
"672.11,0.60,-12.36,-1.98,1.64,-10.36,-4.76,2.53,2.48"
"673.12,2.66,-9.79,1.06,-0.58,-13.20,-1.35,2.52,2.48"
"674.13,2.75,-7.83,1.99,0.32,-8.43,1.44,2.52,2.46"
"675.14,-4.67,-7.12,-4.47,-3.06,-12.30,-3.88,2.53,2.47"
"676.15,0.08,-13.75,-0.60,-1.95,-11.34,-1.00,2.53,2.48"
"677.16,-2.53,-11.77,-0.44,-0.67,-1.77,1.60,2.51,2.47"
"678.17,-2.00,-3.52,-1.23,-1.53,-2.16,-2.81,2.52,2.48"
"679.18,0.02,-5.83,1.41,0.87,-5.20,1.95,2.52,2.48"
"680.19,-2.35,-10.84,-3.75,0.38,-7.73,-2.00,2.52,2.50"
"681.20,0.26,-8.07,0.45,0.32,-7.58,1.48,2.53,2.48"
"682.21,2.02,-8.90,0.78,2.33,-11.59,-0.50,2.53,2.49"
"683.22,0.02,-8.99,-0.28,0.49,-10.45,-0.06,2.54,2.49"
"684.22,2.07,-10.47,0.51,1.62,-12.50,1.49,2.53,2.50"
"685.23,-1.06,-14.01,2.31,1.00,-7.28,0.64,2.55,2.47"
"686.24,0.10,-8.34,-1.28,1.98,-7.68,-0.63,2.53,2.48"
"687.25,-0.83,-9.61,-0.14,-1.81,-11.08,0.30,2.50,2.49"
"688.26,2.09,-11.37,-3.00,-0.93,-7.63,-3.55,2.54,2.48"
"689.27,1.90,-12.08,0.50,2.07,-10.62,2.15,2.53,2.50"
"690.28,3.88,-9.10,-0.77,-0.77,-14.98,-2.12,2.52,2.47"
"691.29,-0.10,-9.38,4.02,7.10,-4.86,5.21,2.53,2.49"
"692.30,0.03,-10.54,-0.85,2.30,-8.96,-0.41,2.52,2.47"
"693.31,-0.50,-11.67,0.31,-1.35,-9.36,0.11,2.51,2.48"
"694.32,0.23,-9.28,-2.01,3.03,-5.65,-1.58,2.52,2.49"
"695.33,-1.66,-10.41,-3.83,-0.75,-12.00,-1.93,2.51,2.48"
"696.34,1.40,-9.45,3.01,1.19,-13.05,2.03,2.53,2.48"
"697.35,2.77,-7.21,-3.34,1.18,-12.77,-3.18,2.51,2.46"
"698.36,-0.22,-8.48,-1.78,-4.02,-12.04,-2.65,2.51,2.48"
"699.37,0.53,-4.71,-0.83,0.46,-1.66,-0.61,2.51,2.48"
"700.38,-1.32,-12.54,-0.80,1.21,-7.76,-0.51,2.54,2.49"
"701.39,-0.04,-5.83,-1.34,-0.17,-7.38,-0.40,2.51,2.49"
"702.40,-0.59,-8.51,0.50,-0.46,-14.96,0.61,2.52,2.48"
"703.41,2.95,-10.70,-0.52,3.06,-13.24,-0.39,2.50,2.47"
"704.42,6.18,-12.38,0.67,-0.69,-12.98,-0.48,2.51,2.47"
"705.43,-0.73,-5.96,-1.57,2.76,-8.66,0.24,2.50,2.50"
"706.44,-2.77,-10.82,0.71,1.23,-8.12,2.12,2.52,2.48"
"707.45,1.92,-9.65,0.45,2.02,-8.65,0.41,2.52,2.49"
"708.46,-0.48,-13.15,-0.25,1.55,-9.48,0.21,2.52,2.49"
"709.47,1.60,-6.12,2.83,4.87,-2.73,3.96,2.53,2.47"
"710.48,6.45,-4.64,5.69,0.78,-11.24,0.72,2.53,2.47"
"711.49,1.66,-8.63,1.66,-0.81,-10.64,-0.41,2.52,2.47"
"712.50,1.35,-9.75,-0.61,-2.04,-12.14,-0.50,2.52,2.48"
"713.51,1.69,-8.63,1.61,0.59,-7.91,1.05,2.52,2.48"
"714.52,1.68,-9.52,1.16,-0.60,-10.21,1.58,2.51,2.48"
"715.53,-0.56,-9.89,-2.44,-0.65,-6.41,-2.54,2.51,2.47"
"716.54,0.47,-16.31,-1.09,1.68,-8.98,0.55,2.52,2.48"
"717.55,0.47,-11.86,-0.11,-0.50,-15.92,-0.55,2.53,2.50"
"718.56,2.75,-13.07,-1.94,-0.72,-9.39,-2.66,2.52,2.49"
"719.57,1.21,-10.57,-0.55,2.38,-13.51,-0.18,2.51,2.48"
"720.58,2.77,-7.05,-0.21,-1.64,-19.76,-2.16,2.51,2.49"
"721.59,0.71,-7.82,1.61,0.83,-3.99,1.06,2.50,2.48"
"722.60,3.16,-8.11,0.60,1.23,-11.14,1.08,2.51,2.47"
"723.61,3.35,-5.75,1.10,0.50,-8.65,-1.22,2.53,2.48"
"724.62,4.08,-13.49,2.69,0.22,-12.61,1.15,2.51,2.48"
"725.63,2.35,-11.37,1.54,1.32,-7.92,1.47,2.53,2.48"
"726.64,-0.19,-7.55,-0.27,-0.22,-7.80,0.10,2.52,2.48"
"727.65,-0.48,-6.11,-2.30,2.02,-3.28,-1.09,2.52,2.46"
"728.65,6.34,-9.90,4.47,1.23,-17.66,1.93,2.54,2.50"
"729.66,-0.19,-10.57,-2.40,-2.78,-11.25,-2.38,2.51,2.49"
"730.67,-1.60,-10.48,-0.49,0.37,-8.62,0.66,2.51,2.48"
"731.68,0.68,-9.09,-0.26,1.84,-12.03,-1.69,2.52,2.47"
"732.69,0.52,-6.57,-1.26,1.28,-9.34,-1.16,2.53,2.48"
"733.70,1.02,-7.15,-0.65,2.50,-7.88,-1.34,2.52,2.49"
"734.71,1.91,-12.19,2.82,-2.43,-12.69,3.94,2.53,2.48"
"735.72,-0.03,-8.64,-2.20,1.95,-8.40,-1.39,2.52,2.48"
"736.73,-1.71,-9.96,0.99,-0.54,-12.20,0.94,2.52,2.48"
"737.74,1.07,-12.03,-1.63,-0.90,-8.29,-2.37,2.52,2.49"
"738.75,3.28,-6.17,0.11,1.76,-5.73,-0.92,2.52,2.49"
"739.76,-2.16,-6.54,1.40,-0.33,-5.57,3.01,2.52,2.46"
"740.77,-0.30,-9.90,-2.24,-2.16,-11.58,-3.78,2.52,2.48"
"741.78,1.84,-10.39,0.60,1.16,-11.42,-1.69,2.52,2.48"
"742.79,1.45,-11.08,-0.39,1.01,-11.32,-0.40,2.53,2.48"
"743.80,1.30,-11.26,-0.70,-1.05,-14.72,-1.28,2.52,2.50"
"744.81,0.02,-10.34,-2.13,-0.11,-8.92,-1.92,2.51,2.47"
"745.82,0.75,-12.24,0.99,0.95,-7.06,1.45,2.53,2.49"
"746.83,-0.19,-6.68,-0.51,1.92,-4.81,0.60,2.55,2.47"
"747.84,-1.77,-13.09,-0.56,2.69,-12.41,-0.54,2.52,2.48"
"748.85,-2.05,-13.06,-3.52,-3.23,-4.42,-3.87,2.52,2.48"
"749.86,0.96,-8.46,1.11,-1.07,-14.41,0.34,2.53,2.48"
"750.87,2.32,-10.10,0.51,2.05,-9.44,0.51,2.53,2.49"
"751.88,1.75,-9.11,-0.89,1.74,-11.19,-0.03,2.52,2.49"
"752.89,-2.67,-14.79,0.19,-0.06,-14.19,1.37,2.52,2.49"
"753.90,-4.53,-10.60,2.02,0.48,-5.37,4.43,2.53,2.48"
"754.91,1.29,-10.77,3.15,1.12,-10.61,2.04,2.53,2.48"
"755.92,-1.04,-11.15,-4.41,0.15,-2.60,-2.03,2.49,2.49"
"756.93,0.54,-10.77,0.38,0.95,-10.21,0.79,2.51,2.49"
"757.94,1.71,-12.20,-0.53,1.88,-14.85,-0.01,2.53,2.48"
"758.95,0.51,-10.19,-0.55,1.46,-8.53,-0.93,2.53,2.48"
"759.96,4.70,-6.93,1.37,2.47,-15.28,-1.36,2.50,2.49"
"760.97,0.05,-6.11,2.79,3.14,-3.00,1.96,2.53,2.49"
"761.98,3.45,-7.74,3.08,4.29,-9.76,1.32,2.54,2.47"
"762.99,0.01,-9.24,-0.72,1.88,-4.59,0.46,2.52,2.47"
"764.00,-2.82,-6.45,-1.13,1.57,-4.25,0.12,2.52,2.49"
"765.01,-0.17,-6.52,0.67,0.66,-12.91,1.48,2.52,2.49"
"766.02,-2.58,-9.62,-2.27,-0.76,-9.33,-1.69,2.52,2.47"
"767.03,1.81,-14.71,1.79,3.44,-9.34,1.83,2.53,2.48"
"768.03,0.07,-11.04,1.24,2.41,-10.87,3.03,2.52,2.49"
"769.04,0.64,-7.33,0.22,-0.24,-13.73,0.35,2.52,2.48"
"770.05,1.56,-9.77,0.30,0.74,-10.51,0.37,2.51,2.48"
"771.06,0.85,-6.28,-1.92,-2.72,-12.08,-3.07,2.51,2.47"
"772.08,-2.84,-3.81,0.13,1.75,-2.63,2.51,2.52,2.48"
"773.09,2.19,-10.42,-0.14,1.22,-11.46,-2.27,2.51,2.47"
"774.09,2.36,-4.34,2.18,-0.00,-6.11,0.30,2.52,2.48"
"775.10,-0.97,-11.06,0.33,-0.49,-10.62,0.26,2.52,2.47"
"776.11,-0.00,-10.81,-2.60,-2.49,-13.63,-3.73,2.53,2.49"
"777.12,-2.80,-12.83,-0.53,-1.54,-10.87,-1.29,2.53,2.50"
"778.13,0.47,-7.02,0.70,6.37,-9.26,3.89,2.51,2.47"
"779.14,-0.64,-10.61,-2.44,-0.53,-10.09,-1.80,2.52,2.50"
"780.15,2.34,-10.49,1.86,3.27,-8.40,1.65,2.52,2.49"
"781.16,3.27,-8.59,0.90,1.81,-14.00,-1.15,2.51,2.49"
"782.17,-0.97,-13.57,-0.63,-1.43,-12.56,-0.55,2.53,2.50"
"783.18,3.70,-11.98,3.05,1.69,-8.16,2.46,2.53,2.49"
"784.19,0.12,-10.81,-0.72,2.50,-8.85,-0.93,2.51,2.49"
"785.20,-0.93,-13.30,1.13,2.53,-7.40,3.04,2.54,2.49"
"786.21,0.08,-9.62,1.16,-0.27,-11.30,0.63,2.52,2.48"
"787.22,1.92,-7.40,0.32,2.10,-8.37,0.04,2.51,2.49"
"788.23,1.71,-11.97,0.92,1.35,-12.48,-0.77,2.52,2.50"
"789.24,-0.02,-11.19,1.50,1.00,-12.64,1.04,2.53,2.49"
"790.25,-0.73,-11.65,-0.60,-2.44,-12.38,-1.21,2.51,2.49"
"791.26,2.00,-2.40,1.17,-1.73,-8.74,-0.19,2.51,2.49"
"792.27,0.76,-10.26,-1.28,0.39,-11.93,-2.13,2.52,2.48"
"793.28,0.09,-8.65,-0.88,0.10,-7.37,0.45,2.52,2.49"
"794.29,0.60,-10.50,-0.28,1.51,-9.90,0.25,2.52,2.49"
"795.30,1.26,-9.89,-1.10,0.13,-9.21,-1.25,2.53,2.48"
"796.31,3.13,-3.96,0.47,-1.82,-11.41,-0.42,2.52,2.49"
"797.32,0.61,-11.03,0.74,-2.59,-11.90,0.35,2.53,2.49"
"798.33,1.03,-10.32,1.39,4.01,-8.20,3.60,2.52,2.50"
"799.34,0.18,-12.02,-4.24,-0.05,-9.79,-4.67,2.54,2.48"
"800.35,0.99,-11.14,0.18,0.76,-11.47,0.88,2.52,2.48"
"801.36,-1.20,-5.26,-2.53,0.74,-6.55,-0.83,2.52,2.46"
"802.37,2.35,-7.90,3.26,-0.99,-11.97,1.75,2.52,2.48"
"803.38,-3.42,-10.74,-0.82,1.59,-3.76,0.40,2.53,2.47"
"804.39,5.53,-2.39,2.40,-2.30,-10.58,0.73,2.52,2.50"
"805.40,2.08,-12.35,2.83,0.26,-11.09,2.62,2.52,2.48"
"806.41,1.46,-9.62,0.18,0.10,-12.94,-1.40,2.51,2.48"
"807.42,2.66,-6.19,0.66,-0.40,-7.19,-0.99,2.53,2.48"
"808.43,0.51,-6.89,0.00,-0.31,-4.99,0.00,2.52,2.48"
"809.44,1.21,-6.49,-0.42,1.03,-4.54,-0.84,2.52,2.50"
"810.45,2.55,-11.86,3.16,3.63,-13.46,3.74,2.52,2.48"
"811.46,2.26,-8.44,-0.42,0.56,-10.81,-0.07,2.52,2.47"
"812.47,0.27,-9.86,0.85,-0.23,-5.69,-0.09,2.53,2.49"
"813.47,-1.45,-5.59,-0.96,0.75,-5.79,-0.54,2.53,2.48"
"814.48,-1.03,-9.59,-0.71,2.23,-5.88,-1.10,2.52,2.49"
"815.50,0.66,-13.38,-1.62,-1.29,-11.19,-1.93,2.53,2.49"
"816.50,3.77,-7.00,2.52,-0.52,-13.40,-0.11,2.53,2.48"
"817.51,-1.58,-15.00,1.59,0.54,-9.63,2.86,2.54,2.48"
"818.52,4.75,-7.40,4.30,1.77,-9.50,1.61,2.52,2.49"
"819.53,0.73,-5.42,-0.47,1.19,-5.50,-1.12,2.53,2.49"
"820.54,0.22,-11.27,-1.24,-2.84,-10.02,-1.11,2.50,2.48"
"821.55,-1.31,-14.42,-1.34,-3.74,-9.51,-1.30,2.54,2.49"
"822.56,0.85,-9.31,-1.88,0.04,-10.61,-2.56,2.52,2.48"
"823.57,-1.26,-9.53,0.15,1.07,-11.08,2.32,2.52,2.47"
"824.58,-0.06,-16.35,3.25,2.83,-11.34,2.90,2.52,2.47"
"825.59,1.51,-11.76,0.22,1.13,-10.82,-0.98,2.52,2.49"
"826.60,-2.44,-8.20,-0.56,0.25,-13.14,1.07,2.52,2.48"
"827.61,0.52,-10.93,0.06,-1.07,-10.86,-0.68,2.53,2.48"
"828.62,1.36,-7.24,-0.40,-2.30,-12.84,-1.48,2.53,2.49"
"829.63,-0.35,-8.65,1.60,0.34,-2.87,2.13,2.52,2.48"
"830.64,-1.52,-8.34,0.48,2.37,-5.83,1.59,2.52,2.48"
"831.65,-0.57,-6.27,1.93,-1.59,-7.40,0.62,2.52,2.48"
"832.66,1.37,-7.09,0.92,1.25,-8.76,1.47,2.52,2.49"
"833.67,0.68,-8.71,1.10,2.42,-8.95,-0.49,2.53,2.49"
"834.68,-1.41,-12.37,-1.43,2.07,-10.62,0.11,2.53,2.50"
"835.69,2.94,-10.38,1.68,1.02,-10.11,-1.11,2.52,2.48"
"836.70,-0.84,-9.96,-1.36,0.44,-10.18,-0.73,2.55,2.49"
"837.71,0.40,-11.56,-0.93,0.41,-10.09,-0.45,2.53,2.49"
"838.72,0.22,-6.25,0.03,-2.24,-10.45,-0.87,2.52,2.48"
"839.73,0.11,-13.82,0.38,2.43,-10.83,0.39,2.52,2.50"
"840.74,0.93,-8.90,1.55,1.80,-7.91,1.38,2.52,2.49"
"841.75,-0.89,-8.65,-1.91,-0.77,-12.50,-1.07,2.53,2.48"
"842.76,3.35,-10.69,-0.38,0.11,-15.79,-2.02,2.51,2.49"
"843.77,-0.16,-9.00,-0.43,0.81,-9.72,-0.12,2.52,2.49"
"844.78,1.82,-6.00,-3.90,-0.81,-9.80,-4.47,2.51,2.48"
"845.79,-2.46,-9.22,1.76,2.03,-7.86,2.44,2.52,2.50"
"846.80,2.41,-6.13,0.80,-0.20,-7.01,-0.44,2.51,2.48"
"847.81,-4.35,-16.57,1.43,3.75,-6.93,3.48,2.53,2.48"
"848.82,-1.00,-6.72,-0.19,3.05,-11.08,2.57,2.53,2.50"
"849.83,-2.82,-10.53,-2.43,1.81,-6.70,0.14,2.52,2.48"
"850.84,-3.45,-14.76,-4.18,-3.42,-11.46,-2.26,2.52,2.47"
"851.85,-0.39,-7.66,1.02,2.09,-5.21,1.17,2.53,2.49"
"852.86,-1.30,-15.53,-2.57,-4.19,-18.06,-2.30,2.53,2.49"
"853.87,0.57,-7.79,-0.60,0.25,-10.94,1.33,2.54,2.50"
"854.88,1.26,-10.50,-1.63,2.49,-6.73,0.65,2.53,2.48"
"855.89,2.69,-8.84,2.98,-0.40,-11.40,1.18,2.53,2.48"
"856.90,0.30,-7.39,-0.74,-1.06,-8.50,-1.16,2.53,2.49"
"857.91,0.15,-10.75,0.64,-2.76,-11.93,-0.34,2.53,2.48"
"858.91,-1.07,-11.78,-2.71,0.57,-10.41,-0.22,2.52,2.47"
"859.92,0.06,-10.59,-0.29,3.03,-4.82,1.16,2.52,2.49"
"860.94,3.05,-9.66,3.02,1.62,-11.87,2.47,2.51,2.49"
"861.94,-1.83,-8.83,0.78,0.17,-7.75,2.04,2.53,2.48"
"862.95,0.16,-11.62,0.84,-1.10,-12.62,-0.67,2.54,2.48"
"863.96,-0.35,-4.15,4.46,2.08,-6.72,2.44,2.53,2.50"
"864.97,-0.30,-4.98,-1.54,1.44,-10.51,-0.64,2.53,2.49"
"865.98,1.88,-11.19,0.00,1.80,-11.64,-0.66,2.53,2.47"
"866.99,2.96,-5.56,0.26,-1.20,-6.79,-0.35,2.53,2.49"
"868.00,3.50,-6.09,1.77,2.92,-12.89,3.20,2.53,2.50"
"869.01,-1.67,-2.69,2.22,1.52,-8.94,2.08,2.52,2.47"
"870.02,2.85,-8.10,0.05,0.85,-3.88,-0.54,2.53,2.49"
"871.03,-1.89,-13.24,-0.45,1.28,-10.20,0.74,2.51,2.48"
"872.04,-1.16,-12.55,-1.94,3.27,-2.36,-0.82,2.53,2.49"
"873.05,1.55,-11.19,0.22,-0.46,-14.37,0.01,2.53,2.50"
"874.06,0.95,-9.18,-0.83,-2.82,-11.79,-1.50,2.52,2.48"
"875.07,1.74,-13.96,1.94,1.92,-9.88,2.99,2.52,2.47"
"876.08,-0.31,-7.91,1.25,0.96,-7.22,1.02,2.52,2.49"
"877.09,-1.39,-10.09,0.28,-1.88,-10.73,-0.05,2.53,2.50"
"878.10,-0.43,-15.94,-1.23,-0.31,-10.80,-1.62,2.53,2.49"
"879.11,3.78,-16.43,2.88,2.23,-20.69,1.55,2.51,2.49"
"880.12,-0.99,-8.97,-1.70,-2.04,-12.84,-1.00,2.53,2.49"
"881.13,0.97,-16.70,-2.94,-1.15,-10.78,-0.72,2.53,2.48"
"882.14,4.43,-9.74,2.74,0.61,-13.24,-0.15,2.53,2.48"
"883.15,0.26,-7.92,2.32,6.54,-7.58,2.10,2.51,2.47"
"884.16,2.13,-13.64,3.67,-0.50,-12.41,1.34,2.54,2.49"
"885.17,1.32,-14.53,-0.10,-0.85,-12.31,-1.75,2.53,2.47"
"886.18,0.13,-5.04,2.68,1.71,-9.06,1.88,2.53,2.48"
"887.19,1.48,-12.68,1.92,0.34,-10.44,1.00,2.53,2.48"
"888.20,-1.25,-14.62,1.53,1.35,-11.78,0.51,2.52,2.45"
"889.21,-0.12,-8.47,-0.66,1.75,-10.20,0.83,2.53,2.48"
"890.22,1.18,-7.85,0.99,-0.31,-9.88,-0.93,2.54,2.49"
"891.23,-0.80,-15.43,-3.56,-0.88,-13.67,-1.92,2.52,2.47"
"892.24,-0.60,-10.29,-4.07,1.94,-13.74,-1.44,2.52,2.48"
"893.25,0.22,-9.57,0.85,4.38,-10.16,3.80,2.51,2.48"
"894.26,-0.86,-4.69,-3.72,-2.99,-8.33,-5.94,2.52,2.48"
"895.27,-2.70,-5.44,-2.84,-2.05,-6.86,-0.08,2.52,2.47"
"896.28,1.15,-9.55,2.17,1.65,-11.60,1.04,2.53,2.47"
"897.29,-0.42,-10.88,-0.55,0.41,-8.21,-2.03,2.52,2.48"
"898.30,-2.64,-3.53,-1.98,-2.04,-5.02,-2.10,2.53,2.46"
"899.31,-0.13,-9.33,-5.11,-1.68,-4.35,-5.04,2.51,2.48"
"900.32,-0.39,-10.71,-0.35,4.67,-4.97,0.59,2.50,2.49"
"901.33,1.60,-9.50,3.49,-0.77,-8.11,3.24,2.54,2.48"
"902.34,0.83,-18.66,-0.77,-2.23,-9.00,0.37,2.52,2.48"
"903.34,-2.19,-7.89,-0.29,-2.13,-6.17,3.44,2.53,2.50"
"904.35,0.46,-7.73,-1.47,1.09,-6.43,-1.21,2.51,2.47"
"905.36,0.08,-10.35,-0.38,0.01,-8.28,-0.67,2.52,2.48"
"906.37,-1.02,-11.93,-2.87,-3.54,-8.69,-0.11,2.52,2.47"
"907.38,-0.11,-7.21,0.66,-1.87,-7.48,-0.12,2.54,2.48"
"908.39,0.90,-4.79,-2.22,0.18,-1.86,0.26,2.52,2.48"
"909.40,3.70,-19.36,-2.85,-0.91,-15.30,-2.57,2.51,2.48"
"910.41,4.83,-7.55,2.83,3.40,-11.15,0.58,2.53,2.49"
"911.42,-1.60,-5.61,0.43,1.67,-6.39,1.48,2.53,2.47"
"912.43,0.56,-15.95,-2.92,1.41,-8.87,-3.57,2.52,2.47"
"913.44,4.11,-14.04,3.22,4.61,-12.66,1.76,2.54,2.48"
"914.45,3.54,-7.29,-0.70,-1.90,-8.77,-3.13,2.54,2.48"
"915.46,-0.51,-7.04,0.77,1.97,-7.24,2.27,2.53,2.47"
"916.47,2.00,-7.65,2.23,3.90,-11.64,1.94,2.52,2.46"
"917.48,-1.22,-10.45,-4.11,-2.05,-10.25,-2.75,2.53,2.48"
"918.49,0.86,-9.87,1.78,2.62,-11.39,3.27,2.53,2.48"
"919.50,1.28,-15.85,0.28,0.67,-15.97,3.09,2.52,2.49"
"920.51,0.58,-6.68,-1.54,-0.56,-12.49,-2.32,2.52,2.47"
"921.52,-0.17,-5.76,5.19,1.67,-6.62,4.17,2.54,2.49"
"922.53,-2.92,-10.15,-1.25,1.16,-8.81,0.27,2.52,2.49"
"923.54,0.14,-13.03,-0.27,2.82,-9.21,-0.14,2.55,2.48"
"924.55,-1.21,-6.38,-2.48,-0.88,-5.68,-1.58,2.52,2.48"
"925.56,0.67,-12.26,-0.42,-0.88,-10.03,-1.99,2.54,2.50"
"926.57,-3.31,-8.21,-3.85,-0.37,-14.03,-1.72,2.52,2.46"
"927.58,-0.61,-13.65,-0.58,0.40,-7.66,0.18,2.53,2.48"
"928.59,0.46,-10.41,3.79,0.82,-11.06,3.95,2.53,2.49"
"929.60,2.89,-11.35,5.62,5.10,-3.48,5.41,2.53,2.49"
"930.61,2.45,-10.39,1.52,5.15,-6.84,3.40,2.54,2.48"
"931.62,-3.22,-15.36,-2.57,-0.01,-7.55,-2.06,2.54,2.47"
"932.63,3.95,-8.34,1.77,-0.98,-7.64,-2.26,2.53,2.49"
"933.64,5.13,-4.39,4.11,5.59,-7.28,3.89,2.51,2.50"
"934.65,-3.74,-7.76,-0.34,-1.51,-7.10,3.26,2.53,2.48"
"935.66,3.66,-8.38,6.23,-0.04,-11.90,4.34,2.53,2.50"
"936.67,0.45,-10.86,1.15,-2.92,-16.52,0.42,2.51,2.48"
"937.68,-4.01,-7.90,-2.46,-2.41,-6.00,-0.22,2.53,2.47"
"938.69,-0.10,-15.21,-1.06,1.51,-11.43,1.13,2.52,2.47"
"939.70,4.83,-8.80,1.36,4.93,-9.22,1.12,2.52,2.48"
"940.71,1.38,-10.98,1.91,0.45,-8.93,2.03,2.53,2.48"
"941.72,-3.48,-6.37,-3.12,-3.87,-6.11,-1.49,2.53,2.50"
"942.73,1.61,-8.09,-0.86,0.97,-12.08,0.36,2.53,2.49"
"943.73,5.22,-7.78,5.39,1.10,-7.93,1.95,2.53,2.47"
"944.75,1.75,-12.20,4.47,-0.27,-6.47,0.96,2.52,2.48"
"945.76,-0.71,-7.06,0.93,-0.84,-10.50,-1.06,2.52,2.48"
"946.76,0.81,-10.60,5.14,5.99,-8.34,8.40,2.53,2.48"
"947.78,0.89,-16.22,1.84,0.77,-17.15,0.39,2.51,2.49"
"948.78,1.44,-4.23,-1.41,-1.65,-6.59,-1.61,2.53,2.49"
"949.79,2.43,-9.43,0.80,5.35,-3.17,3.29,2.51,2.50"
"950.80,-0.80,-11.66,-1.13,0.24,-6.56,-0.28,2.53,2.49"
"951.81,-0.54,-14.82,0.42,1.90,-11.95,1.61,2.50,2.48"
"952.82,-2.37,-13.84,-1.81,0.03,-7.13,-0.18,2.52,2.50"
"953.83,0.05,-9.57,2.16,3.86,-5.32,1.99,2.52,2.48"
"954.84,1.87,-12.07,-0.75,-0.34,-3.67,-5.30,2.54,2.50"
"955.85,4.77,-5.78,4.28,0.34,-9.04,0.87,2.53,2.50"
"956.86,0.52,-9.10,-1.88,-0.06,-12.71,-2.26,2.52,2.48"
"957.87,3.61,-7.14,3.99,4.18,-13.04,2.63,2.53,2.50"
"958.88,0.83,-13.25,-1.52,-2.19,-10.13,-1.08,2.52,2.48"
"959.89,-3.11,-9.93,-0.36,-0.05,-12.04,4.56,2.53,2.48"
"960.90,1.76,-11.80,-0.17,-0.96,-16.12,-2.55,2.51,2.48"
"961.91,-6.22,-11.56,-6.99,-5.72,-6.40,-4.99,2.51,2.48"
"962.92,6.19,-16.92,7.03,1.71,-16.81,4.16,2.52,2.48"
"963.93,4.41,-11.13,2.38,1.02,-20.42,0.80,2.52,2.49"
"964.94,-0.16,-5.92,-1.37,-4.61,-12.61,-1.24,2.51,2.47"
"965.95,-1.36,-15.60,0.04,1.21,-9.56,4.33,2.51,2.48"
"966.96,-0.02,-15.88,-2.83,-2.26,-12.48,-2.89,2.51,2.48"
"967.97,-1.80,-4.64,-2.45,-1.49,-12.14,-1.83,2.52,2.49"
"968.98,1.58,-10.43,1.95,1.67,-16.06,1.72,2.51,2.48"
"969.99,2.95,-10.65,4.04,2.40,-7.30,3.50,2.53,2.50"
"971.00,-0.23,-13.81,-2.94,0.94,-11.10,-1.59,2.51,2.49"
"972.01,-5.75,-15.28,-4.77,-2.51,-12.53,-2.70,2.54,2.47"
"973.02,1.54,-10.02,1.97,0.97,-7.15,1.53,2.52,2.48"
"974.03,0.52,-10.44,-0.16,1.54,-10.18,0.08,2.53,2.48"
"975.04,0.28,-9.11,-0.02,0.80,-9.63,0.07,2.52,2.48"
"976.05,0.44,-9.36,-0.29,0.85,-9.21,0.15,2.53,2.50"
"977.06,0.62,-9.80,0.02,0.74,-9.70,0.03,2.52,2.49"
"978.07,0.70,-9.74,-0.06,0.67,-9.75,-0.00,2.52,2.48"
"979.08,0.77,-9.77,-0.04,0.77,-9.78,-0.07,2.52,2.48"
"980.09,0.72,-9.79,0.04,0.69,-9.88,-0.02,2.52,2.48"
"981.10,0.75,-9.84,-0.02,0.74,-9.84,0.00,2.52,2.48"
"982.11,0.71,-9.65,-0.07,0.70,-9.73,-0.05,2.52,2.49"
"983.12,0.69,-9.79,-0.02,0.68,-9.71,0.03,2.52,2.48"
"984.13,0.60,-9.63,0.03,0.66,-9.76,0.12,2.52,2.49"
"985.14,0.66,-9.63,-0.04,0.68,-9.89,0.03,2.53,2.49"
"986.15,0.61,-9.75,-0.09,0.62,-9.96,0.01,2.52,2.48"
