"0.62,2.98,-39.26,0.37,0.58,-9.92,0.02,2.53,2.49"
"1.63,0.64,-9.88,-0.01,0.71,-9.77,0.06,2.53,2.50"
"2.64,0.60,-9.79,0.05,0.64,-9.87,0.03,2.52,2.50"
"3.65,0.59,-9.99,0.00,0.66,-9.58,0.00,2.53,2.49"
"4.66,0.65,-9.63,0.00,0.67,-9.65,0.05,2.54,2.50"
"5.67,0.62,-9.53,0.02,0.63,-9.86,-0.03,2.53,2.51"
"6.68,0.69,-9.60,0.08,0.49,-9.96,-0.06,2.53,2.50"
"7.69,0.68,-9.61,0.09,0.57,-9.96,0.01,2.52,2.49"
"8.69,0.68,-9.62,0.04,0.55,-9.89,0.05,2.52,2.50"
"9.71,0.70,-9.54,-0.04,0.55,-9.81,-0.03,2.55,2.50"
"10.72,0.61,-9.58,-0.13,0.65,-9.81,0.01,2.53,2.50"
"11.72,0.66,-9.58,0.04,0.62,-9.93,-0.09,2.53,2.50"
"12.73,0.64,-9.54,-0.06,0.65,-9.70,0.06,2.53,2.50"
"13.74,0.70,-9.65,-0.02,0.63,-9.83,0.05,2.53,2.50"
"14.75,0.56,-9.50,0.12,0.65,-9.79,0.06,2.54,2.50"
"15.76,0.71,-9.62,0.04,0.55,-9.84,-0.03,2.52,2.51"
"16.77,0.70,-9.47,-0.13,0.49,-9.89,0.00,2.53,2.50"
"17.78,0.76,-9.73,0.02,0.60,-9.94,-0.15,2.53,2.50"
"18.79,0.67,-9.80,0.09,0.63,-9.82,0.01,2.53,2.51"
"19.80,0.57,-9.94,-0.01,0.62,-9.88,-0.01,2.53,2.50"
"20.81,0.60,-9.98,-0.02,0.66,-9.56,0.07,2.53,2.49"
"21.82,0.65,-9.94,-0.02,0.76,-9.53,0.02,2.52,2.49"
"22.83,0.58,-9.53,0.01,0.65,-9.68,0.03,2.52,2.50"
"23.84,0.63,-9.55,0.03,0.57,-9.90,0.03,2.53,2.49"
"24.85,0.76,-9.59,-0.01,0.57,-10.04,0.01,2.52,2.50"
"25.86,0.59,-9.94,-0.05,0.55,-10.03,-0.09,2.53,2.50"
"26.87,0.51,-9.83,0.01,0.54,-9.65,-0.05,2.53,2.49"
"27.88,0.56,-10.06,-0.03,0.57,-9.63,0.04,2.54,2.50"
"28.89,0.56,-9.96,-0.04,0.67,-9.61,0.06,2.53,2.50"
"29.90,0.64,-9.79,-0.05,0.66,-9.57,0.04,2.53,2.48"
"30.91,0.60,-9.91,0.00,0.68,-9.55,0.03,2.53,2.50"
"31.92,0.60,-10.48,0.05,0.59,-9.57,-0.01,2.53,2.50"
"32.93,0.47,-10.29,-0.04,0.90,-9.53,0.02,2.53,2.49"
"33.94,0.80,-9.89,0.23,0.10,-11.63,1.22,2.53,2.51"
"34.95,0.29,-9.12,-0.22,0.33,-9.70,-0.04,2.53,2.50"
"35.96,0.38,-9.95,-0.10,0.89,-8.85,-0.07,2.53,2.49"
"36.97,0.50,-9.24,-0.14,0.52,-10.17,-0.20,2.53,2.48"
"37.98,0.34,-9.98,-0.07,0.86,-9.39,-0.04,2.53,2.51"
"38.99,0.91,-9.40,0.13,0.74,-9.33,0.29,2.54,2.50"
"40.00,0.98,-11.12,0.19,1.12,-10.63,0.04,2.54,2.50"
"41.01,0.60,-9.78,-0.19,0.72,-8.88,0.11,2.53,2.51"
"42.01,0.81,-9.50,0.10,0.63,-10.66,-0.23,2.52,2.49"
"43.02,1.05,-10.13,0.13,0.51,-9.58,-0.15,2.53,2.50"
"44.03,0.70,-9.77,-0.04,0.65,-9.82,0.01,2.54,2.50"
"45.04,0.67,-9.85,-0.05,0.70,-9.64,-0.12,2.53,2.50"
"46.05,0.68,-9.83,0.01,0.73,-9.80,0.03,2.52,2.48"
"47.06,0.88,-8.48,0.47,0.38,-10.10,-0.34,2.53,2.50"
"48.07,-0.54,-10.86,-0.14,0.44,-13.80,-0.73,2.53,2.50"
"49.08,1.91,-13.75,-1.12,2.08,-11.43,-1.14,2.55,2.51"
"50.09,-1.90,-13.28,-1.36,0.17,-9.94,0.15,2.54,2.50"
"51.10,0.91,-9.87,-0.39,0.12,-9.93,0.17,2.53,2.49"
"52.11,1.20,-7.89,-0.01,2.89,-5.32,0.95,2.52,2.50"
"53.12,0.45,-11.80,-0.01,1.25,-11.68,-0.41,2.54,2.50"
"54.13,2.83,-5.60,0.36,0.79,-10.97,-0.25,2.52,2.49"
"55.14,1.15,-9.66,-0.20,0.52,-12.52,-0.08,2.53,2.51"
"56.15,-0.58,-8.94,-2.61,-0.08,-13.46,-0.22,2.53,2.49"
"57.16,-0.80,-10.92,-0.65,-1.56,-10.18,-2.24,2.53,2.49"
"58.17,0.46,-14.24,-0.39,-0.72,-16.54,-1.33,2.53,2.49"
"59.18,1.66,-7.80,-0.45,-0.42,-11.82,-1.87,2.53,2.50"
"60.19,-0.76,-12.39,-0.37,-0.67,-9.06,-0.06,2.53,2.49"
"61.20,1.85,-13.50,0.87,1.15,-16.21,-1.66,2.52,2.51"
"62.21,-0.59,-10.26,-0.03,-0.13,-9.56,0.14,2.53,2.49"
"63.22,1.52,-7.85,2.56,3.35,-8.04,2.86,2.52,2.49"
"64.23,0.05,-12.11,-0.45,1.43,-9.91,-0.42,2.53,2.50"
"65.24,-0.96,-11.23,-1.30,-0.13,-10.24,-0.48,2.54,2.49"
"66.25,0.81,-7.58,-0.30,0.73,-13.27,-1.14,2.54,2.51"
"67.26,0.91,-7.97,0.47,0.72,-10.13,-0.94,2.53,2.49"
"68.27,-2.18,-14.07,-2.38,-0.13,-12.29,-0.97,2.53,2.51"
"69.28,1.63,-8.38,0.23,0.93,-11.63,-0.70,2.52,2.50"
"70.29,-1.10,-10.53,-1.19,0.80,-10.71,0.61,2.52,2.49"
"71.30,1.71,-10.19,0.96,1.71,-12.78,-0.89,2.53,2.50"
"72.30,2.11,-8.63,0.55,0.37,-11.53,-0.69,2.52,2.50"
"73.31,1.11,-7.79,0.62,0.46,-10.62,-0.80,2.52,2.49"
"74.32,-1.54,-10.40,-0.30,-1.31,-11.04,-0.49,2.53,2.50"
"75.33,0.32,-10.40,-0.78,-0.93,-12.80,-0.43,2.53,2.50"
"76.34,0.83,-9.76,1.00,0.42,-12.02,-0.47,2.53,2.50"
"77.35,-0.41,-7.13,-0.54,-2.02,-5.66,-0.18,2.53,2.51"
"78.36,2.25,-10.13,0.27,-0.51,-11.57,-0.34,2.52,2.48"
"79.37,1.58,-8.95,0.53,0.07,-9.92,-0.74,2.52,2.49"
"80.38,-0.49,-10.95,-0.19,1.49,-8.55,0.71,2.53,2.49"
"81.39,1.84,-10.50,-0.75,0.67,-11.27,0.04,2.52,2.48"
"82.40,0.39,-10.57,0.12,2.27,-8.44,0.57,2.53,2.50"
"83.41,1.08,-11.26,-0.21,1.12,-8.16,1.07,2.52,2.50"
"84.42,-1.31,-11.09,-0.24,0.17,-9.24,0.32,2.53,2.50"
"85.43,1.39,-9.92,0.04,-0.35,-9.74,-0.75,2.53,2.50"
"86.44,2.08,-12.10,0.29,2.80,-10.61,0.95,2.53,2.49"
"87.45,0.01,-8.89,-0.40,0.05,-7.49,0.75,2.52,2.50"
"88.46,-1.17,-7.97,-0.38,-1.07,-10.82,-0.38,2.52,2.50"
"89.47,-0.02,-8.75,0.23,0.92,-8.39,0.44,2.54,2.50"
"90.48,0.79,-10.95,0.02,0.29,-9.57,-0.66,2.53,2.50"
"91.49,2.67,-10.88,-0.53,2.04,-11.05,0.23,2.52,2.49"
"92.50,0.28,-10.22,0.09,0.38,-11.23,-0.55,2.53,2.51"
"93.51,2.49,-9.59,0.03,0.86,-11.61,-0.69,2.52,2.49"
"94.52,1.20,-11.36,0.14,2.48,-9.66,0.17,2.53,2.50"
"95.53,1.77,-11.80,-0.89,1.33,-11.59,-0.21,2.52,2.50"
"96.54,2.28,-10.69,-0.55,0.23,-9.67,0.22,2.51,2.50"
"97.55,1.05,-12.39,0.25,2.48,-9.82,0.11,2.53,2.50"
"98.56,1.04,-11.00,-0.20,1.18,-10.43,-0.46,2.53,2.49"
"99.57,1.50,-9.81,-0.48,0.85,-8.65,0.05,2.53,2.49"
"100.58,0.21,-9.65,0.62,-0.38,-11.21,-0.14,2.53,2.50"
"101.59,-0.70,-11.51,-0.92,0.50,-9.88,0.56,2.52,2.49"
"102.60,1.39,-10.11,-1.00,0.37,-10.10,-0.43,2.52,2.49"
"103.61,1.22,-8.76,-0.04,-0.24,-11.48,0.20,2.51,2.49"
"104.62,1.06,-9.15,-0.23,-1.33,-9.50,-0.19,2.54,2.49"
"105.63,0.02,-10.48,-0.45,-2.20,-10.48,0.23,2.53,2.50"
"106.64,0.93,-9.73,-0.09,1.22,-11.69,-0.31,2.53,2.50"
"107.64,1.41,-12.57,-0.98,1.11,-14.23,-1.71,2.53,2.50"
"108.65,1.59,-3.93,1.20,1.41,-3.34,1.17,2.51,2.50"
"109.66,1.75,-7.12,-0.79,-0.23,-8.71,-1.92,2.52,2.50"
"110.67,0.37,-9.15,2.11,1.39,-10.50,2.83,2.53,2.49"
"111.68,1.52,-10.36,1.50,2.30,-7.10,2.40,2.52,2.50"
"112.69,-1.35,-8.72,-0.28,-2.26,-12.58,-1.91,2.53,2.50"
"113.70,-0.47,-8.50,-0.80,1.51,-6.58,-0.03,2.52,2.50"
"114.71,1.32,-9.30,-0.38,-1.33,-6.81,-0.70,2.52,2.49"
"115.72,0.92,-11.78,0.06,1.90,-10.55,1.03,2.52,2.50"
"116.73,-0.32,-11.49,-0.19,1.14,-12.11,-0.31,2.53,2.49"
"117.74,2.44,-5.12,1.88,1.83,-6.29,2.33,2.52,2.49"
"118.75,-0.52,-8.26,0.57,0.75,-7.00,-0.76,2.52,2.50"
"119.76,-1.01,-9.12,-1.08,0.29,-7.35,-0.29,2.53,2.49"
"120.77,0.04,-4.15,-0.19,1.24,-6.92,0.09,2.53,2.48"
"121.78,2.86,-12.51,1.23,2.40,-12.02,0.71,2.53,2.50"
"122.79,1.70,-11.17,2.40,1.66,-9.29,1.87,2.53,2.48"
"123.80,0.55,-10.40,-0.27,0.13,-9.92,-0.09,2.51,2.48"
"124.81,1.42,-11.23,0.91,2.94,-7.05,0.87,2.53,2.49"
"125.82,2.27,-8.00,2.48,1.07,-9.73,0.89,2.53,2.51"
"126.83,1.29,-10.60,0.30,2.43,-7.72,0.55,2.52,2.49"
"127.84,-0.05,-11.54,-0.21,0.01,-11.93,1.13,2.52,2.49"
"128.85,-0.32,-9.60,1.21,0.14,-8.69,-0.62,2.52,2.49"
"129.86,0.44,-9.48,-1.10,-1.19,-8.20,-0.72,2.51,2.51"
"130.87,-0.73,-13.63,-0.33,-0.67,-8.60,-1.11,2.52,2.50"
"131.88,0.72,-12.28,-1.18,0.64,-9.48,0.01,2.54,2.49"
"132.89,-0.68,-11.81,-0.59,-0.99,-11.01,-0.94,2.54,2.50"
"133.90,-0.51,-11.66,-1.47,0.57,-5.70,-0.86,2.52,2.49"
"134.91,0.84,-12.13,-2.15,-1.84,-10.95,-2.33,2.51,2.50"
"135.92,0.61,-10.87,1.10,2.90,-9.34,1.80,2.51,2.49"
"136.93,2.74,-3.65,2.39,0.43,-9.90,-0.93,2.52,2.51"
"137.94,1.12,-11.54,-0.77,0.51,-13.29,-1.30,2.54,2.50"
"138.95,-0.44,-10.53,0.37,0.60,-8.22,1.91,2.51,2.49"
"139.96,-1.32,-9.96,-0.44,1.67,-10.95,0.21,2.51,2.50"
"140.97,1.35,-4.89,-0.69,1.19,-9.22,-1.58,2.52,2.49"
"141.98,2.03,-10.91,-1.86,-0.05,-15.58,-2.24,2.51,2.50"
"142.99,1.67,-9.07,-0.76,1.19,-10.81,-1.81,2.52,2.50"
"144.00,0.89,-10.97,-3.03,-2.17,-7.14,-2.73,2.52,2.50"
"145.01,1.45,-8.62,0.12,0.91,-9.85,0.15,2.52,2.50"
"146.02,0.47,-8.55,0.01,0.52,-11.82,0.12,2.51,2.50"
"147.03,-0.60,-8.93,-2.06,0.75,-10.35,-2.15,2.52,2.51"
"148.04,1.81,-6.47,-0.15,-1.13,-10.29,-1.41,2.51,2.49"
"149.05,0.59,-10.64,1.41,1.70,-7.33,0.70,2.51,2.49"
"150.05,-0.53,-10.30,-0.85,1.22,-10.47,-0.46,2.51,2.50"
"151.07,2.68,-8.83,1.28,3.58,-6.55,1.63,2.52,2.50"
"152.08,0.56,-8.23,-1.52,1.53,-8.95,-0.53,2.50,2.50"
"153.08,0.28,-9.48,-1.45,0.16,-8.41,-1.73,2.52,2.50"
"154.09,0.93,-10.32,-2.45,1.02,-13.21,-1.57,2.52,2.50"
"155.10,3.65,-12.35,1.76,2.13,-13.40,-0.01,2.53,2.49"
"156.11,2.51,-7.51,2.43,4.01,-9.05,2.06,2.52,2.49"
"157.12,-0.04,-5.75,0.79,-0.25,-8.38,0.76,2.52,2.48"
"158.13,-0.41,-11.52,-1.47,-1.08,-8.50,-1.10,2.52,2.49"
"159.14,-1.40,-10.58,-4.58,-2.94,-7.35,-3.89,2.52,2.49"
"160.15,0.63,-6.93,2.19,2.21,-6.55,1.72,2.51,2.50"
"161.16,-0.82,-8.47,-0.06,1.31,-6.69,0.66,2.54,2.50"
"162.17,-1.08,-12.41,-0.12,2.92,-8.19,-0.45,2.53,2.50"
"163.18,1.01,-9.17,1.67,1.94,-7.12,1.42,2.52,2.49"
"164.19,1.17,-11.98,0.95,0.66,-12.85,1.76,2.52,2.49"
"165.20,0.84,-10.47,-0.49,0.44,-11.11,-0.43,2.51,2.50"
"166.21,-0.24,-14.33,0.32,-0.26,-9.18,0.67,2.51,2.48"
"167.22,0.14,-8.88,-0.18,1.62,-8.71,-0.71,2.52,2.50"
"168.23,1.67,-4.37,0.41,0.57,-9.05,0.29,2.51,2.49"
"169.24,1.08,-7.91,-0.22,2.21,-6.81,-0.53,2.53,2.50"
"170.25,4.37,-6.74,2.62,2.63,-9.63,1.62,2.53,2.50"
"171.26,0.42,-10.59,-1.30,1.81,-14.30,-2.01,2.51,2.50"
"172.27,-1.10,-9.92,-1.06,3.95,-7.53,0.42,2.53,2.50"
"173.28,-0.58,-10.96,-0.64,-1.38,-11.82,-0.30,2.53,2.51"
"174.29,-0.79,-7.10,0.03,0.11,-8.36,0.37,2.52,2.49"
"175.30,-0.31,-11.07,-0.25,0.81,-14.37,-0.88,2.53,2.50"
"176.31,4.76,-18.13,0.12,2.96,-17.17,0.32,2.52,2.49"
"177.32,0.62,-6.23,-1.73,1.83,-5.17,-0.78,2.51,2.50"
"178.33,2.66,-11.06,3.86,5.20,-11.21,1.92,2.52,2.50"
"179.34,2.37,-9.54,1.20,2.29,-11.47,1.82,2.51,2.50"
"180.35,1.48,-10.10,-0.33,2.43,-6.52,0.12,2.53,2.49"
"181.36,-2.12,-11.76,-1.49,0.14,-10.23,-0.05,2.53,2.50"
"182.37,1.92,-10.62,0.79,0.40,-13.04,0.20,2.52,2.47"
"183.38,2.26,-8.58,2.63,3.59,-12.88,1.65,2.52,2.50"
"184.39,1.81,-9.52,1.55,0.85,-9.23,1.20,2.51,2.49"
"185.40,1.06,-15.14,-0.12,0.68,-11.03,-1.81,2.52,2.49"
"186.41,3.04,-7.92,2.32,0.93,-5.70,2.09,2.53,2.49"
"187.42,-0.90,-13.29,-0.92,2.11,-13.30,-0.16,2.52,2.48"
"188.43,2.32,-13.98,1.05,1.32,-9.48,1.58,2.53,2.48"
"189.44,0.29,-6.80,-0.26,-1.38,-11.17,-1.94,2.54,2.50"
"190.45,-0.13,-11.67,-1.21,-0.47,-8.30,-0.95,2.53,2.49"
"191.46,0.28,-8.85,-0.35,1.21,-8.21,0.45,2.51,2.50"
"192.47,-1.89,-8.24,-1.47,-0.35,-7.55,-1.78,2.52,2.50"
"193.48,1.90,-11.88,-0.02,1.44,-10.91,0.68,2.52,2.48"
"194.49,0.62,-12.70,-0.30,-0.53,-9.32,0.37,2.53,2.49"
"195.49,-0.89,-4.56,0.91,0.89,-3.50,3.04,2.53,2.49"
"196.50,1.48,-15.90,-0.44,4.78,-10.28,1.53,2.51,2.48"
"197.51,1.14,-13.25,0.23,2.73,-12.16,0.83,2.52,2.47"
"198.52,1.18,-12.35,0.14,-0.67,-11.18,-1.54,2.53,2.49"
"199.53,-0.17,-4.50,-1.85,-0.85,-5.51,-1.63,2.53,2.49"
"200.54,3.35,-10.35,0.80,4.08,-9.22,0.09,2.52,2.48"
"201.55,0.46,-7.07,1.32,1.13,-7.12,0.70,2.52,2.48"
"202.56,0.14,-13.58,-0.42,0.94,-9.17,1.59,2.52,2.48"
"203.57,-1.82,-5.22,-3.29,-0.35,-9.41,-1.80,2.51,2.48"
"204.58,0.21,-2.09,0.91,-2.13,-7.28,-1.51,2.53,2.48"
"205.59,-0.19,-8.91,-1.53,-0.70,-7.83,-1.29,2.54,2.49"
"206.60,-1.49,-7.49,-0.81,0.17,-9.74,1.18,2.53,2.49"
"207.61,2.02,-9.24,-1.08,-0.57,-11.55,-1.98,2.55,2.49"
"208.62,-0.28,-9.12,0.18,2.69,-10.15,0.62,2.54,2.49"
"209.63,1.92,-10.82,2.08,4.24,-8.80,2.00,2.53,2.50"
"210.64,-0.74,-7.44,0.13,1.18,-8.66,0.64,2.52,2.48"
"211.65,2.33,-5.42,2.04,2.92,-6.58,1.26,2.53,2.48"
"212.66,0.55,-8.88,-0.28,-0.07,-7.76,0.38,2.53,2.50"
"213.67,-1.14,-5.92,0.95,0.23,-6.91,1.03,2.53,2.50"
"214.68,2.46,-7.17,1.54,-0.34,-13.68,-1.73,2.50,2.48"
"215.69,0.41,-10.22,-0.26,2.49,-9.10,0.48,2.53,2.47"
"216.70,-0.02,-10.58,-2.08,-0.96,-6.10,-1.31,2.52,2.49"
"217.71,-0.22,-10.97,-0.12,0.02,-6.51,0.29,2.53,2.48"
"218.72,0.74,-6.21,0.56,-0.81,-4.22,-2.33,2.52,2.49"
"219.73,0.40,-7.75,-1.19,0.74,-7.14,-1.21,2.53,2.49"
"220.74,1.55,-11.29,1.32,2.23,-7.94,2.25,2.53,2.49"
"221.75,2.13,-2.88,1.15,1.28,-6.57,0.84,2.54,2.50"
"222.76,1.22,-12.04,0.79,-0.23,-12.17,1.59,2.52,2.47"
"223.77,3.78,-10.02,1.87,0.06,-12.50,0.86,2.52,2.49"
"224.78,2.58,-12.97,0.39,2.01,-10.61,0.53,2.51,2.49"
"225.79,0.82,-13.14,-1.15,1.35,-14.26,-1.85,2.52,2.49"
"226.80,1.56,-5.98,-0.57,-1.05,-9.11,-2.73,2.53,2.49"
"227.81,2.57,-5.33,2.92,2.99,-9.36,1.13,2.53,2.50"
"228.82,1.30,-10.07,2.18,0.60,-5.54,1.41,2.54,2.49"
"229.83,0.66,-10.77,-1.33,0.98,-10.01,-1.53,2.53,2.48"
"230.84,-0.18,-6.29,-2.01,-0.18,-9.96,-1.73,2.51,2.50"
"231.85,0.40,-11.44,0.30,2.74,-8.69,2.12,2.52,2.49"
"232.86,2.33,-10.95,0.39,-0.39,-10.98,0.24,2.51,2.48"
"233.87,3.12,-11.02,1.33,0.27,-8.01,1.11,2.52,2.48"
"234.88,-0.34,-14.24,0.13,0.02,-17.27,0.80,2.51,2.49"
"235.88,0.42,-9.51,-0.05,0.67,-9.79,-0.05,2.52,2.48"
"236.90,0.38,-5.87,-1.93,-0.33,-13.33,-2.64,2.54,2.49"
"237.90,-0.00,-9.66,-0.14,1.81,-6.52,1.52,2.53,2.48"
"238.91,0.23,-7.51,0.42,1.22,-5.59,2.05,2.52,2.48"
"239.92,4.06,-8.09,-1.05,2.88,-21.93,-3.19,2.52,2.50"
"240.93,0.24,-10.34,2.38,0.07,-9.74,2.23,2.54,2.49"
"241.94,0.40,-10.24,0.43,-0.64,-11.97,0.19,2.52,2.47"
"242.95,1.53,-7.37,1.30,1.87,-16.03,0.32,2.52,2.49"
"243.96,-0.66,-9.64,-1.28,0.28,-9.55,-0.23,2.53,2.48"
"244.97,-2.41,-15.77,-1.96,-3.16,-8.30,-1.70,2.51,2.47"
"245.98,0.20,-7.87,0.13,0.81,-7.88,-2.05,2.52,2.49"
"246.99,2.20,-11.03,0.55,1.84,-11.70,-0.24,2.52,2.49"
"248.00,1.55,-10.57,-0.26,0.03,-11.67,-0.25,2.53,2.48"
"249.01,0.38,-10.70,-0.29,0.54,-7.01,-0.74,2.54,2.48"
"250.02,0.74,-5.77,0.39,1.31,-8.95,-0.82,2.53,2.51"
"251.03,0.08,-12.03,0.09,1.56,-9.40,0.58,2.52,2.49"
"252.04,1.62,-7.78,-0.90,0.29,-8.67,-0.70,2.53,2.49"
"253.05,-0.99,-9.62,-0.48,1.14,-7.38,-1.35,2.53,2.49"
"254.06,0.56,-7.22,0.63,2.72,-5.75,1.59,2.52,2.48"
"255.07,-0.12,-9.45,0.03,0.57,-14.48,-0.62,2.51,2.50"
"256.08,2.08,-13.11,1.60,1.58,-8.87,0.32,2.55,2.50"
"257.09,0.56,-9.19,-1.17,1.78,-10.30,-1.37,2.51,2.49"
"258.10,2.43,-7.13,1.17,0.72,-8.37,0.16,2.53,2.49"
"259.11,-0.28,-8.27,-0.60,-1.47,-9.34,-1.50,2.51,2.48"
"260.12,-0.64,-10.61,-1.08,-0.59,-12.51,-0.36,2.54,2.48"
"261.13,1.30,-6.02,-0.59,-0.55,-7.70,-1.44,2.52,2.49"
"262.14,1.19,-16.79,-2.51,0.82,-13.69,-1.25,2.54,2.49"
"263.15,0.75,-10.56,0.17,0.30,-9.40,0.13,2.53,2.48"
"264.16,0.05,-6.14,-1.20,-2.17,-13.03,-2.47,2.51,2.47"
"265.17,-0.38,-12.96,0.78,1.59,-11.98,2.95,2.53,2.48"
"266.18,-0.86,-13.18,0.06,2.46,-5.95,0.82,2.52,2.49"
"267.19,1.09,-6.21,1.42,2.03,-4.62,1.93,2.53,2.49"
"268.20,2.26,-11.93,1.18,3.46,-9.68,0.39,2.51,2.49"
"269.21,-0.07,-6.33,-1.32,-0.48,-9.58,-1.74,2.52,2.47"
"270.22,-0.11,-18.00,-2.19,-0.22,-15.73,-0.95,2.53,2.50"
"271.23,-1.28,-5.98,-2.47,-1.52,-6.34,-0.81,2.53,2.47"
"272.24,-3.26,-6.08,-2.76,2.11,-5.60,-0.48,2.51,2.48"
"273.25,2.13,-11.51,0.43,-0.74,-15.32,-2.44,2.52,2.49"
"274.26,1.23,-13.45,-1.33,0.58,-13.73,-2.25,2.52,2.49"
"275.27,0.31,-10.01,-1.79,0.06,-13.43,-1.25,2.52,2.51"
"276.28,1.23,-10.67,1.88,2.36,-17.87,0.86,2.52,2.49"
"277.29,-0.37,-9.63,-1.68,-1.13,-7.77,-1.75,2.54,2.46"
"278.30,1.66,-10.63,-1.66,0.13,-12.30,-1.28,2.53,2.49"
"279.30,0.12,-12.64,0.42,1.56,-10.79,-0.18,2.52,2.48"
"280.31,0.11,-8.72,-0.16,-0.46,-9.18,0.39,2.52,2.49"
"281.32,1.40,-8.36,-0.87,1.23,-12.98,-1.10,2.52,2.49"
"282.33,1.51,-6.57,-0.22,1.83,-11.27,-0.71,2.53,2.48"
"283.34,-0.47,-12.72,1.08,1.55,-11.71,-0.05,2.53,2.50"
"284.35,-0.89,-10.51,0.37,0.25,-11.00,-0.64,2.52,2.47"
"285.36,-0.16,-11.69,0.67,2.89,-8.20,1.86,2.53,2.49"
"286.37,0.44,-13.73,1.21,0.81,-12.17,1.80,2.51,2.47"
"287.38,0.94,-6.85,2.19,3.21,-14.28,-0.51,2.52,2.47"
"288.39,1.49,-12.03,3.52,1.83,-9.79,1.71,2.53,2.48"
"289.40,3.08,-13.04,-0.90,0.68,-9.98,-2.13,2.51,2.48"
"290.41,0.15,-8.97,-0.16,0.48,-10.95,-0.49,2.52,2.50"
"291.42,0.98,-13.24,-1.09,-0.63,-14.60,-0.14,2.51,2.48"
"292.43,-0.55,-8.58,-1.89,-1.09,-8.43,-2.01,2.51,2.48"
"293.44,-0.04,-6.91,1.17,1.28,-5.27,0.75,2.52,2.49"
"294.45,0.16,-10.75,-0.29,1.10,-13.38,0.20,2.51,2.49"
"295.46,-2.12,-13.02,-0.60,3.26,-11.07,-0.14,2.51,2.48"
"296.47,-0.31,-11.15,-2.01,0.40,-10.26,-1.86,2.52,2.47"
"297.48,-1.98,-4.72,0.12,1.00,-5.45,-0.30,2.51,2.47"
"298.49,-1.26,-3.07,0.25,-0.37,-11.17,0.52,2.52,2.49"
"299.50,2.15,-5.93,1.84,2.13,-7.52,1.28,2.52,2.48"
"300.51,0.66,-10.66,0.00,-1.29,-8.75,0.37,2.52,2.48"
"301.52,2.73,-7.91,0.15,0.54,-8.78,0.18,2.51,2.48"
"302.53,0.85,-7.99,-0.24,1.74,-8.33,0.21,2.52,2.48"
"303.54,2.75,-7.73,1.90,1.12,-8.59,1.05,2.51,2.49"
"304.55,1.55,-7.97,-0.39,0.82,-9.88,-0.62,2.53,2.48"
"305.56,0.75,-9.78,-0.07,0.00,-8.06,-0.35,2.52,2.48"
"306.57,0.62,-9.04,-1.62,0.28,-9.94,-2.45,2.52,2.48"
"307.58,-1.56,-6.89,-1.07,-1.68,-1.81,0.45,2.54,2.49"
"308.59,1.18,-10.32,0.37,0.84,-12.56,-0.26,2.54,2.49"
"309.60,0.99,-12.41,1.83,1.13,-11.29,1.45,2.51,2.47"
"310.61,-0.30,-12.65,0.94,-1.80,-8.47,0.56,2.52,2.47"
"311.62,-0.33,-10.52,-0.93,1.59,-12.23,-0.60,2.52,2.49"
"312.63,1.22,-14.93,0.60,2.08,-11.66,1.68,2.52,2.48"
"313.64,4.47,-9.44,4.76,3.57,-7.92,4.63,2.53,2.47"
"314.65,-2.42,-10.16,-4.00,-0.14,-11.20,-3.35,2.52,2.48"
"315.66,2.22,-12.20,0.80,-0.69,-11.42,-0.35,2.51,2.48"
"316.67,0.60,-2.94,-0.05,0.68,-8.08,-0.22,2.51,2.48"
"317.68,0.19,-10.26,-2.16,1.13,-12.60,-1.73,2.53,2.48"
"318.69,-0.84,-13.23,0.73,-0.86,-6.42,0.55,2.54,2.50"
"319.70,2.98,-6.95,-0.11,1.06,-13.92,0.19,2.51,2.49"
"320.70,-0.45,-8.65,-1.56,2.26,-5.70,-1.21,2.52,2.49"
"321.72,1.05,-7.32,0.92,0.67,-5.62,-1.24,2.53,2.48"
"322.72,0.91,-10.18,-0.49,0.34,-10.54,-0.94,2.53,2.49"
"323.73,1.50,-4.69,-0.13,-0.56,-5.56,-0.39,2.53,2.47"
"324.74,0.53,-3.57,-1.47,-0.19,-8.87,-2.24,2.53,2.47"
"325.75,1.74,-13.49,1.94,1.86,-9.41,2.54,2.52,2.48"
"326.76,1.13,-12.67,-1.60,-3.01,-10.07,-3.68,2.53,2.48"
"327.77,-2.31,-13.06,-1.67,0.92,-18.03,-0.00,2.53,2.47"
"328.78,-0.42,-15.23,-0.88,0.70,-11.81,-0.60,2.51,2.48"
"329.79,-1.12,-6.96,-1.28,0.18,-7.96,-0.79,2.52,2.48"
"330.80,1.24,-6.67,-0.11,0.85,-8.46,1.58,2.52,2.49"
"331.81,-1.31,10.01,1.47,0.96,-0.89,1.43,2.55,2.50"
"332.82,-0.19,-12.13,-3.75,-0.16,-6.28,-3.63,2.51,2.48"
"333.83,-0.19,-10.29,-0.34,0.64,-6.59,0.13,2.51,2.47"
"334.84,4.50,-7.45,4.92,2.41,-8.46,1.25,2.52,2.48"
"335.85,0.85,-14.17,-0.05,0.52,-10.23,-0.17,2.53,2.47"
"336.86,0.53,-8.71,-2.25,-1.09,-10.77,-1.34,2.52,2.48"
"337.87,-1.06,-12.91,-2.02,0.23,-14.72,-1.94,2.52,2.48"
"338.88,1.12,-5.98,0.72,0.25,-7.95,-0.02,2.53,2.50"
"339.89,1.51,-7.99,2.01,3.05,-10.11,1.70,2.53,2.49"
"340.90,-0.58,-14.36,-1.15,-1.02,-14.55,-1.98,2.52,2.51"
"341.91,-0.03,-11.17,1.46,0.22,-8.88,1.86,2.52,2.48"
"342.92,-0.45,-9.77,-0.62,-1.26,-14.67,-0.47,2.52,2.49"
"343.93,1.26,-11.35,0.77,1.30,-9.69,0.53,2.51,2.49"
"344.94,0.48,-2.04,0.41,-1.55,-14.78,-0.82,2.52,2.48"
"345.95,0.22,-11.94,-0.20,3.09,-7.59,0.94,2.51,2.47"
"346.96,1.52,-8.41,0.19,0.11,-13.34,-0.43,2.51,2.49"
"347.97,-1.07,-14.97,-0.95,0.09,-12.71,-0.38,2.51,2.49"
"348.98,2.15,-6.99,0.51,-0.89,-4.03,-1.11,2.53,2.49"
"349.99,2.42,-11.31,-0.49,0.96,-12.98,-1.32,2.52,2.48"
"351.00,-0.40,-11.35,0.51,-0.45,-8.10,-0.09,2.52,2.49"
"352.01,0.03,-7.00,0.81,0.28,-7.23,1.08,2.53,2.47"
"353.02,0.10,-4.61,-1.87,-0.46,-8.12,-1.40,2.54,2.49"
"354.03,1.98,-3.70,1.00,0.78,-8.15,-0.46,2.53,2.49"
"355.04,0.72,-10.71,0.32,2.48,-10.56,0.98,2.52,2.48"
"356.05,-0.41,-13.02,-3.19,2.48,-14.74,-0.99,2.53,2.50"
"357.06,1.29,-11.27,-0.06,1.01,-8.98,0.25,2.52,2.48"
"358.07,-0.23,-10.35,-1.27,-0.18,-6.75,-1.74,2.52,2.48"
"359.08,-1.80,-16.57,-0.19,3.91,-10.28,3.65,2.52,2.47"
"360.09,-1.43,-9.11,-1.66,1.26,-7.18,0.10,2.52,2.47"
"361.10,-2.72,-9.67,-0.68,1.58,-5.81,1.14,2.52,2.48"
"362.11,0.87,-11.65,-0.41,0.46,-13.17,-0.84,2.53,2.49"
"363.11,3.14,-10.28,2.77,1.68,-10.32,1.05,2.52,2.48"
"364.13,0.62,-8.21,0.73,-0.33,-10.82,-0.20,2.52,2.48"
"365.14,-2.66,-7.85,-0.73,1.82,-1.91,0.26,2.51,2.49"
"366.14,1.47,-6.39,0.47,0.58,-7.81,-0.02,2.52,2.49"
"367.16,0.63,-5.67,-1.12,-0.23,-11.36,-1.38,2.51,2.48"
"368.16,-0.32,-11.42,-0.74,2.41,-9.35,-0.95,2.53,2.49"
"369.17,1.05,-8.53,0.24,2.98,-10.77,0.30,2.52,2.48"
"370.18,1.51,-12.65,-0.60,-0.43,-16.58,-2.10,2.53,2.50"
"371.19,-0.81,-9.61,-2.67,2.23,-5.94,-1.67,2.51,2.47"
"372.20,0.49,-9.62,-0.50,1.79,-12.90,0.44,2.51,2.49"
"373.21,3.45,-5.61,1.12,0.35,-11.22,-2.21,2.52,2.49"
"374.22,-1.33,-13.57,-0.78,2.64,-7.35,1.21,2.52,2.48"
"375.23,1.50,-9.64,2.54,-0.29,-1.84,1.56,2.52,2.49"
"376.24,2.62,-8.42,-1.96,1.48,-8.96,-0.97,2.52,2.48"
"377.25,-0.57,-11.62,-2.00,0.71,-10.31,-0.44,2.55,2.49"
"378.26,0.20,-11.04,-0.65,1.06,-6.91,1.29,2.54,2.50"
"379.27,-0.14,-10.22,-0.50,1.32,-8.69,1.08,2.53,2.49"
"380.28,3.53,-9.02,2.53,3.46,-8.09,1.79,2.52,2.50"
"381.29,1.46,-4.72,-0.27,0.83,-6.88,0.38,2.52,2.48"
"382.30,0.79,-6.73,-1.21,1.12,-13.64,-2.25,2.51,2.50"
"383.31,1.53,-8.36,0.23,3.14,-8.07,0.26,2.52,2.48"
"384.32,3.32,-12.00,-0.43,1.12,-16.79,-0.26,2.52,2.49"
"385.33,-1.49,-10.36,0.09,1.45,-9.80,2.42,2.52,2.49"
"386.34,-1.26,-8.42,-2.89,-1.91,-9.06,-1.05,2.53,2.49"
"387.35,-0.80,-6.36,-0.46,2.31,-4.65,0.57,2.52,2.48"
"388.36,-0.45,-9.39,-1.55,-0.71,-11.99,-1.15,2.52,2.49"
"389.37,-1.47,-13.23,-0.83,0.65,-7.89,-0.70,2.53,2.49"
"390.38,0.28,-12.12,-1.58,1.84,-11.51,-0.80,2.53,2.49"
"391.39,-1.21,-8.22,0.47,0.52,-9.42,1.13,2.51,2.49"
"392.40,0.07,-11.58,-2.42,-0.76,-11.68,-1.86,2.52,2.48"
"393.41,2.83,-5.08,1.85,1.02,-9.50,0.03,2.54,2.48"
"394.42,1.32,-6.02,0.71,-1.13,-8.17,-0.05,2.53,2.49"
"395.43,-0.38,-6.22,-0.55,0.84,-7.35,0.06,2.52,2.49"
"396.44,1.50,-5.71,0.68,-0.58,-5.34,0.25,2.52,2.48"
"397.45,2.91,-9.81,1.79,2.69,-14.50,0.56,2.52,2.49"
"398.46,-1.47,-14.58,-0.81,-1.30,-13.95,-2.04,2.55,2.51"
"399.47,1.51,-10.69,-0.40,-0.56,-16.64,-0.76,2.50,2.49"
"400.48,0.38,-6.73,-0.75,1.93,-12.10,-0.75,2.54,2.49"
"401.49,0.42,-9.48,-2.99,-1.98,-11.67,-3.22,2.53,2.49"
"402.50,1.04,-8.11,-0.71,1.47,-5.86,0.03,2.51,2.49"
"403.51,0.26,-7.27,1.39,0.11,-12.23,1.06,2.52,2.47"
"404.52,-0.30,-8.29,-3.05,-3.92,-10.68,-3.06,2.53,2.46"
"405.52,-1.38,-12.21,1.19,1.11,-6.27,-0.03,2.54,2.47"
"406.54,-0.86,-12.93,-0.10,0.17,-14.65,-1.28,2.52,2.49"
"407.55,-0.59,-7.13,1.12,0.63,-3.50,0.78,2.53,2.48"
"408.55,0.16,-13.98,0.59,-2.71,-9.36,1.73,2.53,2.49"
"409.57,5.21,-7.98,5.50,2.89,-10.87,3.16,2.53,2.49"
"410.57,-1.91,-10.75,-1.13,0.14,-6.49,-0.90,2.53,2.51"
"411.58,2.92,-9.61,1.07,-0.03,-11.10,0.66,2.53,2.48"
"412.59,2.71,-8.27,1.81,-0.55,-11.08,-0.04,2.53,2.50"
"413.60,1.77,-9.96,0.99,1.30,-12.86,1.07,2.53,2.48"
"414.61,0.81,-8.26,0.38,0.06,-6.85,0.91,2.55,2.50"
"415.62,0.97,-10.29,-0.24,2.13,-12.00,0.16,2.53,2.50"
"416.63,2.08,-4.50,-3.26,0.53,-9.64,-4.02,2.52,2.49"
"417.64,2.36,-11.27,1.24,0.97,-6.67,0.97,2.53,2.48"
"418.65,2.16,-8.97,3.90,2.26,-8.24,2.79,2.53,2.48"
"419.66,0.80,-13.42,0.44,-0.61,-11.22,-0.46,2.52,2.49"
"420.67,1.02,-14.93,1.62,1.58,-14.17,1.57,2.53,2.50"
"421.68,0.91,-11.33,-0.04,0.82,-8.77,-0.13,2.53,2.49"
"422.69,1.28,-10.52,-1.49,-0.18,-12.99,-1.81,2.53,2.48"
"423.70,0.92,-11.14,-0.49,-0.76,-14.97,-1.04,2.53,2.48"
"424.71,0.04,-10.27,-0.41,1.40,-11.71,0.31,2.52,2.48"
"425.72,0.45,-8.58,0.61,3.66,-8.06,1.79,2.52,2.48"
"426.73,1.96,-10.22,-0.74,0.96,-6.17,0.09,2.53,2.48"
"427.74,0.72,-14.86,1.55,-0.43,-16.12,0.37,2.53,2.49"
"428.75,0.90,-12.71,0.47,0.13,-13.47,-0.24,2.52,2.49"
"429.76,1.66,-9.37,1.52,0.38,-3.99,1.17,2.51,2.48"
"430.77,4.13,-10.30,2.76,4.97,-15.32,1.46,2.52,2.49"
"431.78,-1.89,-5.64,-2.42,-3.01,-9.40,-2.16,2.51,2.47"
"432.79,2.48,-12.01,0.33,-1.28,-11.50,-0.28,2.54,2.50"
"433.80,2.05,-5.61,-0.73,-0.29,-9.00,-1.90,2.53,2.49"
"434.81,-0.24,-7.05,-1.25,1.71,-7.40,-0.19,2.51,2.48"
"435.82,0.92,-7.41,-0.53,-1.68,-8.28,-1.69,2.52,2.49"
"436.83,4.74,-13.42,0.84,0.07,-14.28,-1.37,2.54,2.50"
"437.84,2.20,-8.62,1.84,-1.47,-7.47,0.46,2.52,2.48"
"438.85,0.43,-8.74,0.68,2.18,-7.11,1.13,2.54,2.50"
"439.86,1.07,-8.99,0.55,1.44,-10.35,0.03,2.52,2.49"
"440.87,0.78,-8.30,-0.65,2.31,-9.40,-0.89,2.52,2.47"
"441.88,1.34,-14.71,0.66,2.85,-10.84,1.88,2.53,2.48"
"442.89,0.84,-11.05,0.06,0.67,-12.45,-0.22,2.53,2.48"
"443.90,1.26,-9.68,1.00,3.16,-10.60,2.19,2.53,2.48"
"444.91,2.27,-7.41,1.07,0.50,-7.79,-0.58,2.53,2.48"
"445.92,5.46,-18.46,2.56,1.01,-3.35,3.99,2.52,2.48"
"446.92,2.39,-9.77,0.00,0.63,-9.03,-0.29,2.51,2.50"
"447.94,0.24,-8.92,-0.30,0.77,-8.38,0.36,2.53,2.49"
"448.95,-1.06,-14.89,0.84,-0.29,-14.71,1.72,2.54,2.50"
"449.95,-2.01,-8.23,-0.43,0.60,-3.54,0.97,2.53,2.49"
"450.97,-1.08,-3.70,-0.24,1.77,-4.55,0.85,2.53,2.48"
"451.98,2.06,-4.64,-1.10,-1.69,-9.45,-2.81,2.52,2.47"
"452.98,-0.27,-8.41,-0.96,0.39,-8.18,0.08,2.51,2.48"
"453.99,2.54,-10.92,2.53,-0.59,-9.91,0.68,2.53,2.50"
"455.00,3.48,-6.29,3.28,-0.03,-7.41,0.25,2.53,2.49"
"456.01,0.80,-6.00,1.09,-0.11,-9.95,-0.15,2.53,2.51"
"457.02,-0.14,-10.44,-0.32,0.06,-10.30,-0.05,2.52,2.49"
"458.03,1.77,-6.63,1.28,1.88,-5.25,1.38,2.52,2.48"
"459.04,0.63,-13.02,0.07,1.25,-11.02,0.10,2.53,2.48"
"460.05,2.33,-7.18,2.09,4.78,-7.77,2.45,2.51,2.50"
"461.06,2.51,-10.48,-0.37,-0.45,-14.69,-2.25,2.54,2.49"
"462.07,-0.37,-15.63,-0.83,1.82,-11.38,0.32,2.52,2.47"
"463.08,0.06,-8.01,0.38,-0.22,-5.98,1.28,2.51,2.49"
"464.09,1.61,-11.51,-1.54,1.16,-9.92,-1.39,2.52,2.48"
"465.10,0.18,-12.83,-1.95,-0.51,-10.96,-1.05,2.54,2.48"
"466.11,-1.47,-11.77,0.73,-0.27,-8.58,1.07,2.52,2.48"
"467.12,1.13,-11.61,-0.35,0.54,-10.80,-0.19,2.53,2.48"
"468.13,3.30,-10.31,1.38,0.95,-5.59,1.25,2.53,2.49"
"469.14,-0.27,-11.31,-0.75,0.39,-8.01,-0.16,2.53,2.48"
"470.15,0.52,-7.27,-0.69,1.39,-5.61,0.03,2.52,2.49"
"471.16,-0.27,-16.43,0.25,2.38,-15.42,1.06,2.53,2.48"
"472.17,3.59,-7.86,0.96,0.97,-15.43,-1.29,2.52,2.49"
"473.18,-3.02,-6.81,0.01,0.83,-6.04,1.92,2.55,2.48"
"474.19,-0.41,-5.76,-0.19,1.74,-8.29,-0.20,2.54,2.49"
"475.20,1.98,-19.19,2.05,1.91,-13.52,1.24,2.51,2.49"
"476.21,2.42,-10.72,0.46,4.46,-5.64,1.59,2.52,2.49"
"477.22,-2.51,-6.94,0.11,0.94,0.20,1.69,2.52,2.49"
"478.23,0.98,-14.63,-0.65,1.63,-11.64,-0.11,2.51,2.48"
"479.24,3.94,-11.88,-0.06,2.34,-12.53,1.52,2.52,2.48"
"480.25,3.45,-8.54,0.84,1.17,-7.67,0.50,2.54,2.49"
"481.26,-0.90,-8.05,-0.62,1.00,-8.78,-0.88,2.52,2.49"
"482.27,-1.63,-13.23,1.08,3.14,-10.61,2.41,2.53,2.50"
"483.28,0.63,-10.40,0.41,1.23,-9.38,0.94,2.53,2.48"
"484.29,-0.30,-19.06,0.90,3.01,-13.34,3.22,2.52,2.49"
"485.30,0.62,-10.39,-0.49,-0.60,-8.92,-0.60,2.53,2.49"
"486.31,-0.62,-10.52,0.08,0.04,-10.24,0.64,2.53,2.50"
"487.32,0.82,-9.34,-1.75,-0.18,-7.83,-2.10,2.52,2.49"
"488.33,1.70,-2.94,0.51,3.16,-4.61,0.46,2.53,2.48"
"489.33,1.22,-10.25,0.57,1.38,-7.71,0.29,2.52,2.48"
"490.35,1.86,-5.94,-1.87,1.44,-6.53,-2.59,2.52,2.49"
"491.36,1.16,-13.89,0.45,4.00,-7.27,3.39,2.51,2.49"
"492.36,2.62,-7.28,-0.11,-0.33,-8.24,-1.14,2.53,2.50"
"493.38,1.20,-15.06,-0.47,-0.13,-15.31,0.32,2.52,2.49"
"494.39,0.86,-2.33,0.02,2.17,-7.59,-0.96,2.54,2.49"
"495.39,-1.51,-6.71,-1.66,1.30,-11.03,-1.84,2.53,2.50"
"496.40,1.10,-7.47,-0.06,-1.19,-15.22,-2.02,2.52,2.48"
"497.41,0.22,-8.33,1.67,0.57,-5.80,1.09,2.51,2.49"
"498.42,-0.35,-9.41,-2.57,-1.94,-7.71,-2.11,2.53,2.49"
"499.43,0.82,-12.40,-0.33,4.12,-5.82,0.85,2.54,2.50"
"500.44,2.53,-11.11,0.75,1.79,-8.04,0.79,2.53,2.48"
"501.45,-0.40,-5.82,-1.94,0.85,-9.61,-0.90,2.54,2.49"
"502.46,0.90,-11.03,1.30,1.33,-9.76,1.05,2.53,2.49"
"503.47,0.50,-15.84,-1.08,-0.60,-10.44,-1.14,2.52,2.49"
"504.48,1.91,-11.13,1.13,-0.21,-13.63,-0.49,2.51,2.49"
"505.49,2.09,-7.42,-3.24,1.29,-7.89,-4.47,2.51,2.50"
"506.50,0.30,-12.89,-1.04,-1.02,-12.86,-1.37,2.51,2.49"
"507.51,2.66,-10.27,-2.33,1.42,-12.81,-2.68,2.53,2.48"
"508.52,0.84,-11.39,-1.97,0.21,-10.36,-1.50,2.53,2.49"
"509.53,1.29,-12.11,0.51,-0.73,-10.53,0.06,2.52,2.49"
"510.54,-0.74,-10.10,-1.03,-0.48,-10.19,-0.68,2.54,2.48"
"511.55,0.07,-8.07,-0.22,0.98,-8.52,0.74,2.52,2.49"
"512.56,0.83,-13.35,0.28,1.53,-13.79,0.38,2.53,2.49"
"513.57,-0.77,-11.38,-1.79,-0.26,-13.81,-0.78,2.52,2.48"
"514.58,-0.16,-11.97,-0.46,-0.65,-9.75,-1.09,2.52,2.49"
"515.59,-0.27,-10.16,0.39,1.44,-10.48,0.28,2.52,2.48"
"516.60,-0.85,-5.57,-0.72,-1.50,-5.20,-0.25,2.53,2.49"
"517.61,1.54,-10.26,-0.05,1.66,-9.40,-0.63,2.52,2.49"
"518.62,1.82,-8.00,0.23,1.74,-10.74,1.48,2.53,2.49"
"519.63,0.78,-9.80,-0.90,1.03,-5.24,-0.93,2.53,2.49"
"520.64,2.23,-8.18,0.46,1.83,-9.15,0.07,2.55,2.49"
"521.65,1.36,-5.85,1.24,0.80,-11.40,0.79,2.52,2.49"
"522.66,-0.08,-13.57,-1.54,0.78,-15.86,-0.92,2.51,2.49"
"523.67,0.34,-9.51,-0.17,0.40,-8.60,-0.50,2.51,2.50"
"524.68,-0.81,-6.04,1.13,-0.32,-4.62,0.28,2.53,2.48"
"525.69,0.26,-8.15,0.38,-1.68,-10.65,-0.26,2.52,2.49"
"526.70,-0.99,-18.16,-1.10,1.04,-13.20,-0.41,2.52,2.49"
"527.71,0.68,-9.68,0.14,0.46,-9.18,0.04,2.52,2.50"
"528.72,0.63,-9.80,-0.02,0.87,-9.48,-0.01,2.54,2.50"
"529.73,0.52,-9.48,-0.05,0.64,-9.84,-0.01,2.52,2.49"
"530.74,0.72,-9.76,-0.01,0.76,-9.59,-0.03,2.52,2.50"
"531.75,0.60,-9.56,0.02,0.66,-9.65,0.02,2.53,2.49"
"532.76,0.73,-9.92,0.03,0.62,-9.73,0.05,2.52,2.50"
"533.77,0.75,-9.92,0.02,0.75,-9.99,-0.02,2.53,2.49"
"534.77,0.60,-9.87,-0.16,0.73,-9.89,-0.05,2.52,2.49"
